2026-04-10 15:38:58,606 INFO  Logger.cs: 70 - 
--------------------------------------------------------------------------------
2026-04-10 15:38:58,684 INFO  Logger.cs: 71 - Logging commencing for SW2URDF exporter
2026-04-10 15:38:58,684 INFO  Logger.cs: 73 - Commit version 1.5.1-0-g916b5db
2026-04-10 15:38:58,684 INFO  Logger.cs: 74 - Build version 1.5.7152.31018
2026-04-10 15:38:58,793 INFO  SwAddin.cs: 250 - Adding Assembly export to file menu
2026-04-10 15:38:58,793 INFO  SwAddin.cs: 253 - Adding Part export to file menu
2026-04-10 15:38:59,496 INFO  SwAddin.cs: 218 - Connecting plugin to SolidWorks
2026-04-10 17:58:11,144 INFO  SwAddin.cs: 271 - Assembly export called for file Birotor_Assembly.SLDASM
2026-04-10 17:58:15,671 INFO  SwAddin.cs: 290 - Saving assembly
2026-04-10 17:58:16,088 INFO  SwAddin.cs: 293 - Opening property manager
2026-04-10 17:58:16,157 INFO  ExportHelperExtension.cs: 1131 - Retrieving features of type [CoordSys] from Birotor_Assembly.SLDASM
2026-04-10 17:58:16,220 INFO  ExportHelperExtension.cs: 1142 - Found 132 in Birotor_Assembly.SLDASM
2026-04-10 17:58:16,220 INFO  ExportHelperExtension.cs: 1152 - Found 0 features of type [CoordSys] in Birotor_Assembly.SLDASM
2026-04-10 17:58:16,220 INFO  ExportHelperExtension.cs: 1155 - Proceeding through assembly components
2026-04-10 17:58:16,235 INFO  ExportHelperExtension.cs: 1167 - 36 components to check
2026-04-10 17:58:16,235 INFO  ExportHelperExtension.cs: 1131 - Retrieving features of type [CoordSys] from Landing_Gear_in-2
2026-04-10 17:58:16,235 INFO  ExportHelperExtension.cs: 1142 - Found 30 in Landing_Gear_in-2
2026-04-10 17:58:16,235 INFO  ExportHelperExtension.cs: 1152 - Found 0 features of type [CoordSys] in Landing_Gear_in-2
2026-04-10 17:58:16,235 INFO  ExportHelperExtension.cs: 1131 - Retrieving features of type [CoordSys] from Pixhawk Pro FC-1
2026-04-10 17:58:16,235 INFO  ExportHelperExtension.cs: 1142 - Found 23 in Pixhawk Pro FC-1
2026-04-10 17:58:16,235 INFO  ExportHelperExtension.cs: 1152 - Found 0 features of type [CoordSys] in Pixhawk Pro FC-1
2026-04-10 17:58:16,235 INFO  ExportHelperExtension.cs: 1131 - Retrieving features of type [CoordSys] from Landing_Gear_in-5
2026-04-10 17:58:16,235 INFO  ExportHelperExtension.cs: 1142 - Found 30 in Landing_Gear_in-5
2026-04-10 17:58:16,235 INFO  ExportHelperExtension.cs: 1152 - Found 0 features of type [CoordSys] in Landing_Gear_in-5
2026-04-10 17:58:16,235 INFO  ExportHelperExtension.cs: 1131 - Retrieving features of type [CoordSys] from Landing_Gear_in-4
2026-04-10 17:58:16,235 INFO  ExportHelperExtension.cs: 1142 - Found 30 in Landing_Gear_in-4
2026-04-10 17:58:16,235 INFO  ExportHelperExtension.cs: 1152 - Found 0 features of type [CoordSys] in Landing_Gear_in-4
2026-04-10 17:58:16,235 INFO  ExportHelperExtension.cs: 1131 - Retrieving features of type [CoordSys] from Turnigy_2200mAh_3S_20C_Lipo_Pack-1
2026-04-10 17:58:16,235 INFO  ExportHelperExtension.cs: 1142 - Found 29 in Turnigy_2200mAh_3S_20C_Lipo_Pack-1
2026-04-10 17:58:16,235 INFO  ExportHelperExtension.cs: 1152 - Found 0 features of type [CoordSys] in Turnigy_2200mAh_3S_20C_Lipo_Pack-1
2026-04-10 17:58:16,235 INFO  ExportHelperExtension.cs: 1131 - Retrieving features of type [CoordSys] from Landing_Gear_in-3
2026-04-10 17:58:16,235 INFO  ExportHelperExtension.cs: 1142 - Found 30 in Landing_Gear_in-3
2026-04-10 17:58:16,235 INFO  ExportHelperExtension.cs: 1152 - Found 0 features of type [CoordSys] in Landing_Gear_in-3
2026-04-10 17:58:16,235 INFO  ExportHelperExtension.cs: 1131 - Retrieving features of type [CoordSys] from BLDCMotor-1
2026-04-10 17:58:16,235 INFO  ExportHelperExtension.cs: 1142 - Found 70 in BLDCMotor-1
2026-04-10 17:58:16,235 INFO  ExportHelperExtension.cs: 1152 - Found 0 features of type [CoordSys] in BLDCMotor-1
2026-04-10 17:58:16,235 INFO  ExportHelperExtension.cs: 1131 - Retrieving features of type [CoordSys] from GPSBase-1
2026-04-10 17:58:16,235 INFO  ExportHelperExtension.cs: 1142 - Found 23 in GPSBase-1
2026-04-10 17:58:16,235 INFO  ExportHelperExtension.cs: 1152 - Found 0 features of type [CoordSys] in GPSBase-1
2026-04-10 17:58:16,235 INFO  ExportHelperExtension.cs: 1131 - Retrieving features of type [CoordSys] from ClampBottom-1
2026-04-10 17:58:16,251 INFO  ExportHelperExtension.cs: 1142 - Found 23 in ClampBottom-1
2026-04-10 17:58:16,251 INFO  ExportHelperExtension.cs: 1152 - Found 0 features of type [CoordSys] in ClampBottom-1
2026-04-10 17:58:16,251 INFO  ExportHelperExtension.cs: 1131 - Retrieving features of type [CoordSys] from GPSBottom-1
2026-04-10 17:58:16,251 INFO  ExportHelperExtension.cs: 1142 - Found 34 in GPSBottom-1
2026-04-10 17:58:16,251 INFO  ExportHelperExtension.cs: 1152 - Found 0 features of type [CoordSys] in GPSBottom-1
2026-04-10 17:58:16,251 INFO  ExportHelperExtension.cs: 1131 - Retrieving features of type [CoordSys] from Tube-1
2026-04-10 17:58:16,251 INFO  ExportHelperExtension.cs: 1142 - Found 26 in Tube-1
2026-04-10 17:58:16,251 INFO  ExportHelperExtension.cs: 1152 - Found 0 features of type [CoordSys] in Tube-1
2026-04-10 17:58:16,251 INFO  ExportHelperExtension.cs: 1131 - Retrieving features of type [CoordSys] from MotorMountBase-1
2026-04-10 17:58:16,251 INFO  ExportHelperExtension.cs: 1142 - Found 30 in MotorMountBase-1
2026-04-10 17:58:16,257 INFO  ExportHelperExtension.cs: 1152 - Found 0 features of type [CoordSys] in MotorMountBase-1
2026-04-10 17:58:16,257 INFO  ExportHelperExtension.cs: 1131 - Retrieving features of type [CoordSys] from VerticalSpacer-2
2026-04-10 17:58:16,257 INFO  ExportHelperExtension.cs: 1142 - Found 23 in VerticalSpacer-2
2026-04-10 17:58:16,257 INFO  ExportHelperExtension.cs: 1152 - Found 0 features of type [CoordSys] in VerticalSpacer-2
2026-04-10 17:58:16,257 INFO  ExportHelperExtension.cs: 1131 - Retrieving features of type [CoordSys] from BottomPlate-3
2026-04-10 17:58:16,257 INFO  ExportHelperExtension.cs: 1142 - Found 23 in BottomPlate-3
2026-04-10 17:58:16,257 INFO  ExportHelperExtension.cs: 1152 - Found 0 features of type [CoordSys] in BottomPlate-3
2026-04-10 17:58:16,257 INFO  ExportHelperExtension.cs: 1131 - Retrieving features of type [CoordSys] from Motor_Mount2_in-1
2026-04-10 17:58:16,257 INFO  ExportHelperExtension.cs: 1142 - Found 53 in Motor_Mount2_in-1
2026-04-10 17:58:16,257 INFO  ExportHelperExtension.cs: 1152 - Found 0 features of type [CoordSys] in Motor_Mount2_in-1
2026-04-10 17:58:16,257 INFO  ExportHelperExtension.cs: 1131 - Retrieving features of type [CoordSys] from VerticalSpacer-1
2026-04-10 17:58:16,257 INFO  ExportHelperExtension.cs: 1142 - Found 23 in VerticalSpacer-1
2026-04-10 17:58:16,257 INFO  ExportHelperExtension.cs: 1152 - Found 0 features of type [CoordSys] in VerticalSpacer-1
2026-04-10 17:58:16,257 INFO  ExportHelperExtension.cs: 1131 - Retrieving features of type [CoordSys] from TopPlate-3
2026-04-10 17:58:16,257 INFO  ExportHelperExtension.cs: 1142 - Found 25 in TopPlate-3
2026-04-10 17:58:16,257 INFO  ExportHelperExtension.cs: 1152 - Found 0 features of type [CoordSys] in TopPlate-3
2026-04-10 17:58:16,257 INFO  ExportHelperExtension.cs: 1131 - Retrieving features of type [CoordSys] from ClampTop-2
2026-04-10 17:58:16,257 INFO  ExportHelperExtension.cs: 1142 - Found 23 in ClampTop-2
2026-04-10 17:58:16,257 INFO  ExportHelperExtension.cs: 1152 - Found 0 features of type [CoordSys] in ClampTop-2
2026-04-10 17:58:16,257 INFO  ExportHelperExtension.cs: 1131 - Retrieving features of type [CoordSys] from MotorMount3-2
2026-04-10 17:58:16,257 INFO  ExportHelperExtension.cs: 1142 - Found 35 in MotorMount3-2
2026-04-10 17:58:16,257 INFO  ExportHelperExtension.cs: 1152 - Found 0 features of type [CoordSys] in MotorMount3-2
2026-04-10 17:58:16,257 INFO  ExportHelperExtension.cs: 1131 - Retrieving features of type [CoordSys] from MotorMountBase-2
2026-04-10 17:58:16,257 INFO  ExportHelperExtension.cs: 1142 - Found 30 in MotorMountBase-2
2026-04-10 17:58:16,257 INFO  ExportHelperExtension.cs: 1152 - Found 0 features of type [CoordSys] in MotorMountBase-2
2026-04-10 17:58:16,257 INFO  ExportHelperExtension.cs: 1131 - Retrieving features of type [CoordSys] from MotorMount3-1
2026-04-10 17:58:16,257 INFO  ExportHelperExtension.cs: 1142 - Found 35 in MotorMount3-1
2026-04-10 17:58:16,273 INFO  ExportHelperExtension.cs: 1152 - Found 0 features of type [CoordSys] in MotorMount3-1
2026-04-10 17:58:16,273 INFO  ExportHelperExtension.cs: 1131 - Retrieving features of type [CoordSys] from servoMG90S-1
2026-04-10 17:58:16,273 INFO  ExportHelperExtension.cs: 1142 - Found 53 in servoMG90S-1
2026-04-10 17:58:16,273 INFO  ExportHelperExtension.cs: 1152 - Found 0 features of type [CoordSys] in servoMG90S-1
2026-04-10 17:58:16,273 INFO  ExportHelperExtension.cs: 1131 - Retrieving features of type [CoordSys] from MotorMount1-1
2026-04-10 17:58:16,273 INFO  ExportHelperExtension.cs: 1142 - Found 23 in MotorMount1-1
2026-04-10 17:58:16,273 INFO  ExportHelperExtension.cs: 1152 - Found 0 features of type [CoordSys] in MotorMount1-1
2026-04-10 17:58:16,273 INFO  ExportHelperExtension.cs: 1131 - Retrieving features of type [CoordSys] from MotorMount1-4
2026-04-10 17:58:16,273 INFO  ExportHelperExtension.cs: 1142 - Found 23 in MotorMount1-4
2026-04-10 17:58:16,273 INFO  ExportHelperExtension.cs: 1152 - Found 0 features of type [CoordSys] in MotorMount1-4
2026-04-10 17:58:16,273 INFO  ExportHelperExtension.cs: 1131 - Retrieving features of type [CoordSys] from servoMG90S-7
2026-04-10 17:58:16,273 INFO  ExportHelperExtension.cs: 1142 - Found 53 in servoMG90S-7
2026-04-10 17:58:16,273 INFO  ExportHelperExtension.cs: 1152 - Found 0 features of type [CoordSys] in servoMG90S-7
2026-04-10 17:58:16,273 INFO  ExportHelperExtension.cs: 1131 - Retrieving features of type [CoordSys] from BLDCMotor_in-3
2026-04-10 17:58:16,273 INFO  ExportHelperExtension.cs: 1142 - Found 70 in BLDCMotor_in-3
2026-04-10 17:58:16,273 INFO  ExportHelperExtension.cs: 1152 - Found 0 features of type [CoordSys] in BLDCMotor_in-3
2026-04-10 17:58:16,273 INFO  ExportHelperExtension.cs: 1131 - Retrieving features of type [CoordSys] from Part2^Birotor_Assembly-1
2026-04-10 17:58:16,273 INFO  ExportHelperExtension.cs: 1142 - Found 24 in Part2^Birotor_Assembly-1
2026-04-10 17:58:16,273 INFO  ExportHelperExtension.cs: 1152 - Found 0 features of type [CoordSys] in Part2^Birotor_Assembly-1
2026-04-10 17:58:16,273 INFO  ExportHelperExtension.cs: 1131 - Retrieving features of type [CoordSys] from Propeller CCW Puller-1
2026-04-10 17:58:16,320 INFO  ExportHelperExtension.cs: 1142 - Found 23 in Propeller CCW Puller-1
2026-04-10 17:58:16,320 INFO  ExportHelperExtension.cs: 1152 - Found 0 features of type [CoordSys] in Propeller CCW Puller-1
2026-04-10 17:58:16,320 INFO  ExportHelperExtension.cs: 1131 - Retrieving features of type [CoordSys] from Propeller CW Puller-1
2026-04-10 17:58:16,320 INFO  ExportHelperExtension.cs: 1142 - Found 23 in Propeller CW Puller-1
2026-04-10 17:58:16,320 INFO  ExportHelperExtension.cs: 1152 - Found 0 features of type [CoordSys] in Propeller CW Puller-1
2026-04-10 17:58:16,320 INFO  ExportHelperExtension.cs: 1131 - Retrieving features of type [CoordSys] from MG90S horn_in-1
2026-04-10 17:58:16,320 INFO  ExportHelperExtension.cs: 1142 - Found 23 in MG90S horn_in-1
2026-04-10 17:58:16,320 INFO  ExportHelperExtension.cs: 1152 - Found 0 features of type [CoordSys] in MG90S horn_in-1
2026-04-10 17:58:16,320 INFO  ExportHelperExtension.cs: 1131 - Retrieving features of type [CoordSys] from MG90S horn_in-2
2026-04-10 17:58:16,320 INFO  ExportHelperExtension.cs: 1142 - Found 23 in MG90S horn_in-2
2026-04-10 17:58:16,320 INFO  ExportHelperExtension.cs: 1152 - Found 0 features of type [CoordSys] in MG90S horn_in-2
2026-04-10 17:58:16,320 INFO  ExportHelperExtension.cs: 1131 - Retrieving features of type [CoordSys] from servoMG90S-4
2026-04-10 17:58:16,320 INFO  ExportHelperExtension.cs: 1142 - Found 53 in servoMG90S-4
2026-04-10 17:58:16,320 INFO  ExportHelperExtension.cs: 1152 - Found 0 features of type [CoordSys] in servoMG90S-4
2026-04-10 17:58:16,320 INFO  ExportHelperExtension.cs: 1131 - Retrieving features of type [CoordSys] from MG90S horn_in-5
2026-04-10 17:58:16,320 INFO  ExportHelperExtension.cs: 1142 - Found 23 in MG90S horn_in-5
2026-04-10 17:58:16,320 INFO  ExportHelperExtension.cs: 1152 - Found 0 features of type [CoordSys] in MG90S horn_in-5
2026-04-10 17:58:16,320 INFO  ExportHelperExtension.cs: 1131 - Retrieving features of type [CoordSys] from MG90S horn_in-7
2026-04-10 17:58:16,320 INFO  ExportHelperExtension.cs: 1142 - Found 23 in MG90S horn_in-7
2026-04-10 17:58:16,320 INFO  ExportHelperExtension.cs: 1152 - Found 0 features of type [CoordSys] in MG90S horn_in-7
2026-04-10 17:58:16,320 INFO  ExportHelperExtension.cs: 1131 - Retrieving features of type [CoordSys] from Motor_Mount2-2
2026-04-10 17:58:16,320 INFO  ExportHelperExtension.cs: 1142 - Found 53 in Motor_Mount2-2
2026-04-10 17:58:16,320 INFO  ExportHelperExtension.cs: 1152 - Found 0 features of type [CoordSys] in Motor_Mount2-2
2026-04-10 17:58:16,320 INFO  ExportHelperExtension.cs: 1131 - Retrieving features of type [CoordSys] from servoMG90S-2
2026-04-10 17:58:16,320 INFO  ExportHelperExtension.cs: 1142 - Found 53 in servoMG90S-2
2026-04-10 17:58:16,320 INFO  ExportHelperExtension.cs: 1152 - Found 0 features of type [CoordSys] in servoMG90S-2
2026-04-10 17:58:16,320 INFO  ExportHelperExtension.cs: 1131 - Retrieving features of type [RefAxis] from Birotor_Assembly.SLDASM
2026-04-10 17:58:16,320 INFO  ExportHelperExtension.cs: 1142 - Found 132 in Birotor_Assembly.SLDASM
2026-04-10 17:58:16,336 INFO  ExportHelperExtension.cs: 1152 - Found 0 features of type [RefAxis] in Birotor_Assembly.SLDASM
2026-04-10 17:58:16,336 INFO  ExportHelperExtension.cs: 1155 - Proceeding through assembly components
2026-04-10 17:58:16,336 INFO  ExportHelperExtension.cs: 1167 - 36 components to check
2026-04-10 17:58:16,336 INFO  ExportHelperExtension.cs: 1131 - Retrieving features of type [RefAxis] from Landing_Gear_in-2
2026-04-10 17:58:16,336 INFO  ExportHelperExtension.cs: 1142 - Found 30 in Landing_Gear_in-2
2026-04-10 17:58:16,336 INFO  ExportHelperExtension.cs: 1152 - Found 0 features of type [RefAxis] in Landing_Gear_in-2
2026-04-10 17:58:16,336 INFO  ExportHelperExtension.cs: 1131 - Retrieving features of type [RefAxis] from Pixhawk Pro FC-1
2026-04-10 17:58:16,336 INFO  ExportHelperExtension.cs: 1142 - Found 23 in Pixhawk Pro FC-1
2026-04-10 17:58:16,336 INFO  ExportHelperExtension.cs: 1152 - Found 0 features of type [RefAxis] in Pixhawk Pro FC-1
2026-04-10 17:58:16,336 INFO  ExportHelperExtension.cs: 1131 - Retrieving features of type [RefAxis] from Landing_Gear_in-5
2026-04-10 17:58:16,336 INFO  ExportHelperExtension.cs: 1142 - Found 30 in Landing_Gear_in-5
2026-04-10 17:58:16,336 INFO  ExportHelperExtension.cs: 1152 - Found 0 features of type [RefAxis] in Landing_Gear_in-5
2026-04-10 17:58:16,336 INFO  ExportHelperExtension.cs: 1131 - Retrieving features of type [RefAxis] from Landing_Gear_in-4
2026-04-10 17:58:16,336 INFO  ExportHelperExtension.cs: 1142 - Found 30 in Landing_Gear_in-4
2026-04-10 17:58:16,336 INFO  ExportHelperExtension.cs: 1152 - Found 0 features of type [RefAxis] in Landing_Gear_in-4
2026-04-10 17:58:16,336 INFO  ExportHelperExtension.cs: 1131 - Retrieving features of type [RefAxis] from Turnigy_2200mAh_3S_20C_Lipo_Pack-1
2026-04-10 17:58:16,336 INFO  ExportHelperExtension.cs: 1142 - Found 29 in Turnigy_2200mAh_3S_20C_Lipo_Pack-1
2026-04-10 17:58:16,336 INFO  ExportHelperExtension.cs: 1152 - Found 0 features of type [RefAxis] in Turnigy_2200mAh_3S_20C_Lipo_Pack-1
2026-04-10 17:58:16,336 INFO  ExportHelperExtension.cs: 1131 - Retrieving features of type [RefAxis] from Landing_Gear_in-3
2026-04-10 17:58:16,336 INFO  ExportHelperExtension.cs: 1142 - Found 30 in Landing_Gear_in-3
2026-04-10 17:58:16,336 INFO  ExportHelperExtension.cs: 1152 - Found 0 features of type [RefAxis] in Landing_Gear_in-3
2026-04-10 17:58:16,336 INFO  ExportHelperExtension.cs: 1131 - Retrieving features of type [RefAxis] from BLDCMotor-1
2026-04-10 17:58:16,336 INFO  ExportHelperExtension.cs: 1142 - Found 70 in BLDCMotor-1
2026-04-10 17:58:16,336 INFO  ExportHelperExtension.cs: 1152 - Found 0 features of type [RefAxis] in BLDCMotor-1
2026-04-10 17:58:16,336 INFO  ExportHelperExtension.cs: 1131 - Retrieving features of type [RefAxis] from GPSBase-1
2026-04-10 17:58:16,336 INFO  ExportHelperExtension.cs: 1142 - Found 23 in GPSBase-1
2026-04-10 17:58:16,336 INFO  ExportHelperExtension.cs: 1152 - Found 0 features of type [RefAxis] in GPSBase-1
2026-04-10 17:58:16,336 INFO  ExportHelperExtension.cs: 1131 - Retrieving features of type [RefAxis] from ClampBottom-1
2026-04-10 17:58:16,336 INFO  ExportHelperExtension.cs: 1142 - Found 23 in ClampBottom-1
2026-04-10 17:58:16,336 INFO  ExportHelperExtension.cs: 1152 - Found 0 features of type [RefAxis] in ClampBottom-1
2026-04-10 17:58:16,336 INFO  ExportHelperExtension.cs: 1131 - Retrieving features of type [RefAxis] from GPSBottom-1
2026-04-10 17:58:16,336 INFO  ExportHelperExtension.cs: 1142 - Found 34 in GPSBottom-1
2026-04-10 17:58:16,336 INFO  ExportHelperExtension.cs: 1152 - Found 0 features of type [RefAxis] in GPSBottom-1
2026-04-10 17:58:16,336 INFO  ExportHelperExtension.cs: 1131 - Retrieving features of type [RefAxis] from Tube-1
2026-04-10 17:58:16,336 INFO  ExportHelperExtension.cs: 1142 - Found 26 in Tube-1
2026-04-10 17:58:16,336 INFO  ExportHelperExtension.cs: 1152 - Found 0 features of type [RefAxis] in Tube-1
2026-04-10 17:58:16,336 INFO  ExportHelperExtension.cs: 1131 - Retrieving features of type [RefAxis] from MotorMountBase-1
2026-04-10 17:58:16,336 INFO  ExportHelperExtension.cs: 1142 - Found 30 in MotorMountBase-1
2026-04-10 17:58:16,351 INFO  ExportHelperExtension.cs: 1152 - Found 0 features of type [RefAxis] in MotorMountBase-1
2026-04-10 17:58:16,351 INFO  ExportHelperExtension.cs: 1131 - Retrieving features of type [RefAxis] from VerticalSpacer-2
2026-04-10 17:58:16,351 INFO  ExportHelperExtension.cs: 1142 - Found 23 in VerticalSpacer-2
2026-04-10 17:58:16,351 INFO  ExportHelperExtension.cs: 1152 - Found 0 features of type [RefAxis] in VerticalSpacer-2
2026-04-10 17:58:16,351 INFO  ExportHelperExtension.cs: 1131 - Retrieving features of type [RefAxis] from BottomPlate-3
2026-04-10 17:58:16,351 INFO  ExportHelperExtension.cs: 1142 - Found 23 in BottomPlate-3
2026-04-10 17:58:16,351 INFO  ExportHelperExtension.cs: 1152 - Found 0 features of type [RefAxis] in BottomPlate-3
2026-04-10 17:58:16,351 INFO  ExportHelperExtension.cs: 1131 - Retrieving features of type [RefAxis] from Motor_Mount2_in-1
2026-04-10 17:58:16,351 INFO  ExportHelperExtension.cs: 1142 - Found 53 in Motor_Mount2_in-1
2026-04-10 17:58:16,351 INFO  ExportHelperExtension.cs: 1152 - Found 0 features of type [RefAxis] in Motor_Mount2_in-1
2026-04-10 17:58:16,351 INFO  ExportHelperExtension.cs: 1131 - Retrieving features of type [RefAxis] from VerticalSpacer-1
2026-04-10 17:58:16,358 INFO  ExportHelperExtension.cs: 1142 - Found 23 in VerticalSpacer-1
2026-04-10 17:58:16,358 INFO  ExportHelperExtension.cs: 1152 - Found 0 features of type [RefAxis] in VerticalSpacer-1
2026-04-10 17:58:16,358 INFO  ExportHelperExtension.cs: 1131 - Retrieving features of type [RefAxis] from TopPlate-3
2026-04-10 17:58:16,358 INFO  ExportHelperExtension.cs: 1142 - Found 25 in TopPlate-3
2026-04-10 17:58:16,358 INFO  ExportHelperExtension.cs: 1152 - Found 0 features of type [RefAxis] in TopPlate-3
2026-04-10 17:58:16,358 INFO  ExportHelperExtension.cs: 1131 - Retrieving features of type [RefAxis] from ClampTop-2
2026-04-10 17:58:16,358 INFO  ExportHelperExtension.cs: 1142 - Found 23 in ClampTop-2
2026-04-10 17:58:16,358 INFO  ExportHelperExtension.cs: 1152 - Found 0 features of type [RefAxis] in ClampTop-2
2026-04-10 17:58:16,358 INFO  ExportHelperExtension.cs: 1131 - Retrieving features of type [RefAxis] from MotorMount3-2
2026-04-10 17:58:16,358 INFO  ExportHelperExtension.cs: 1142 - Found 35 in MotorMount3-2
2026-04-10 17:58:16,358 INFO  ExportHelperExtension.cs: 1152 - Found 0 features of type [RefAxis] in MotorMount3-2
2026-04-10 17:58:16,358 INFO  ExportHelperExtension.cs: 1131 - Retrieving features of type [RefAxis] from MotorMountBase-2
2026-04-10 17:58:16,358 INFO  ExportHelperExtension.cs: 1142 - Found 30 in MotorMountBase-2
2026-04-10 17:58:16,358 INFO  ExportHelperExtension.cs: 1152 - Found 0 features of type [RefAxis] in MotorMountBase-2
2026-04-10 17:58:16,358 INFO  ExportHelperExtension.cs: 1131 - Retrieving features of type [RefAxis] from MotorMount3-1
2026-04-10 17:58:16,358 INFO  ExportHelperExtension.cs: 1142 - Found 35 in MotorMount3-1
2026-04-10 17:58:16,358 INFO  ExportHelperExtension.cs: 1152 - Found 0 features of type [RefAxis] in MotorMount3-1
2026-04-10 17:58:16,358 INFO  ExportHelperExtension.cs: 1131 - Retrieving features of type [RefAxis] from servoMG90S-1
2026-04-10 17:58:16,358 INFO  ExportHelperExtension.cs: 1142 - Found 53 in servoMG90S-1
2026-04-10 17:58:16,358 INFO  ExportHelperExtension.cs: 1152 - Found 0 features of type [RefAxis] in servoMG90S-1
2026-04-10 17:58:16,358 INFO  ExportHelperExtension.cs: 1131 - Retrieving features of type [RefAxis] from MotorMount1-1
2026-04-10 17:58:16,358 INFO  ExportHelperExtension.cs: 1142 - Found 23 in MotorMount1-1
2026-04-10 17:58:16,358 INFO  ExportHelperExtension.cs: 1152 - Found 0 features of type [RefAxis] in MotorMount1-1
2026-04-10 17:58:16,358 INFO  ExportHelperExtension.cs: 1131 - Retrieving features of type [RefAxis] from MotorMount1-4
2026-04-10 17:58:16,358 INFO  ExportHelperExtension.cs: 1142 - Found 23 in MotorMount1-4
2026-04-10 17:58:16,358 INFO  ExportHelperExtension.cs: 1152 - Found 0 features of type [RefAxis] in MotorMount1-4
2026-04-10 17:58:16,358 INFO  ExportHelperExtension.cs: 1131 - Retrieving features of type [RefAxis] from servoMG90S-7
2026-04-10 17:58:16,373 INFO  ExportHelperExtension.cs: 1142 - Found 53 in servoMG90S-7
2026-04-10 17:58:16,373 INFO  ExportHelperExtension.cs: 1152 - Found 0 features of type [RefAxis] in servoMG90S-7
2026-04-10 17:58:16,373 INFO  ExportHelperExtension.cs: 1131 - Retrieving features of type [RefAxis] from BLDCMotor_in-3
2026-04-10 17:58:16,373 INFO  ExportHelperExtension.cs: 1142 - Found 70 in BLDCMotor_in-3
2026-04-10 17:58:16,373 INFO  ExportHelperExtension.cs: 1152 - Found 0 features of type [RefAxis] in BLDCMotor_in-3
2026-04-10 17:58:16,373 INFO  ExportHelperExtension.cs: 1131 - Retrieving features of type [RefAxis] from Part2^Birotor_Assembly-1
2026-04-10 17:58:16,373 INFO  ExportHelperExtension.cs: 1142 - Found 24 in Part2^Birotor_Assembly-1
2026-04-10 17:58:16,373 INFO  ExportHelperExtension.cs: 1152 - Found 0 features of type [RefAxis] in Part2^Birotor_Assembly-1
2026-04-10 17:58:16,373 INFO  ExportHelperExtension.cs: 1131 - Retrieving features of type [RefAxis] from Propeller CCW Puller-1
2026-04-10 17:58:16,373 INFO  ExportHelperExtension.cs: 1142 - Found 23 in Propeller CCW Puller-1
2026-04-10 17:58:16,373 INFO  ExportHelperExtension.cs: 1152 - Found 0 features of type [RefAxis] in Propeller CCW Puller-1
2026-04-10 17:58:16,373 INFO  ExportHelperExtension.cs: 1131 - Retrieving features of type [RefAxis] from Propeller CW Puller-1
2026-04-10 17:58:16,373 INFO  ExportHelperExtension.cs: 1142 - Found 23 in Propeller CW Puller-1
2026-04-10 17:58:16,373 INFO  ExportHelperExtension.cs: 1152 - Found 0 features of type [RefAxis] in Propeller CW Puller-1
2026-04-10 17:58:16,373 INFO  ExportHelperExtension.cs: 1131 - Retrieving features of type [RefAxis] from MG90S horn_in-1
2026-04-10 17:58:16,373 INFO  ExportHelperExtension.cs: 1142 - Found 23 in MG90S horn_in-1
2026-04-10 17:58:16,373 INFO  ExportHelperExtension.cs: 1152 - Found 0 features of type [RefAxis] in MG90S horn_in-1
2026-04-10 17:58:16,373 INFO  ExportHelperExtension.cs: 1131 - Retrieving features of type [RefAxis] from MG90S horn_in-2
2026-04-10 17:58:16,373 INFO  ExportHelperExtension.cs: 1142 - Found 23 in MG90S horn_in-2
2026-04-10 17:58:16,373 INFO  ExportHelperExtension.cs: 1152 - Found 0 features of type [RefAxis] in MG90S horn_in-2
2026-04-10 17:58:16,373 INFO  ExportHelperExtension.cs: 1131 - Retrieving features of type [RefAxis] from servoMG90S-4
2026-04-10 17:58:16,373 INFO  ExportHelperExtension.cs: 1142 - Found 53 in servoMG90S-4
2026-04-10 17:58:16,373 INFO  ExportHelperExtension.cs: 1152 - Found 0 features of type [RefAxis] in servoMG90S-4
2026-04-10 17:58:16,373 INFO  ExportHelperExtension.cs: 1131 - Retrieving features of type [RefAxis] from MG90S horn_in-5
2026-04-10 17:58:16,373 INFO  ExportHelperExtension.cs: 1142 - Found 23 in MG90S horn_in-5
2026-04-10 17:58:16,373 INFO  ExportHelperExtension.cs: 1152 - Found 0 features of type [RefAxis] in MG90S horn_in-5
2026-04-10 17:58:16,373 INFO  ExportHelperExtension.cs: 1131 - Retrieving features of type [RefAxis] from MG90S horn_in-7
2026-04-10 17:58:16,373 INFO  ExportHelperExtension.cs: 1142 - Found 23 in MG90S horn_in-7
2026-04-10 17:58:16,373 INFO  ExportHelperExtension.cs: 1152 - Found 0 features of type [RefAxis] in MG90S horn_in-7
2026-04-10 17:58:16,373 INFO  ExportHelperExtension.cs: 1131 - Retrieving features of type [RefAxis] from Motor_Mount2-2
2026-04-10 17:58:16,373 INFO  ExportHelperExtension.cs: 1142 - Found 53 in Motor_Mount2-2
2026-04-10 17:58:16,373 INFO  ExportHelperExtension.cs: 1152 - Found 0 features of type [RefAxis] in Motor_Mount2-2
2026-04-10 17:58:16,373 INFO  ExportHelperExtension.cs: 1131 - Retrieving features of type [RefAxis] from servoMG90S-2
2026-04-10 17:58:16,389 INFO  ExportHelperExtension.cs: 1142 - Found 53 in servoMG90S-2
2026-04-10 17:58:16,389 INFO  ExportHelperExtension.cs: 1152 - Found 0 features of type [RefAxis] in servoMG90S-2
2026-04-10 17:58:16,621 INFO  SwAddin.cs: 316 - Loading config tree
2026-04-10 17:58:16,636 INFO  ExportPropertyManagerExtension.cs: 597 - Starting new configuration
2026-04-10 17:58:16,636 INFO  SwAddin.cs: 321 - Showing property manager
2026-04-10 17:58:19,144 INFO  ExportPropertyManager.cs: 450 - Configuration canceled
2026-04-10 17:58:19,213 INFO  ExportPropertyManager.cs: 1184 - AfterClose called. This method no longer throws an Exception. It just silently does nothing. Ok, except for this logging message
2026-04-10 18:08:35,413 INFO  SwAddin.cs: 271 - Assembly export called for file Birotor_Assembly.SLDASM
2026-04-10 18:08:35,415 INFO  SwAddin.cs: 276 - Save is required
2026-04-10 18:08:35,415 INFO  SwAddin.cs: 290 - Saving assembly
2026-04-10 18:08:36,062 INFO  SwAddin.cs: 293 - Opening property manager
2026-04-10 18:08:36,062 INFO  ExportHelperExtension.cs: 1131 - Retrieving features of type [CoordSys] from Birotor_Assembly.SLDASM
2026-04-10 18:08:36,066 INFO  ExportHelperExtension.cs: 1142 - Found 146 in Birotor_Assembly.SLDASM
2026-04-10 18:08:36,066 INFO  ExportHelperExtension.cs: 1152 - Found 7 features of type [CoordSys] in Birotor_Assembly.SLDASM
2026-04-10 18:08:36,066 INFO  ExportHelperExtension.cs: 1155 - Proceeding through assembly components
2026-04-10 18:08:36,066 INFO  ExportHelperExtension.cs: 1167 - 36 components to check
2026-04-10 18:08:36,066 INFO  ExportHelperExtension.cs: 1131 - Retrieving features of type [CoordSys] from Landing_Gear_in-2
2026-04-10 18:08:36,066 INFO  ExportHelperExtension.cs: 1142 - Found 30 in Landing_Gear_in-2
2026-04-10 18:08:36,066 INFO  ExportHelperExtension.cs: 1152 - Found 0 features of type [CoordSys] in Landing_Gear_in-2
2026-04-10 18:08:36,070 INFO  ExportHelperExtension.cs: 1131 - Retrieving features of type [CoordSys] from Pixhawk Pro FC-1
2026-04-10 18:08:36,070 INFO  ExportHelperExtension.cs: 1142 - Found 23 in Pixhawk Pro FC-1
2026-04-10 18:08:36,070 INFO  ExportHelperExtension.cs: 1152 - Found 0 features of type [CoordSys] in Pixhawk Pro FC-1
2026-04-10 18:08:36,070 INFO  ExportHelperExtension.cs: 1131 - Retrieving features of type [CoordSys] from Landing_Gear_in-5
2026-04-10 18:08:36,070 INFO  ExportHelperExtension.cs: 1142 - Found 30 in Landing_Gear_in-5
2026-04-10 18:08:36,070 INFO  ExportHelperExtension.cs: 1152 - Found 0 features of type [CoordSys] in Landing_Gear_in-5
2026-04-10 18:08:36,070 INFO  ExportHelperExtension.cs: 1131 - Retrieving features of type [CoordSys] from Landing_Gear_in-4
2026-04-10 18:08:36,070 INFO  ExportHelperExtension.cs: 1142 - Found 30 in Landing_Gear_in-4
2026-04-10 18:08:36,070 INFO  ExportHelperExtension.cs: 1152 - Found 0 features of type [CoordSys] in Landing_Gear_in-4
2026-04-10 18:08:36,070 INFO  ExportHelperExtension.cs: 1131 - Retrieving features of type [CoordSys] from Turnigy_2200mAh_3S_20C_Lipo_Pack-1
2026-04-10 18:08:36,074 INFO  ExportHelperExtension.cs: 1142 - Found 29 in Turnigy_2200mAh_3S_20C_Lipo_Pack-1
2026-04-10 18:08:36,074 INFO  ExportHelperExtension.cs: 1152 - Found 0 features of type [CoordSys] in Turnigy_2200mAh_3S_20C_Lipo_Pack-1
2026-04-10 18:08:36,074 INFO  ExportHelperExtension.cs: 1131 - Retrieving features of type [CoordSys] from Landing_Gear_in-3
2026-04-10 18:08:36,074 INFO  ExportHelperExtension.cs: 1142 - Found 30 in Landing_Gear_in-3
2026-04-10 18:08:36,074 INFO  ExportHelperExtension.cs: 1152 - Found 0 features of type [CoordSys] in Landing_Gear_in-3
2026-04-10 18:08:36,074 INFO  ExportHelperExtension.cs: 1131 - Retrieving features of type [CoordSys] from BLDCMotor-1
2026-04-10 18:08:36,074 INFO  ExportHelperExtension.cs: 1142 - Found 70 in BLDCMotor-1
2026-04-10 18:08:36,078 INFO  ExportHelperExtension.cs: 1152 - Found 0 features of type [CoordSys] in BLDCMotor-1
2026-04-10 18:08:36,078 INFO  ExportHelperExtension.cs: 1131 - Retrieving features of type [CoordSys] from GPSBase-1
2026-04-10 18:08:36,078 INFO  ExportHelperExtension.cs: 1142 - Found 23 in GPSBase-1
2026-04-10 18:08:36,078 INFO  ExportHelperExtension.cs: 1152 - Found 0 features of type [CoordSys] in GPSBase-1
2026-04-10 18:08:36,078 INFO  ExportHelperExtension.cs: 1131 - Retrieving features of type [CoordSys] from ClampBottom-1
2026-04-10 18:08:36,082 INFO  ExportHelperExtension.cs: 1142 - Found 23 in ClampBottom-1
2026-04-10 18:08:36,082 INFO  ExportHelperExtension.cs: 1152 - Found 0 features of type [CoordSys] in ClampBottom-1
2026-04-10 18:08:36,082 INFO  ExportHelperExtension.cs: 1131 - Retrieving features of type [CoordSys] from GPSBottom-1
2026-04-10 18:08:36,082 INFO  ExportHelperExtension.cs: 1142 - Found 34 in GPSBottom-1
2026-04-10 18:08:36,082 INFO  ExportHelperExtension.cs: 1152 - Found 0 features of type [CoordSys] in GPSBottom-1
2026-04-10 18:08:36,082 INFO  ExportHelperExtension.cs: 1131 - Retrieving features of type [CoordSys] from Tube-1
2026-04-10 18:08:36,086 INFO  ExportHelperExtension.cs: 1142 - Found 26 in Tube-1
2026-04-10 18:08:36,086 INFO  ExportHelperExtension.cs: 1152 - Found 0 features of type [CoordSys] in Tube-1
2026-04-10 18:08:36,086 INFO  ExportHelperExtension.cs: 1131 - Retrieving features of type [CoordSys] from MotorMountBase-1
2026-04-10 18:08:36,086 INFO  ExportHelperExtension.cs: 1142 - Found 30 in MotorMountBase-1
2026-04-10 18:08:36,086 INFO  ExportHelperExtension.cs: 1152 - Found 0 features of type [CoordSys] in MotorMountBase-1
2026-04-10 18:08:36,086 INFO  ExportHelperExtension.cs: 1131 - Retrieving features of type [CoordSys] from VerticalSpacer-2
2026-04-10 18:08:36,086 INFO  ExportHelperExtension.cs: 1142 - Found 23 in VerticalSpacer-2
2026-04-10 18:08:36,090 INFO  ExportHelperExtension.cs: 1152 - Found 0 features of type [CoordSys] in VerticalSpacer-2
2026-04-10 18:08:36,090 INFO  ExportHelperExtension.cs: 1131 - Retrieving features of type [CoordSys] from BottomPlate-3
2026-04-10 18:08:36,090 INFO  ExportHelperExtension.cs: 1142 - Found 23 in BottomPlate-3
2026-04-10 18:08:36,090 INFO  ExportHelperExtension.cs: 1152 - Found 0 features of type [CoordSys] in BottomPlate-3
2026-04-10 18:08:36,094 INFO  ExportHelperExtension.cs: 1131 - Retrieving features of type [CoordSys] from Motor_Mount2_in-1
2026-04-10 18:08:36,130 INFO  ExportHelperExtension.cs: 1142 - Found 53 in Motor_Mount2_in-1
2026-04-10 18:08:36,134 INFO  ExportHelperExtension.cs: 1152 - Found 0 features of type [CoordSys] in Motor_Mount2_in-1
2026-04-10 18:08:36,134 INFO  ExportHelperExtension.cs: 1131 - Retrieving features of type [CoordSys] from VerticalSpacer-1
2026-04-10 18:08:36,134 INFO  ExportHelperExtension.cs: 1142 - Found 23 in VerticalSpacer-1
2026-04-10 18:08:36,138 INFO  ExportHelperExtension.cs: 1152 - Found 0 features of type [CoordSys] in VerticalSpacer-1
2026-04-10 18:08:36,138 INFO  ExportHelperExtension.cs: 1131 - Retrieving features of type [CoordSys] from TopPlate-3
2026-04-10 18:08:36,138 INFO  ExportHelperExtension.cs: 1142 - Found 25 in TopPlate-3
2026-04-10 18:08:36,138 INFO  ExportHelperExtension.cs: 1152 - Found 0 features of type [CoordSys] in TopPlate-3
2026-04-10 18:08:36,138 INFO  ExportHelperExtension.cs: 1131 - Retrieving features of type [CoordSys] from ClampTop-2
2026-04-10 18:08:36,138 INFO  ExportHelperExtension.cs: 1142 - Found 23 in ClampTop-2
2026-04-10 18:08:36,142 INFO  ExportHelperExtension.cs: 1152 - Found 0 features of type [CoordSys] in ClampTop-2
2026-04-10 18:08:36,142 INFO  ExportHelperExtension.cs: 1131 - Retrieving features of type [CoordSys] from MotorMount3-2
2026-04-10 18:08:36,142 INFO  ExportHelperExtension.cs: 1142 - Found 35 in MotorMount3-2
2026-04-10 18:08:36,142 INFO  ExportHelperExtension.cs: 1152 - Found 0 features of type [CoordSys] in MotorMount3-2
2026-04-10 18:08:36,142 INFO  ExportHelperExtension.cs: 1131 - Retrieving features of type [CoordSys] from MotorMountBase-2
2026-04-10 18:08:36,142 INFO  ExportHelperExtension.cs: 1142 - Found 30 in MotorMountBase-2
2026-04-10 18:08:36,146 INFO  ExportHelperExtension.cs: 1152 - Found 0 features of type [CoordSys] in MotorMountBase-2
2026-04-10 18:08:36,146 INFO  ExportHelperExtension.cs: 1131 - Retrieving features of type [CoordSys] from MotorMount3-1
2026-04-10 18:08:36,146 INFO  ExportHelperExtension.cs: 1142 - Found 35 in MotorMount3-1
2026-04-10 18:08:36,146 INFO  ExportHelperExtension.cs: 1152 - Found 0 features of type [CoordSys] in MotorMount3-1
2026-04-10 18:08:36,146 INFO  ExportHelperExtension.cs: 1131 - Retrieving features of type [CoordSys] from servoMG90S-1
2026-04-10 18:08:36,146 INFO  ExportHelperExtension.cs: 1142 - Found 53 in servoMG90S-1
2026-04-10 18:08:36,146 INFO  ExportHelperExtension.cs: 1152 - Found 0 features of type [CoordSys] in servoMG90S-1
2026-04-10 18:08:36,146 INFO  ExportHelperExtension.cs: 1131 - Retrieving features of type [CoordSys] from MotorMount1-1
2026-04-10 18:08:36,146 INFO  ExportHelperExtension.cs: 1142 - Found 23 in MotorMount1-1
2026-04-10 18:08:36,150 INFO  ExportHelperExtension.cs: 1152 - Found 0 features of type [CoordSys] in MotorMount1-1
2026-04-10 18:08:36,150 INFO  ExportHelperExtension.cs: 1131 - Retrieving features of type [CoordSys] from MotorMount1-4
2026-04-10 18:08:36,150 INFO  ExportHelperExtension.cs: 1142 - Found 23 in MotorMount1-4
2026-04-10 18:08:36,150 INFO  ExportHelperExtension.cs: 1152 - Found 0 features of type [CoordSys] in MotorMount1-4
2026-04-10 18:08:36,150 INFO  ExportHelperExtension.cs: 1131 - Retrieving features of type [CoordSys] from servoMG90S-7
2026-04-10 18:08:36,150 INFO  ExportHelperExtension.cs: 1142 - Found 53 in servoMG90S-7
2026-04-10 18:08:36,150 INFO  ExportHelperExtension.cs: 1152 - Found 0 features of type [CoordSys] in servoMG90S-7
2026-04-10 18:08:36,150 INFO  ExportHelperExtension.cs: 1131 - Retrieving features of type [CoordSys] from BLDCMotor_in-3
2026-04-10 18:08:36,150 INFO  ExportHelperExtension.cs: 1142 - Found 70 in BLDCMotor_in-3
2026-04-10 18:08:36,154 INFO  ExportHelperExtension.cs: 1152 - Found 0 features of type [CoordSys] in BLDCMotor_in-3
2026-04-10 18:08:36,154 INFO  ExportHelperExtension.cs: 1131 - Retrieving features of type [CoordSys] from Part2^Birotor_Assembly-1
2026-04-10 18:08:36,154 INFO  ExportHelperExtension.cs: 1142 - Found 24 in Part2^Birotor_Assembly-1
2026-04-10 18:08:36,154 INFO  ExportHelperExtension.cs: 1152 - Found 0 features of type [CoordSys] in Part2^Birotor_Assembly-1
2026-04-10 18:08:36,154 INFO  ExportHelperExtension.cs: 1131 - Retrieving features of type [CoordSys] from Propeller CCW Puller-1
2026-04-10 18:08:36,154 INFO  ExportHelperExtension.cs: 1142 - Found 23 in Propeller CCW Puller-1
2026-04-10 18:08:36,154 INFO  ExportHelperExtension.cs: 1152 - Found 0 features of type [CoordSys] in Propeller CCW Puller-1
2026-04-10 18:08:36,158 INFO  ExportHelperExtension.cs: 1131 - Retrieving features of type [CoordSys] from Propeller CW Puller-1
2026-04-10 18:08:36,158 INFO  ExportHelperExtension.cs: 1142 - Found 23 in Propeller CW Puller-1
2026-04-10 18:08:36,158 INFO  ExportHelperExtension.cs: 1152 - Found 0 features of type [CoordSys] in Propeller CW Puller-1
2026-04-10 18:08:36,158 INFO  ExportHelperExtension.cs: 1131 - Retrieving features of type [CoordSys] from MG90S horn_in-1
2026-04-10 18:08:36,158 INFO  ExportHelperExtension.cs: 1142 - Found 23 in MG90S horn_in-1
2026-04-10 18:08:36,158 INFO  ExportHelperExtension.cs: 1152 - Found 0 features of type [CoordSys] in MG90S horn_in-1
2026-04-10 18:08:36,158 INFO  ExportHelperExtension.cs: 1131 - Retrieving features of type [CoordSys] from MG90S horn_in-2
2026-04-10 18:08:36,158 INFO  ExportHelperExtension.cs: 1142 - Found 23 in MG90S horn_in-2
2026-04-10 18:08:36,162 INFO  ExportHelperExtension.cs: 1152 - Found 0 features of type [CoordSys] in MG90S horn_in-2
2026-04-10 18:08:36,162 INFO  ExportHelperExtension.cs: 1131 - Retrieving features of type [CoordSys] from servoMG90S-4
2026-04-10 18:08:36,162 INFO  ExportHelperExtension.cs: 1142 - Found 53 in servoMG90S-4
2026-04-10 18:08:36,162 INFO  ExportHelperExtension.cs: 1152 - Found 0 features of type [CoordSys] in servoMG90S-4
2026-04-10 18:08:36,162 INFO  ExportHelperExtension.cs: 1131 - Retrieving features of type [CoordSys] from MG90S horn_in-5
2026-04-10 18:08:36,162 INFO  ExportHelperExtension.cs: 1142 - Found 23 in MG90S horn_in-5
2026-04-10 18:08:36,162 INFO  ExportHelperExtension.cs: 1152 - Found 0 features of type [CoordSys] in MG90S horn_in-5
2026-04-10 18:08:36,162 INFO  ExportHelperExtension.cs: 1131 - Retrieving features of type [CoordSys] from MG90S horn_in-7
2026-04-10 18:08:36,162 INFO  ExportHelperExtension.cs: 1142 - Found 23 in MG90S horn_in-7
2026-04-10 18:08:36,162 INFO  ExportHelperExtension.cs: 1152 - Found 0 features of type [CoordSys] in MG90S horn_in-7
2026-04-10 18:08:36,166 INFO  ExportHelperExtension.cs: 1131 - Retrieving features of type [CoordSys] from Motor_Mount2-2
2026-04-10 18:08:36,166 INFO  ExportHelperExtension.cs: 1142 - Found 53 in Motor_Mount2-2
2026-04-10 18:08:36,166 INFO  ExportHelperExtension.cs: 1152 - Found 0 features of type [CoordSys] in Motor_Mount2-2
2026-04-10 18:08:36,166 INFO  ExportHelperExtension.cs: 1131 - Retrieving features of type [CoordSys] from servoMG90S-2
2026-04-10 18:08:36,166 INFO  ExportHelperExtension.cs: 1142 - Found 53 in servoMG90S-2
2026-04-10 18:08:36,166 INFO  ExportHelperExtension.cs: 1152 - Found 0 features of type [CoordSys] in servoMG90S-2
2026-04-10 18:08:36,182 INFO  ExportHelperExtension.cs: 1131 - Retrieving features of type [RefAxis] from Birotor_Assembly.SLDASM
2026-04-10 18:08:36,182 INFO  ExportHelperExtension.cs: 1142 - Found 146 in Birotor_Assembly.SLDASM
2026-04-10 18:08:36,186 INFO  ExportHelperExtension.cs: 1152 - Found 0 features of type [RefAxis] in Birotor_Assembly.SLDASM
2026-04-10 18:08:36,186 INFO  ExportHelperExtension.cs: 1155 - Proceeding through assembly components
2026-04-10 18:08:36,186 INFO  ExportHelperExtension.cs: 1167 - 36 components to check
2026-04-10 18:08:36,186 INFO  ExportHelperExtension.cs: 1131 - Retrieving features of type [RefAxis] from Landing_Gear_in-2
2026-04-10 18:08:36,186 INFO  ExportHelperExtension.cs: 1142 - Found 30 in Landing_Gear_in-2
2026-04-10 18:08:36,186 INFO  ExportHelperExtension.cs: 1152 - Found 0 features of type [RefAxis] in Landing_Gear_in-2
2026-04-10 18:08:36,186 INFO  ExportHelperExtension.cs: 1131 - Retrieving features of type [RefAxis] from Pixhawk Pro FC-1
2026-04-10 18:08:36,186 INFO  ExportHelperExtension.cs: 1142 - Found 23 in Pixhawk Pro FC-1
2026-04-10 18:08:36,186 INFO  ExportHelperExtension.cs: 1152 - Found 0 features of type [RefAxis] in Pixhawk Pro FC-1
2026-04-10 18:08:36,186 INFO  ExportHelperExtension.cs: 1131 - Retrieving features of type [RefAxis] from Landing_Gear_in-5
2026-04-10 18:08:36,190 INFO  ExportHelperExtension.cs: 1142 - Found 30 in Landing_Gear_in-5
2026-04-10 18:08:36,190 INFO  ExportHelperExtension.cs: 1152 - Found 0 features of type [RefAxis] in Landing_Gear_in-5
2026-04-10 18:08:36,190 INFO  ExportHelperExtension.cs: 1131 - Retrieving features of type [RefAxis] from Landing_Gear_in-4
2026-04-10 18:08:36,190 INFO  ExportHelperExtension.cs: 1142 - Found 30 in Landing_Gear_in-4
2026-04-10 18:08:36,190 INFO  ExportHelperExtension.cs: 1152 - Found 0 features of type [RefAxis] in Landing_Gear_in-4
2026-04-10 18:08:36,190 INFO  ExportHelperExtension.cs: 1131 - Retrieving features of type [RefAxis] from Turnigy_2200mAh_3S_20C_Lipo_Pack-1
2026-04-10 18:08:36,190 INFO  ExportHelperExtension.cs: 1142 - Found 29 in Turnigy_2200mAh_3S_20C_Lipo_Pack-1
2026-04-10 18:08:36,194 INFO  ExportHelperExtension.cs: 1152 - Found 0 features of type [RefAxis] in Turnigy_2200mAh_3S_20C_Lipo_Pack-1
2026-04-10 18:08:36,194 INFO  ExportHelperExtension.cs: 1131 - Retrieving features of type [RefAxis] from Landing_Gear_in-3
2026-04-10 18:08:36,194 INFO  ExportHelperExtension.cs: 1142 - Found 30 in Landing_Gear_in-3
2026-04-10 18:08:36,194 INFO  ExportHelperExtension.cs: 1152 - Found 0 features of type [RefAxis] in Landing_Gear_in-3
2026-04-10 18:08:36,194 INFO  ExportHelperExtension.cs: 1131 - Retrieving features of type [RefAxis] from BLDCMotor-1
2026-04-10 18:08:36,194 INFO  ExportHelperExtension.cs: 1142 - Found 70 in BLDCMotor-1
2026-04-10 18:08:36,198 INFO  ExportHelperExtension.cs: 1152 - Found 0 features of type [RefAxis] in BLDCMotor-1
2026-04-10 18:08:36,198 INFO  ExportHelperExtension.cs: 1131 - Retrieving features of type [RefAxis] from GPSBase-1
2026-04-10 18:08:36,198 INFO  ExportHelperExtension.cs: 1142 - Found 23 in GPSBase-1
2026-04-10 18:08:36,198 INFO  ExportHelperExtension.cs: 1152 - Found 0 features of type [RefAxis] in GPSBase-1
2026-04-10 18:08:36,198 INFO  ExportHelperExtension.cs: 1131 - Retrieving features of type [RefAxis] from ClampBottom-1
2026-04-10 18:08:36,198 INFO  ExportHelperExtension.cs: 1142 - Found 23 in ClampBottom-1
2026-04-10 18:08:36,202 INFO  ExportHelperExtension.cs: 1152 - Found 0 features of type [RefAxis] in ClampBottom-1
2026-04-10 18:08:36,202 INFO  ExportHelperExtension.cs: 1131 - Retrieving features of type [RefAxis] from GPSBottom-1
2026-04-10 18:08:36,202 INFO  ExportHelperExtension.cs: 1142 - Found 34 in GPSBottom-1
2026-04-10 18:08:36,202 INFO  ExportHelperExtension.cs: 1152 - Found 0 features of type [RefAxis] in GPSBottom-1
2026-04-10 18:08:36,202 INFO  ExportHelperExtension.cs: 1131 - Retrieving features of type [RefAxis] from Tube-1
2026-04-10 18:08:36,202 INFO  ExportHelperExtension.cs: 1142 - Found 26 in Tube-1
2026-04-10 18:08:36,202 INFO  ExportHelperExtension.cs: 1152 - Found 0 features of type [RefAxis] in Tube-1
2026-04-10 18:08:36,202 INFO  ExportHelperExtension.cs: 1131 - Retrieving features of type [RefAxis] from MotorMountBase-1
2026-04-10 18:08:36,202 INFO  ExportHelperExtension.cs: 1142 - Found 30 in MotorMountBase-1
2026-04-10 18:08:36,202 INFO  ExportHelperExtension.cs: 1152 - Found 0 features of type [RefAxis] in MotorMountBase-1
2026-04-10 18:08:36,206 INFO  ExportHelperExtension.cs: 1131 - Retrieving features of type [RefAxis] from VerticalSpacer-2
2026-04-10 18:08:36,206 INFO  ExportHelperExtension.cs: 1142 - Found 23 in VerticalSpacer-2
2026-04-10 18:08:36,206 INFO  ExportHelperExtension.cs: 1152 - Found 0 features of type [RefAxis] in VerticalSpacer-2
2026-04-10 18:08:36,206 INFO  ExportHelperExtension.cs: 1131 - Retrieving features of type [RefAxis] from BottomPlate-3
2026-04-10 18:08:36,206 INFO  ExportHelperExtension.cs: 1142 - Found 23 in BottomPlate-3
2026-04-10 18:08:36,206 INFO  ExportHelperExtension.cs: 1152 - Found 0 features of type [RefAxis] in BottomPlate-3
2026-04-10 18:08:36,206 INFO  ExportHelperExtension.cs: 1131 - Retrieving features of type [RefAxis] from Motor_Mount2_in-1
2026-04-10 18:08:36,206 INFO  ExportHelperExtension.cs: 1142 - Found 53 in Motor_Mount2_in-1
2026-04-10 18:08:36,206 INFO  ExportHelperExtension.cs: 1152 - Found 0 features of type [RefAxis] in Motor_Mount2_in-1
2026-04-10 18:08:36,206 INFO  ExportHelperExtension.cs: 1131 - Retrieving features of type [RefAxis] from VerticalSpacer-1
2026-04-10 18:08:36,206 INFO  ExportHelperExtension.cs: 1142 - Found 23 in VerticalSpacer-1
2026-04-10 18:08:36,210 INFO  ExportHelperExtension.cs: 1152 - Found 0 features of type [RefAxis] in VerticalSpacer-1
2026-04-10 18:08:36,210 INFO  ExportHelperExtension.cs: 1131 - Retrieving features of type [RefAxis] from TopPlate-3
2026-04-10 18:08:36,210 INFO  ExportHelperExtension.cs: 1142 - Found 25 in TopPlate-3
2026-04-10 18:08:36,210 INFO  ExportHelperExtension.cs: 1152 - Found 0 features of type [RefAxis] in TopPlate-3
2026-04-10 18:08:36,210 INFO  ExportHelperExtension.cs: 1131 - Retrieving features of type [RefAxis] from ClampTop-2
2026-04-10 18:08:36,210 INFO  ExportHelperExtension.cs: 1142 - Found 23 in ClampTop-2
2026-04-10 18:08:36,210 INFO  ExportHelperExtension.cs: 1152 - Found 0 features of type [RefAxis] in ClampTop-2
2026-04-10 18:08:36,210 INFO  ExportHelperExtension.cs: 1131 - Retrieving features of type [RefAxis] from MotorMount3-2
2026-04-10 18:08:36,210 INFO  ExportHelperExtension.cs: 1142 - Found 35 in MotorMount3-2
2026-04-10 18:08:36,210 INFO  ExportHelperExtension.cs: 1152 - Found 0 features of type [RefAxis] in MotorMount3-2
2026-04-10 18:08:36,214 INFO  ExportHelperExtension.cs: 1131 - Retrieving features of type [RefAxis] from MotorMountBase-2
2026-04-10 18:08:36,214 INFO  ExportHelperExtension.cs: 1142 - Found 30 in MotorMountBase-2
2026-04-10 18:08:36,214 INFO  ExportHelperExtension.cs: 1152 - Found 0 features of type [RefAxis] in MotorMountBase-2
2026-04-10 18:08:36,214 INFO  ExportHelperExtension.cs: 1131 - Retrieving features of type [RefAxis] from MotorMount3-1
2026-04-10 18:08:36,214 INFO  ExportHelperExtension.cs: 1142 - Found 35 in MotorMount3-1
2026-04-10 18:08:36,214 INFO  ExportHelperExtension.cs: 1152 - Found 0 features of type [RefAxis] in MotorMount3-1
2026-04-10 18:08:36,214 INFO  ExportHelperExtension.cs: 1131 - Retrieving features of type [RefAxis] from servoMG90S-1
2026-04-10 18:08:36,214 INFO  ExportHelperExtension.cs: 1142 - Found 53 in servoMG90S-1
2026-04-10 18:08:36,214 INFO  ExportHelperExtension.cs: 1152 - Found 0 features of type [RefAxis] in servoMG90S-1
2026-04-10 18:08:36,214 INFO  ExportHelperExtension.cs: 1131 - Retrieving features of type [RefAxis] from MotorMount1-1
2026-04-10 18:08:36,218 INFO  ExportHelperExtension.cs: 1142 - Found 23 in MotorMount1-1
2026-04-10 18:08:36,218 INFO  ExportHelperExtension.cs: 1152 - Found 0 features of type [RefAxis] in MotorMount1-1
2026-04-10 18:08:36,218 INFO  ExportHelperExtension.cs: 1131 - Retrieving features of type [RefAxis] from MotorMount1-4
2026-04-10 18:08:36,218 INFO  ExportHelperExtension.cs: 1142 - Found 23 in MotorMount1-4
2026-04-10 18:08:36,218 INFO  ExportHelperExtension.cs: 1152 - Found 0 features of type [RefAxis] in MotorMount1-4
2026-04-10 18:08:36,218 INFO  ExportHelperExtension.cs: 1131 - Retrieving features of type [RefAxis] from servoMG90S-7
2026-04-10 18:08:36,218 INFO  ExportHelperExtension.cs: 1142 - Found 53 in servoMG90S-7
2026-04-10 18:08:36,218 INFO  ExportHelperExtension.cs: 1152 - Found 0 features of type [RefAxis] in servoMG90S-7
2026-04-10 18:08:36,218 INFO  ExportHelperExtension.cs: 1131 - Retrieving features of type [RefAxis] from BLDCMotor_in-3
2026-04-10 18:08:36,218 INFO  ExportHelperExtension.cs: 1142 - Found 70 in BLDCMotor_in-3
2026-04-10 18:08:36,222 INFO  ExportHelperExtension.cs: 1152 - Found 0 features of type [RefAxis] in BLDCMotor_in-3
2026-04-10 18:08:36,222 INFO  ExportHelperExtension.cs: 1131 - Retrieving features of type [RefAxis] from Part2^Birotor_Assembly-1
2026-04-10 18:08:36,222 INFO  ExportHelperExtension.cs: 1142 - Found 24 in Part2^Birotor_Assembly-1
2026-04-10 18:08:36,222 INFO  ExportHelperExtension.cs: 1152 - Found 0 features of type [RefAxis] in Part2^Birotor_Assembly-1
2026-04-10 18:08:36,222 INFO  ExportHelperExtension.cs: 1131 - Retrieving features of type [RefAxis] from Propeller CCW Puller-1
2026-04-10 18:08:36,222 INFO  ExportHelperExtension.cs: 1142 - Found 23 in Propeller CCW Puller-1
2026-04-10 18:08:36,222 INFO  ExportHelperExtension.cs: 1152 - Found 0 features of type [RefAxis] in Propeller CCW Puller-1
2026-04-10 18:08:36,222 INFO  ExportHelperExtension.cs: 1131 - Retrieving features of type [RefAxis] from Propeller CW Puller-1
2026-04-10 18:08:36,238 INFO  ExportHelperExtension.cs: 1142 - Found 23 in Propeller CW Puller-1
2026-04-10 18:08:36,238 INFO  ExportHelperExtension.cs: 1152 - Found 0 features of type [RefAxis] in Propeller CW Puller-1
2026-04-10 18:08:36,238 INFO  ExportHelperExtension.cs: 1131 - Retrieving features of type [RefAxis] from MG90S horn_in-1
2026-04-10 18:08:36,238 INFO  ExportHelperExtension.cs: 1142 - Found 23 in MG90S horn_in-1
2026-04-10 18:08:36,238 INFO  ExportHelperExtension.cs: 1152 - Found 0 features of type [RefAxis] in MG90S horn_in-1
2026-04-10 18:08:36,238 INFO  ExportHelperExtension.cs: 1131 - Retrieving features of type [RefAxis] from MG90S horn_in-2
2026-04-10 18:08:36,238 INFO  ExportHelperExtension.cs: 1142 - Found 23 in MG90S horn_in-2
2026-04-10 18:08:36,238 INFO  ExportHelperExtension.cs: 1152 - Found 0 features of type [RefAxis] in MG90S horn_in-2
2026-04-10 18:08:36,238 INFO  ExportHelperExtension.cs: 1131 - Retrieving features of type [RefAxis] from servoMG90S-4
2026-04-10 18:08:36,242 INFO  ExportHelperExtension.cs: 1142 - Found 53 in servoMG90S-4
2026-04-10 18:08:36,242 INFO  ExportHelperExtension.cs: 1152 - Found 0 features of type [RefAxis] in servoMG90S-4
2026-04-10 18:08:36,242 INFO  ExportHelperExtension.cs: 1131 - Retrieving features of type [RefAxis] from MG90S horn_in-5
2026-04-10 18:08:36,242 INFO  ExportHelperExtension.cs: 1142 - Found 23 in MG90S horn_in-5
2026-04-10 18:08:36,242 INFO  ExportHelperExtension.cs: 1152 - Found 0 features of type [RefAxis] in MG90S horn_in-5
2026-04-10 18:08:36,242 INFO  ExportHelperExtension.cs: 1131 - Retrieving features of type [RefAxis] from MG90S horn_in-7
2026-04-10 18:08:36,242 INFO  ExportHelperExtension.cs: 1142 - Found 23 in MG90S horn_in-7
2026-04-10 18:08:36,242 INFO  ExportHelperExtension.cs: 1152 - Found 0 features of type [RefAxis] in MG90S horn_in-7
2026-04-10 18:08:36,242 INFO  ExportHelperExtension.cs: 1131 - Retrieving features of type [RefAxis] from Motor_Mount2-2
2026-04-10 18:08:36,242 INFO  ExportHelperExtension.cs: 1142 - Found 53 in Motor_Mount2-2
2026-04-10 18:08:36,246 INFO  ExportHelperExtension.cs: 1152 - Found 0 features of type [RefAxis] in Motor_Mount2-2
2026-04-10 18:08:36,246 INFO  ExportHelperExtension.cs: 1131 - Retrieving features of type [RefAxis] from servoMG90S-2
2026-04-10 18:08:36,246 INFO  ExportHelperExtension.cs: 1142 - Found 53 in servoMG90S-2
2026-04-10 18:08:36,246 INFO  ExportHelperExtension.cs: 1152 - Found 0 features of type [RefAxis] in servoMG90S-2
2026-04-10 18:08:36,474 INFO  SwAddin.cs: 316 - Loading config tree
2026-04-10 18:08:36,478 INFO  ExportPropertyManagerExtension.cs: 597 - Starting new configuration
2026-04-10 18:08:36,482 INFO  SwAddin.cs: 321 - Showing property manager
2026-04-10 18:08:59,754 INFO  ExportPropertyManager.cs: 1060 - OnComboboxSelectionChanged called. This method no longer throws an Exception. It just silently does nothing. Ok, except for this logging message
2026-04-10 18:09:02,232 INFO  ExportPropertyManager.cs: 1178 - OnNumberBoxTrackingCompleted called. This method no longer throws an Exception. It just silently does nothing. Ok, except for this logging message
2026-04-10 18:09:23,286 INFO  ExportPropertyManager.cs: 1060 - OnComboboxSelectionChanged called. This method no longer throws an Exception. It just silently does nothing. Ok, except for this logging message
2026-04-10 18:09:27,129 INFO  ExportPropertyManager.cs: 1060 - OnComboboxSelectionChanged called. This method no longer throws an Exception. It just silently does nothing. Ok, except for this logging message
2026-04-10 18:09:55,714 INFO  ExportPropertyManager.cs: 1178 - OnNumberBoxTrackingCompleted called. This method no longer throws an Exception. It just silently does nothing. Ok, except for this logging message
2026-04-10 18:09:55,899 INFO  ExportPropertyManager.cs: 1178 - OnNumberBoxTrackingCompleted called. This method no longer throws an Exception. It just silently does nothing. Ok, except for this logging message
2026-04-10 18:10:44,915 INFO  ExportPropertyManager.cs: 1060 - OnComboboxSelectionChanged called. This method no longer throws an Exception. It just silently does nothing. Ok, except for this logging message
2026-04-10 18:10:46,845 INFO  ExportPropertyManager.cs: 1060 - OnComboboxSelectionChanged called. This method no longer throws an Exception. It just silently does nothing. Ok, except for this logging message
2026-04-10 18:10:59,321 INFO  ExportPropertyManager.cs: 1178 - OnNumberBoxTrackingCompleted called. This method no longer throws an Exception. It just silently does nothing. Ok, except for this logging message
2026-04-10 18:11:16,024 INFO  ExportPropertyManager.cs: 1060 - OnComboboxSelectionChanged called. This method no longer throws an Exception. It just silently does nothing. Ok, except for this logging message
2026-04-10 18:11:18,285 INFO  ExportPropertyManager.cs: 1060 - OnComboboxSelectionChanged called. This method no longer throws an Exception. It just silently does nothing. Ok, except for this logging message
2026-04-10 18:11:33,532 INFO  ExportPropertyManager.cs: 1178 - OnNumberBoxTrackingCompleted called. This method no longer throws an Exception. It just silently does nothing. Ok, except for this logging message
2026-04-10 18:11:46,515 INFO  ExportPropertyManager.cs: 1060 - OnComboboxSelectionChanged called. This method no longer throws an Exception. It just silently does nothing. Ok, except for this logging message
2026-04-10 18:11:50,299 INFO  ExportPropertyManager.cs: 1060 - OnComboboxSelectionChanged called. This method no longer throws an Exception. It just silently does nothing. Ok, except for this logging message
2026-04-10 18:11:52,835 INFO  ExportPropertyManager.cs: 1060 - OnComboboxSelectionChanged called. This method no longer throws an Exception. It just silently does nothing. Ok, except for this logging message
2026-04-10 18:12:26,227 INFO  ExportPropertyManager.cs: 1060 - OnComboboxSelectionChanged called. This method no longer throws an Exception. It just silently does nothing. Ok, except for this logging message
2026-04-10 18:12:29,939 INFO  ExportPropertyManager.cs: 1060 - OnComboboxSelectionChanged called. This method no longer throws an Exception. It just silently does nothing. Ok, except for this logging message
2026-04-10 18:12:37,806 INFO  ExportPropertyManager.cs: 1178 - OnNumberBoxTrackingCompleted called. This method no longer throws an Exception. It just silently does nothing. Ok, except for this logging message
2026-04-10 18:12:49,916 INFO  ExportPropertyManager.cs: 1060 - OnComboboxSelectionChanged called. This method no longer throws an Exception. It just silently does nothing. Ok, except for this logging message
2026-04-10 18:12:55,683 INFO  ExportPropertyManager.cs: 1060 - OnComboboxSelectionChanged called. This method no longer throws an Exception. It just silently does nothing. Ok, except for this logging message
2026-04-10 18:13:06,488 INFO  ExportPropertyManager.cs: 1178 - OnNumberBoxTrackingCompleted called. This method no longer throws an Exception. It just silently does nothing. Ok, except for this logging message
2026-04-10 18:13:20,620 INFO  ExportPropertyManager.cs: 1060 - OnComboboxSelectionChanged called. This method no longer throws an Exception. It just silently does nothing. Ok, except for this logging message
2026-04-10 18:13:23,151 INFO  ExportPropertyManager.cs: 1060 - OnComboboxSelectionChanged called. This method no longer throws an Exception. It just silently does nothing. Ok, except for this logging message
2026-04-10 18:13:30,135 INFO  ExportPropertyManager.cs: 456 - Configuration saved
2026-04-10 18:13:30,505 INFO  ExportPropertyManager.cs: 1184 - AfterClose called. This method no longer throws an Exception. It just silently does nothing. Ok, except for this logging message
2026-04-10 18:14:48,682 INFO  SwAddin.cs: 271 - Assembly export called for file Birotor_Assembly.SLDASM
2026-04-10 18:14:48,682 INFO  SwAddin.cs: 276 - Save is required
2026-04-10 18:14:48,682 INFO  SwAddin.cs: 290 - Saving assembly
2026-04-10 18:14:49,315 INFO  SwAddin.cs: 293 - Opening property manager
2026-04-10 18:14:49,319 INFO  ExportHelperExtension.cs: 1131 - Retrieving features of type [CoordSys] from Birotor_Assembly.SLDASM
2026-04-10 18:14:49,319 INFO  ExportHelperExtension.cs: 1142 - Found 147 in Birotor_Assembly.SLDASM
2026-04-10 18:14:49,319 INFO  ExportHelperExtension.cs: 1152 - Found 7 features of type [CoordSys] in Birotor_Assembly.SLDASM
2026-04-10 18:14:49,319 INFO  ExportHelperExtension.cs: 1155 - Proceeding through assembly components
2026-04-10 18:14:49,319 INFO  ExportHelperExtension.cs: 1167 - 36 components to check
2026-04-10 18:14:49,319 INFO  ExportHelperExtension.cs: 1131 - Retrieving features of type [CoordSys] from Landing_Gear_in-2
2026-04-10 18:14:49,319 INFO  ExportHelperExtension.cs: 1142 - Found 30 in Landing_Gear_in-2
2026-04-10 18:14:49,319 INFO  ExportHelperExtension.cs: 1152 - Found 0 features of type [CoordSys] in Landing_Gear_in-2
2026-04-10 18:14:49,323 INFO  ExportHelperExtension.cs: 1131 - Retrieving features of type [CoordSys] from Pixhawk Pro FC-1
2026-04-10 18:14:49,323 INFO  ExportHelperExtension.cs: 1142 - Found 23 in Pixhawk Pro FC-1
2026-04-10 18:14:49,323 INFO  ExportHelperExtension.cs: 1152 - Found 0 features of type [CoordSys] in Pixhawk Pro FC-1
2026-04-10 18:14:49,323 INFO  ExportHelperExtension.cs: 1131 - Retrieving features of type [CoordSys] from Landing_Gear_in-5
2026-04-10 18:14:49,323 INFO  ExportHelperExtension.cs: 1142 - Found 30 in Landing_Gear_in-5
2026-04-10 18:14:49,323 INFO  ExportHelperExtension.cs: 1152 - Found 0 features of type [CoordSys] in Landing_Gear_in-5
2026-04-10 18:14:49,323 INFO  ExportHelperExtension.cs: 1131 - Retrieving features of type [CoordSys] from Landing_Gear_in-4
2026-04-10 18:14:49,323 INFO  ExportHelperExtension.cs: 1142 - Found 30 in Landing_Gear_in-4
2026-04-10 18:14:49,323 INFO  ExportHelperExtension.cs: 1152 - Found 0 features of type [CoordSys] in Landing_Gear_in-4
2026-04-10 18:14:49,323 INFO  ExportHelperExtension.cs: 1131 - Retrieving features of type [CoordSys] from Turnigy_2200mAh_3S_20C_Lipo_Pack-1
2026-04-10 18:14:49,323 INFO  ExportHelperExtension.cs: 1142 - Found 29 in Turnigy_2200mAh_3S_20C_Lipo_Pack-1
2026-04-10 18:14:49,327 INFO  ExportHelperExtension.cs: 1152 - Found 0 features of type [CoordSys] in Turnigy_2200mAh_3S_20C_Lipo_Pack-1
2026-04-10 18:14:49,327 INFO  ExportHelperExtension.cs: 1131 - Retrieving features of type [CoordSys] from Landing_Gear_in-3
2026-04-10 18:14:49,327 INFO  ExportHelperExtension.cs: 1142 - Found 30 in Landing_Gear_in-3
2026-04-10 18:14:49,327 INFO  ExportHelperExtension.cs: 1152 - Found 0 features of type [CoordSys] in Landing_Gear_in-3
2026-04-10 18:14:49,327 INFO  ExportHelperExtension.cs: 1131 - Retrieving features of type [CoordSys] from BLDCMotor-1
2026-04-10 18:14:49,327 INFO  ExportHelperExtension.cs: 1142 - Found 70 in BLDCMotor-1
2026-04-10 18:14:49,327 INFO  ExportHelperExtension.cs: 1152 - Found 0 features of type [CoordSys] in BLDCMotor-1
2026-04-10 18:14:49,327 INFO  ExportHelperExtension.cs: 1131 - Retrieving features of type [CoordSys] from GPSBase-1
2026-04-10 18:14:49,327 INFO  ExportHelperExtension.cs: 1142 - Found 23 in GPSBase-1
2026-04-10 18:14:49,327 INFO  ExportHelperExtension.cs: 1152 - Found 0 features of type [CoordSys] in GPSBase-1
2026-04-10 18:14:49,331 INFO  ExportHelperExtension.cs: 1131 - Retrieving features of type [CoordSys] from ClampBottom-1
2026-04-10 18:14:49,331 INFO  ExportHelperExtension.cs: 1142 - Found 23 in ClampBottom-1
2026-04-10 18:14:49,331 INFO  ExportHelperExtension.cs: 1152 - Found 0 features of type [CoordSys] in ClampBottom-1
2026-04-10 18:14:49,331 INFO  ExportHelperExtension.cs: 1131 - Retrieving features of type [CoordSys] from GPSBottom-1
2026-04-10 18:14:49,331 INFO  ExportHelperExtension.cs: 1142 - Found 34 in GPSBottom-1
2026-04-10 18:14:49,331 INFO  ExportHelperExtension.cs: 1152 - Found 0 features of type [CoordSys] in GPSBottom-1
2026-04-10 18:14:49,331 INFO  ExportHelperExtension.cs: 1131 - Retrieving features of type [CoordSys] from Tube-1
2026-04-10 18:14:49,335 INFO  ExportHelperExtension.cs: 1142 - Found 26 in Tube-1
2026-04-10 18:14:49,335 INFO  ExportHelperExtension.cs: 1152 - Found 0 features of type [CoordSys] in Tube-1
2026-04-10 18:14:49,335 INFO  ExportHelperExtension.cs: 1131 - Retrieving features of type [CoordSys] from MotorMountBase-1
2026-04-10 18:14:49,335 INFO  ExportHelperExtension.cs: 1142 - Found 30 in MotorMountBase-1
2026-04-10 18:14:49,335 INFO  ExportHelperExtension.cs: 1152 - Found 0 features of type [CoordSys] in MotorMountBase-1
2026-04-10 18:14:49,335 INFO  ExportHelperExtension.cs: 1131 - Retrieving features of type [CoordSys] from VerticalSpacer-2
2026-04-10 18:14:49,335 INFO  ExportHelperExtension.cs: 1142 - Found 23 in VerticalSpacer-2
2026-04-10 18:14:49,335 INFO  ExportHelperExtension.cs: 1152 - Found 0 features of type [CoordSys] in VerticalSpacer-2
2026-04-10 18:14:49,339 INFO  ExportHelperExtension.cs: 1131 - Retrieving features of type [CoordSys] from BottomPlate-3
2026-04-10 18:14:49,339 INFO  ExportHelperExtension.cs: 1142 - Found 23 in BottomPlate-3
2026-04-10 18:14:49,339 INFO  ExportHelperExtension.cs: 1152 - Found 0 features of type [CoordSys] in BottomPlate-3
2026-04-10 18:14:49,339 INFO  ExportHelperExtension.cs: 1131 - Retrieving features of type [CoordSys] from Motor_Mount2_in-1
2026-04-10 18:14:49,339 INFO  ExportHelperExtension.cs: 1142 - Found 53 in Motor_Mount2_in-1
2026-04-10 18:14:49,343 INFO  ExportHelperExtension.cs: 1152 - Found 0 features of type [CoordSys] in Motor_Mount2_in-1
2026-04-10 18:14:49,343 INFO  ExportHelperExtension.cs: 1131 - Retrieving features of type [CoordSys] from VerticalSpacer-1
2026-04-10 18:14:49,343 INFO  ExportHelperExtension.cs: 1142 - Found 23 in VerticalSpacer-1
2026-04-10 18:14:49,343 INFO  ExportHelperExtension.cs: 1152 - Found 0 features of type [CoordSys] in VerticalSpacer-1
2026-04-10 18:14:49,343 INFO  ExportHelperExtension.cs: 1131 - Retrieving features of type [CoordSys] from TopPlate-3
2026-04-10 18:14:49,343 INFO  ExportHelperExtension.cs: 1142 - Found 25 in TopPlate-3
2026-04-10 18:14:49,347 INFO  ExportHelperExtension.cs: 1152 - Found 0 features of type [CoordSys] in TopPlate-3
2026-04-10 18:14:49,347 INFO  ExportHelperExtension.cs: 1131 - Retrieving features of type [CoordSys] from ClampTop-2
2026-04-10 18:14:49,347 INFO  ExportHelperExtension.cs: 1142 - Found 23 in ClampTop-2
2026-04-10 18:14:49,347 INFO  ExportHelperExtension.cs: 1152 - Found 0 features of type [CoordSys] in ClampTop-2
2026-04-10 18:14:49,347 INFO  ExportHelperExtension.cs: 1131 - Retrieving features of type [CoordSys] from MotorMount3-2
2026-04-10 18:14:49,347 INFO  ExportHelperExtension.cs: 1142 - Found 35 in MotorMount3-2
2026-04-10 18:14:49,347 INFO  ExportHelperExtension.cs: 1152 - Found 0 features of type [CoordSys] in MotorMount3-2
2026-04-10 18:14:49,347 INFO  ExportHelperExtension.cs: 1131 - Retrieving features of type [CoordSys] from MotorMountBase-2
2026-04-10 18:14:49,347 INFO  ExportHelperExtension.cs: 1142 - Found 30 in MotorMountBase-2
2026-04-10 18:14:49,351 INFO  ExportHelperExtension.cs: 1152 - Found 0 features of type [CoordSys] in MotorMountBase-2
2026-04-10 18:14:49,351 INFO  ExportHelperExtension.cs: 1131 - Retrieving features of type [CoordSys] from MotorMount3-1
2026-04-10 18:14:49,395 INFO  ExportHelperExtension.cs: 1142 - Found 35 in MotorMount3-1
2026-04-10 18:14:49,401 INFO  ExportHelperExtension.cs: 1152 - Found 0 features of type [CoordSys] in MotorMount3-1
2026-04-10 18:14:49,401 INFO  ExportHelperExtension.cs: 1131 - Retrieving features of type [CoordSys] from servoMG90S-1
2026-04-10 18:14:49,402 INFO  ExportHelperExtension.cs: 1142 - Found 53 in servoMG90S-1
2026-04-10 18:14:49,404 INFO  ExportHelperExtension.cs: 1152 - Found 0 features of type [CoordSys] in servoMG90S-1
2026-04-10 18:14:49,404 INFO  ExportHelperExtension.cs: 1131 - Retrieving features of type [CoordSys] from MotorMount1-1
2026-04-10 18:14:49,404 INFO  ExportHelperExtension.cs: 1142 - Found 23 in MotorMount1-1
2026-04-10 18:14:49,404 INFO  ExportHelperExtension.cs: 1152 - Found 0 features of type [CoordSys] in MotorMount1-1
2026-04-10 18:14:49,404 INFO  ExportHelperExtension.cs: 1131 - Retrieving features of type [CoordSys] from MotorMount1-4
2026-04-10 18:14:49,404 INFO  ExportHelperExtension.cs: 1142 - Found 23 in MotorMount1-4
2026-04-10 18:14:49,408 INFO  ExportHelperExtension.cs: 1152 - Found 0 features of type [CoordSys] in MotorMount1-4
2026-04-10 18:14:49,408 INFO  ExportHelperExtension.cs: 1131 - Retrieving features of type [CoordSys] from servoMG90S-7
2026-04-10 18:14:49,408 INFO  ExportHelperExtension.cs: 1142 - Found 53 in servoMG90S-7
2026-04-10 18:14:49,408 INFO  ExportHelperExtension.cs: 1152 - Found 0 features of type [CoordSys] in servoMG90S-7
2026-04-10 18:14:49,408 INFO  ExportHelperExtension.cs: 1131 - Retrieving features of type [CoordSys] from BLDCMotor_in-3
2026-04-10 18:14:49,408 INFO  ExportHelperExtension.cs: 1142 - Found 70 in BLDCMotor_in-3
2026-04-10 18:14:49,412 INFO  ExportHelperExtension.cs: 1152 - Found 0 features of type [CoordSys] in BLDCMotor_in-3
2026-04-10 18:14:49,412 INFO  ExportHelperExtension.cs: 1131 - Retrieving features of type [CoordSys] from Part2^Birotor_Assembly-1
2026-04-10 18:14:49,412 INFO  ExportHelperExtension.cs: 1142 - Found 24 in Part2^Birotor_Assembly-1
2026-04-10 18:14:49,412 INFO  ExportHelperExtension.cs: 1152 - Found 0 features of type [CoordSys] in Part2^Birotor_Assembly-1
2026-04-10 18:14:49,412 INFO  ExportHelperExtension.cs: 1131 - Retrieving features of type [CoordSys] from Propeller CCW Puller-1
2026-04-10 18:14:49,416 INFO  ExportHelperExtension.cs: 1142 - Found 23 in Propeller CCW Puller-1
2026-04-10 18:14:49,416 INFO  ExportHelperExtension.cs: 1152 - Found 0 features of type [CoordSys] in Propeller CCW Puller-1
2026-04-10 18:14:49,416 INFO  ExportHelperExtension.cs: 1131 - Retrieving features of type [CoordSys] from Propeller CW Puller-1
2026-04-10 18:14:49,416 INFO  ExportHelperExtension.cs: 1142 - Found 23 in Propeller CW Puller-1
2026-04-10 18:14:49,416 INFO  ExportHelperExtension.cs: 1152 - Found 0 features of type [CoordSys] in Propeller CW Puller-1
2026-04-10 18:14:49,416 INFO  ExportHelperExtension.cs: 1131 - Retrieving features of type [CoordSys] from MG90S horn_in-1
2026-04-10 18:14:49,416 INFO  ExportHelperExtension.cs: 1142 - Found 23 in MG90S horn_in-1
2026-04-10 18:14:49,420 INFO  ExportHelperExtension.cs: 1152 - Found 0 features of type [CoordSys] in MG90S horn_in-1
2026-04-10 18:14:49,420 INFO  ExportHelperExtension.cs: 1131 - Retrieving features of type [CoordSys] from MG90S horn_in-2
2026-04-10 18:14:49,420 INFO  ExportHelperExtension.cs: 1142 - Found 23 in MG90S horn_in-2
2026-04-10 18:14:49,420 INFO  ExportHelperExtension.cs: 1152 - Found 0 features of type [CoordSys] in MG90S horn_in-2
2026-04-10 18:14:49,420 INFO  ExportHelperExtension.cs: 1131 - Retrieving features of type [CoordSys] from servoMG90S-4
2026-04-10 18:14:49,420 INFO  ExportHelperExtension.cs: 1142 - Found 53 in servoMG90S-4
2026-04-10 18:14:49,420 INFO  ExportHelperExtension.cs: 1152 - Found 0 features of type [CoordSys] in servoMG90S-4
2026-04-10 18:14:49,424 INFO  ExportHelperExtension.cs: 1131 - Retrieving features of type [CoordSys] from MG90S horn_in-5
2026-04-10 18:14:49,424 INFO  ExportHelperExtension.cs: 1142 - Found 23 in MG90S horn_in-5
2026-04-10 18:14:49,424 INFO  ExportHelperExtension.cs: 1152 - Found 0 features of type [CoordSys] in MG90S horn_in-5
2026-04-10 18:14:49,424 INFO  ExportHelperExtension.cs: 1131 - Retrieving features of type [CoordSys] from MG90S horn_in-7
2026-04-10 18:14:49,424 INFO  ExportHelperExtension.cs: 1142 - Found 23 in MG90S horn_in-7
2026-04-10 18:14:49,424 INFO  ExportHelperExtension.cs: 1152 - Found 0 features of type [CoordSys] in MG90S horn_in-7
2026-04-10 18:14:49,424 INFO  ExportHelperExtension.cs: 1131 - Retrieving features of type [CoordSys] from Motor_Mount2-2
2026-04-10 18:14:49,428 INFO  ExportHelperExtension.cs: 1142 - Found 53 in Motor_Mount2-2
2026-04-10 18:14:49,428 INFO  ExportHelperExtension.cs: 1152 - Found 0 features of type [CoordSys] in Motor_Mount2-2
2026-04-10 18:14:49,428 INFO  ExportHelperExtension.cs: 1131 - Retrieving features of type [CoordSys] from servoMG90S-2
2026-04-10 18:14:49,428 INFO  ExportHelperExtension.cs: 1142 - Found 53 in servoMG90S-2
2026-04-10 18:14:49,428 INFO  ExportHelperExtension.cs: 1152 - Found 0 features of type [CoordSys] in servoMG90S-2
2026-04-10 18:14:49,432 INFO  ExportHelperExtension.cs: 1131 - Retrieving features of type [RefAxis] from Birotor_Assembly.SLDASM
2026-04-10 18:14:49,432 INFO  ExportHelperExtension.cs: 1142 - Found 147 in Birotor_Assembly.SLDASM
2026-04-10 18:14:49,432 INFO  ExportHelperExtension.cs: 1152 - Found 0 features of type [RefAxis] in Birotor_Assembly.SLDASM
2026-04-10 18:14:49,436 INFO  ExportHelperExtension.cs: 1155 - Proceeding through assembly components
2026-04-10 18:14:49,436 INFO  ExportHelperExtension.cs: 1167 - 36 components to check
2026-04-10 18:14:49,436 INFO  ExportHelperExtension.cs: 1131 - Retrieving features of type [RefAxis] from Landing_Gear_in-2
2026-04-10 18:14:49,436 INFO  ExportHelperExtension.cs: 1142 - Found 30 in Landing_Gear_in-2
2026-04-10 18:14:49,436 INFO  ExportHelperExtension.cs: 1152 - Found 0 features of type [RefAxis] in Landing_Gear_in-2
2026-04-10 18:14:49,436 INFO  ExportHelperExtension.cs: 1131 - Retrieving features of type [RefAxis] from Pixhawk Pro FC-1
2026-04-10 18:14:49,436 INFO  ExportHelperExtension.cs: 1142 - Found 23 in Pixhawk Pro FC-1
2026-04-10 18:14:49,440 INFO  ExportHelperExtension.cs: 1152 - Found 0 features of type [RefAxis] in Pixhawk Pro FC-1
2026-04-10 18:14:49,440 INFO  ExportHelperExtension.cs: 1131 - Retrieving features of type [RefAxis] from Landing_Gear_in-5
2026-04-10 18:14:49,440 INFO  ExportHelperExtension.cs: 1142 - Found 30 in Landing_Gear_in-5
2026-04-10 18:14:49,440 INFO  ExportHelperExtension.cs: 1152 - Found 0 features of type [RefAxis] in Landing_Gear_in-5
2026-04-10 18:14:49,440 INFO  ExportHelperExtension.cs: 1131 - Retrieving features of type [RefAxis] from Landing_Gear_in-4
2026-04-10 18:14:49,440 INFO  ExportHelperExtension.cs: 1142 - Found 30 in Landing_Gear_in-4
2026-04-10 18:14:49,440 INFO  ExportHelperExtension.cs: 1152 - Found 0 features of type [RefAxis] in Landing_Gear_in-4
2026-04-10 18:14:49,444 INFO  ExportHelperExtension.cs: 1131 - Retrieving features of type [RefAxis] from Turnigy_2200mAh_3S_20C_Lipo_Pack-1
2026-04-10 18:14:49,444 INFO  ExportHelperExtension.cs: 1142 - Found 29 in Turnigy_2200mAh_3S_20C_Lipo_Pack-1
2026-04-10 18:14:49,444 INFO  ExportHelperExtension.cs: 1152 - Found 0 features of type [RefAxis] in Turnigy_2200mAh_3S_20C_Lipo_Pack-1
2026-04-10 18:14:49,444 INFO  ExportHelperExtension.cs: 1131 - Retrieving features of type [RefAxis] from Landing_Gear_in-3
2026-04-10 18:14:49,444 INFO  ExportHelperExtension.cs: 1142 - Found 30 in Landing_Gear_in-3
2026-04-10 18:14:49,444 INFO  ExportHelperExtension.cs: 1152 - Found 0 features of type [RefAxis] in Landing_Gear_in-3
2026-04-10 18:14:49,444 INFO  ExportHelperExtension.cs: 1131 - Retrieving features of type [RefAxis] from BLDCMotor-1
2026-04-10 18:14:49,444 INFO  ExportHelperExtension.cs: 1142 - Found 70 in BLDCMotor-1
2026-04-10 18:14:49,444 INFO  ExportHelperExtension.cs: 1152 - Found 0 features of type [RefAxis] in BLDCMotor-1
2026-04-10 18:14:49,444 INFO  ExportHelperExtension.cs: 1131 - Retrieving features of type [RefAxis] from GPSBase-1
2026-04-10 18:14:49,448 INFO  ExportHelperExtension.cs: 1142 - Found 23 in GPSBase-1
2026-04-10 18:14:49,448 INFO  ExportHelperExtension.cs: 1152 - Found 0 features of type [RefAxis] in GPSBase-1
2026-04-10 18:14:49,448 INFO  ExportHelperExtension.cs: 1131 - Retrieving features of type [RefAxis] from ClampBottom-1
2026-04-10 18:14:49,448 INFO  ExportHelperExtension.cs: 1142 - Found 23 in ClampBottom-1
2026-04-10 18:14:49,448 INFO  ExportHelperExtension.cs: 1152 - Found 0 features of type [RefAxis] in ClampBottom-1
2026-04-10 18:14:49,448 INFO  ExportHelperExtension.cs: 1131 - Retrieving features of type [RefAxis] from GPSBottom-1
2026-04-10 18:14:49,448 INFO  ExportHelperExtension.cs: 1142 - Found 34 in GPSBottom-1
2026-04-10 18:14:49,448 INFO  ExportHelperExtension.cs: 1152 - Found 0 features of type [RefAxis] in GPSBottom-1
2026-04-10 18:14:49,448 INFO  ExportHelperExtension.cs: 1131 - Retrieving features of type [RefAxis] from Tube-1
2026-04-10 18:14:49,452 INFO  ExportHelperExtension.cs: 1142 - Found 26 in Tube-1
2026-04-10 18:14:49,452 INFO  ExportHelperExtension.cs: 1152 - Found 0 features of type [RefAxis] in Tube-1
2026-04-10 18:14:49,452 INFO  ExportHelperExtension.cs: 1131 - Retrieving features of type [RefAxis] from MotorMountBase-1
2026-04-10 18:14:49,452 INFO  ExportHelperExtension.cs: 1142 - Found 30 in MotorMountBase-1
2026-04-10 18:14:49,452 INFO  ExportHelperExtension.cs: 1152 - Found 0 features of type [RefAxis] in MotorMountBase-1
2026-04-10 18:14:49,452 INFO  ExportHelperExtension.cs: 1131 - Retrieving features of type [RefAxis] from VerticalSpacer-2
2026-04-10 18:14:49,452 INFO  ExportHelperExtension.cs: 1142 - Found 23 in VerticalSpacer-2
2026-04-10 18:14:49,452 INFO  ExportHelperExtension.cs: 1152 - Found 0 features of type [RefAxis] in VerticalSpacer-2
2026-04-10 18:14:49,452 INFO  ExportHelperExtension.cs: 1131 - Retrieving features of type [RefAxis] from BottomPlate-3
2026-04-10 18:14:49,452 INFO  ExportHelperExtension.cs: 1142 - Found 23 in BottomPlate-3
2026-04-10 18:14:49,452 INFO  ExportHelperExtension.cs: 1152 - Found 0 features of type [RefAxis] in BottomPlate-3
2026-04-10 18:14:49,456 INFO  ExportHelperExtension.cs: 1131 - Retrieving features of type [RefAxis] from Motor_Mount2_in-1
2026-04-10 18:14:49,456 INFO  ExportHelperExtension.cs: 1142 - Found 53 in Motor_Mount2_in-1
2026-04-10 18:14:49,456 INFO  ExportHelperExtension.cs: 1152 - Found 0 features of type [RefAxis] in Motor_Mount2_in-1
2026-04-10 18:14:49,456 INFO  ExportHelperExtension.cs: 1131 - Retrieving features of type [RefAxis] from VerticalSpacer-1
2026-04-10 18:14:49,456 INFO  ExportHelperExtension.cs: 1142 - Found 23 in VerticalSpacer-1
2026-04-10 18:14:49,456 INFO  ExportHelperExtension.cs: 1152 - Found 0 features of type [RefAxis] in VerticalSpacer-1
2026-04-10 18:14:49,456 INFO  ExportHelperExtension.cs: 1131 - Retrieving features of type [RefAxis] from TopPlate-3
2026-04-10 18:14:49,460 INFO  ExportHelperExtension.cs: 1142 - Found 25 in TopPlate-3
2026-04-10 18:14:49,460 INFO  ExportHelperExtension.cs: 1152 - Found 0 features of type [RefAxis] in TopPlate-3
2026-04-10 18:14:49,460 INFO  ExportHelperExtension.cs: 1131 - Retrieving features of type [RefAxis] from ClampTop-2
2026-04-10 18:14:49,460 INFO  ExportHelperExtension.cs: 1142 - Found 23 in ClampTop-2
2026-04-10 18:14:49,460 INFO  ExportHelperExtension.cs: 1152 - Found 0 features of type [RefAxis] in ClampTop-2
2026-04-10 18:14:49,460 INFO  ExportHelperExtension.cs: 1131 - Retrieving features of type [RefAxis] from MotorMount3-2
2026-04-10 18:14:49,460 INFO  ExportHelperExtension.cs: 1142 - Found 35 in MotorMount3-2
2026-04-10 18:14:49,464 INFO  ExportHelperExtension.cs: 1152 - Found 0 features of type [RefAxis] in MotorMount3-2
2026-04-10 18:14:49,464 INFO  ExportHelperExtension.cs: 1131 - Retrieving features of type [RefAxis] from MotorMountBase-2
2026-04-10 18:14:49,464 INFO  ExportHelperExtension.cs: 1142 - Found 30 in MotorMountBase-2
2026-04-10 18:14:49,464 INFO  ExportHelperExtension.cs: 1152 - Found 0 features of type [RefAxis] in MotorMountBase-2
2026-04-10 18:14:49,464 INFO  ExportHelperExtension.cs: 1131 - Retrieving features of type [RefAxis] from MotorMount3-1
2026-04-10 18:14:49,464 INFO  ExportHelperExtension.cs: 1142 - Found 35 in MotorMount3-1
2026-04-10 18:14:49,464 INFO  ExportHelperExtension.cs: 1152 - Found 0 features of type [RefAxis] in MotorMount3-1
2026-04-10 18:14:49,464 INFO  ExportHelperExtension.cs: 1131 - Retrieving features of type [RefAxis] from servoMG90S-1
2026-04-10 18:14:49,468 INFO  ExportHelperExtension.cs: 1142 - Found 53 in servoMG90S-1
2026-04-10 18:14:49,468 INFO  ExportHelperExtension.cs: 1152 - Found 0 features of type [RefAxis] in servoMG90S-1
2026-04-10 18:14:49,468 INFO  ExportHelperExtension.cs: 1131 - Retrieving features of type [RefAxis] from MotorMount1-1
2026-04-10 18:14:49,468 INFO  ExportHelperExtension.cs: 1142 - Found 23 in MotorMount1-1
2026-04-10 18:14:49,468 INFO  ExportHelperExtension.cs: 1152 - Found 0 features of type [RefAxis] in MotorMount1-1
2026-04-10 18:14:49,468 INFO  ExportHelperExtension.cs: 1131 - Retrieving features of type [RefAxis] from MotorMount1-4
2026-04-10 18:14:49,468 INFO  ExportHelperExtension.cs: 1142 - Found 23 in MotorMount1-4
2026-04-10 18:14:49,468 INFO  ExportHelperExtension.cs: 1152 - Found 0 features of type [RefAxis] in MotorMount1-4
2026-04-10 18:14:49,472 INFO  ExportHelperExtension.cs: 1131 - Retrieving features of type [RefAxis] from servoMG90S-7
2026-04-10 18:14:49,472 INFO  ExportHelperExtension.cs: 1142 - Found 53 in servoMG90S-7
2026-04-10 18:14:49,472 INFO  ExportHelperExtension.cs: 1152 - Found 0 features of type [RefAxis] in servoMG90S-7
2026-04-10 18:14:49,472 INFO  ExportHelperExtension.cs: 1131 - Retrieving features of type [RefAxis] from BLDCMotor_in-3
2026-04-10 18:14:49,472 INFO  ExportHelperExtension.cs: 1142 - Found 70 in BLDCMotor_in-3
2026-04-10 18:14:49,472 INFO  ExportHelperExtension.cs: 1152 - Found 0 features of type [RefAxis] in BLDCMotor_in-3
2026-04-10 18:14:49,476 INFO  ExportHelperExtension.cs: 1131 - Retrieving features of type [RefAxis] from Part2^Birotor_Assembly-1
2026-04-10 18:14:49,476 INFO  ExportHelperExtension.cs: 1142 - Found 24 in Part2^Birotor_Assembly-1
2026-04-10 18:14:49,476 INFO  ExportHelperExtension.cs: 1152 - Found 0 features of type [RefAxis] in Part2^Birotor_Assembly-1
2026-04-10 18:14:49,476 INFO  ExportHelperExtension.cs: 1131 - Retrieving features of type [RefAxis] from Propeller CCW Puller-1
2026-04-10 18:14:49,476 INFO  ExportHelperExtension.cs: 1142 - Found 23 in Propeller CCW Puller-1
2026-04-10 18:14:49,476 INFO  ExportHelperExtension.cs: 1152 - Found 0 features of type [RefAxis] in Propeller CCW Puller-1
2026-04-10 18:14:49,476 INFO  ExportHelperExtension.cs: 1131 - Retrieving features of type [RefAxis] from Propeller CW Puller-1
2026-04-10 18:14:49,476 INFO  ExportHelperExtension.cs: 1142 - Found 23 in Propeller CW Puller-1
2026-04-10 18:14:49,476 INFO  ExportHelperExtension.cs: 1152 - Found 0 features of type [RefAxis] in Propeller CW Puller-1
2026-04-10 18:14:49,476 INFO  ExportHelperExtension.cs: 1131 - Retrieving features of type [RefAxis] from MG90S horn_in-1
2026-04-10 18:14:49,480 INFO  ExportHelperExtension.cs: 1142 - Found 23 in MG90S horn_in-1
2026-04-10 18:14:49,480 INFO  ExportHelperExtension.cs: 1152 - Found 0 features of type [RefAxis] in MG90S horn_in-1
2026-04-10 18:14:49,480 INFO  ExportHelperExtension.cs: 1131 - Retrieving features of type [RefAxis] from MG90S horn_in-2
2026-04-10 18:14:49,480 INFO  ExportHelperExtension.cs: 1142 - Found 23 in MG90S horn_in-2
2026-04-10 18:14:49,480 INFO  ExportHelperExtension.cs: 1152 - Found 0 features of type [RefAxis] in MG90S horn_in-2
2026-04-10 18:14:49,480 INFO  ExportHelperExtension.cs: 1131 - Retrieving features of type [RefAxis] from servoMG90S-4
2026-04-10 18:14:49,480 INFO  ExportHelperExtension.cs: 1142 - Found 53 in servoMG90S-4
2026-04-10 18:14:49,480 INFO  ExportHelperExtension.cs: 1152 - Found 0 features of type [RefAxis] in servoMG90S-4
2026-04-10 18:14:49,480 INFO  ExportHelperExtension.cs: 1131 - Retrieving features of type [RefAxis] from MG90S horn_in-5
2026-04-10 18:14:49,480 INFO  ExportHelperExtension.cs: 1142 - Found 23 in MG90S horn_in-5
2026-04-10 18:14:49,484 INFO  ExportHelperExtension.cs: 1152 - Found 0 features of type [RefAxis] in MG90S horn_in-5
2026-04-10 18:14:49,484 INFO  ExportHelperExtension.cs: 1131 - Retrieving features of type [RefAxis] from MG90S horn_in-7
2026-04-10 18:14:49,484 INFO  ExportHelperExtension.cs: 1142 - Found 23 in MG90S horn_in-7
2026-04-10 18:14:49,484 INFO  ExportHelperExtension.cs: 1152 - Found 0 features of type [RefAxis] in MG90S horn_in-7
2026-04-10 18:14:49,484 INFO  ExportHelperExtension.cs: 1131 - Retrieving features of type [RefAxis] from Motor_Mount2-2
2026-04-10 18:14:49,504 INFO  ExportHelperExtension.cs: 1142 - Found 53 in Motor_Mount2-2
2026-04-10 18:14:49,504 INFO  ExportHelperExtension.cs: 1152 - Found 0 features of type [RefAxis] in Motor_Mount2-2
2026-04-10 18:14:49,504 INFO  ExportHelperExtension.cs: 1131 - Retrieving features of type [RefAxis] from servoMG90S-2
2026-04-10 18:14:49,504 INFO  ExportHelperExtension.cs: 1142 - Found 53 in servoMG90S-2
2026-04-10 18:14:49,504 INFO  ExportHelperExtension.cs: 1152 - Found 0 features of type [RefAxis] in servoMG90S-2
2026-04-10 18:14:49,696 INFO  SwAddin.cs: 316 - Loading config tree
2026-04-10 18:14:49,708 INFO  Serialization.cs: 275 - URDF Configuration found
<Link z:Id="i1" xmlns="http://schemas.datacontract.org/2004/07/SW2URDF" xmlns:i="http://www.w3.org/2001/XMLSchema-instance" xmlns:z="http://schemas.microsoft.com/2003/10/Serialization/"><Attributes><Attribute z:Id="i2"><AttributeType>name</AttributeType><IsRequired>true</IsRequired><Value i:type="a:string" xmlns:a="http://www.w3.org/2001/XMLSchema">base_link</Value></Attribute></Attributes><ChildElements><URDFElement z:Id="i3" i:type="Inertial"><Attributes/><ChildElements><URDFElement z:Id="i4" i:type="Origin"><Attributes><Attribute z:Id="i5"><AttributeType>xyz</AttributeType><IsRequired>true</IsRequired><Value i:type="a:ArrayOfdouble" xmlns:a="http://schemas.microsoft.com/2003/10/Serialization/Arrays"><a:double>0</a:double><a:double>0</a:double><a:double>0</a:double></Value></Attribute><Attribute z:Id="i6"><AttributeType>rpy</AttributeType><IsRequired>true</IsRequired><Value i:type="a:ArrayOfdouble" xmlns:a="http://schemas.microsoft.com/2003/10/Serialization/Arrays"><a:double>0</a:double><a:double>0</a:double><a:double>0</a:double></Value></Attribute></Attributes><ChildElements/><ElementName>origin</ElementName><required>false</required><RPYAttribute z:Ref="i6"/><XYZAttribute z:Ref="i5"/><isCustomized>false</isCustomized></URDFElement><URDFElement z:Id="i7" i:type="Mass"><Attributes><Attribute z:Id="i8"><AttributeType>value</AttributeType><IsRequired>true</IsRequired><Value i:type="a:double" xmlns:a="http://www.w3.org/2001/XMLSchema">0</Value></Attribute></Attributes><ChildElements/><ElementName>mass</ElementName><required>false</required><ValueAttribute z:Ref="i8"/></URDFElement><URDFElement z:Id="i9" i:type="Inertia"><Attributes><Attribute z:Id="i10"><AttributeType>ixx</AttributeType><IsRequired>true</IsRequired><Value i:type="a:double" xmlns:a="http://www.w3.org/2001/XMLSchema">0</Value></Attribute><Attribute z:Id="i11"><AttributeType>ixy</AttributeType><IsRequired>true</IsRequired><Value i:type="a:double" xmlns:a="http://www.w3.org/2001/XMLSchema">0</Value></Attribute><Attribute z:Id="i12"><AttributeType>ixz</AttributeType><IsRequired>true</IsRequired><Value i:type="a:double" xmlns:a="http://www.w3.org/2001/XMLSchema">0</Value></Attribute><Attribute z:Id="i13"><AttributeType>iyy</AttributeType><IsRequired>true</IsRequired><Value i:type="a:double" xmlns:a="http://www.w3.org/2001/XMLSchema">0</Value></Attribute><Attribute z:Id="i14"><AttributeType>iyz</AttributeType><IsRequired>true</IsRequired><Value i:type="a:double" xmlns:a="http://www.w3.org/2001/XMLSchema">0</Value></Attribute><Attribute z:Id="i15"><AttributeType>izz</AttributeType><IsRequired>true</IsRequired><Value i:type="a:double" xmlns:a="http://www.w3.org/2001/XMLSchema">0</Value></Attribute></Attributes><ChildElements/><ElementName>inertia</ElementName><required>false</required><IxxAttribute z:Ref="i10"/><IxyAttribute z:Ref="i11"/><IxzAttribute z:Ref="i12"/><IyyAttribute z:Ref="i13"/><IyzAttribute z:Ref="i14"/><IzzAttribute z:Ref="i15"/></URDFElement></ChildElements><ElementName>inertial</ElementName><required>false</required><Inertia z:Ref="i9"/><Mass z:Ref="i7"/><Origin z:Ref="i4"/></URDFElement><URDFElement z:Id="i16" i:type="Visual"><Attributes/><ChildElements><URDFElement z:Id="i17" i:type="Origin"><Attributes><Attribute z:Id="i18"><AttributeType>xyz</AttributeType><IsRequired>true</IsRequired><Value i:type="a:ArrayOfdouble" xmlns:a="http://schemas.microsoft.com/2003/10/Serialization/Arrays"><a:double>0</a:double><a:double>0</a:double><a:double>0</a:double></Value></Attribute><Attribute z:Id="i19"><AttributeType>rpy</AttributeType><IsRequired>true</IsRequired><Value i:type="a:ArrayOfdouble" xmlns:a="http://schemas.microsoft.com/2003/10/Serialization/Arrays"><a:double>0</a:double><a:double>0</a:double><a:double>0</a:double></Value></Attribute></Attributes><ChildElements/><ElementName>origin</ElementName><required>false</required><RPYAttribute z:Ref="i19"/><XYZAttribute z:Ref="i18"/><isCustomized>false</isCustomized></URDFElement><URDFElement z:Id="i20" i:type="Geometry"><Attributes/><ChildElements><URDFElement z:Id="i21" i:type="Mesh"><Attributes><Attribute z:Id="i22"><AttributeType>filename</AttributeType><IsRequired>true</IsRequired><Value i:nil="true"/></Attribute></Attributes><ChildElements/><ElementName>mesh</ElementName><required>false</required><FilenameAttribute z:Ref="i22"/></URDFElement></ChildElements><ElementName>geometry</ElementName><required>true</required><Mesh z:Ref="i21"/></URDFElement><URDFElement z:Id="i23" i:type="Material"><Attributes><Attribute z:Id="i24"><AttributeType>name</AttributeType><IsRequired>true</IsRequired><Value i:type="a:string" xmlns:a="http://www.w3.org/2001/XMLSchema"/></Attribute></Attributes><ChildElements><URDFElement z:Id="i25" i:type="Color"><Attributes><Attribute z:Id="i26"><AttributeType>rgba</AttributeType><IsRequired>true</IsRequired><Value i:type="a:ArrayOfdouble" xmlns:a="http://schemas.microsoft.com/2003/10/Serialization/Arrays"><a:double>1</a:double><a:double>1</a:double><a:double>1</a:double><a:double>1</a:double></Value></Attribute></Attributes><ChildElements/><ElementName>color</ElementName><required>false</required><RGBAAttribute z:Ref="i26"/></URDFElement><URDFElement z:Id="i27" i:type="Texture"><Attributes><Attribute z:Id="i28"><AttributeType>filename</AttributeType><IsRequired>true</IsRequired><Value i:nil="true"/></Attribute></Attributes><ChildElements/><ElementName>texture</ElementName><required>false</required><FilenameAttribute z:Ref="i28"/><wFilename/></URDFElement></ChildElements><ElementName>material</ElementName><required>false</required><Color z:Ref="i25"/><NameAttribute z:Ref="i24"/><Texture z:Ref="i27"/></URDFElement></ChildElements><ElementName>visual</ElementName><required>false</required><Geometry z:Ref="i20"/><Material z:Ref="i23"/><Origin z:Ref="i17"/></URDFElement><URDFElement z:Id="i29" i:type="Collision"><Attributes/><ChildElements><URDFElement z:Id="i30" i:type="Origin"><Attributes><Attribute z:Id="i31"><AttributeType>xyz</AttributeType><IsRequired>true</IsRequired><Value i:type="a:ArrayOfdouble" xmlns:a="http://schemas.microsoft.com/2003/10/Serialization/Arrays"><a:double>0</a:double><a:double>0</a:double><a:double>0</a:double></Value></Attribute><Attribute z:Id="i32"><AttributeType>rpy</AttributeType><IsRequired>true</IsRequired><Value i:type="a:ArrayOfdouble" xmlns:a="http://schemas.microsoft.com/2003/10/Serialization/Arrays"><a:double>0</a:double><a:double>0</a:double><a:double>0</a:double></Value></Attribute></Attributes><ChildElements/><ElementName>origin</ElementName><required>false</required><RPYAttribute z:Ref="i32"/><XYZAttribute z:Ref="i31"/><isCustomized>false</isCustomized></URDFElement><URDFElement z:Id="i33" i:type="Geometry"><Attributes/><ChildElements><URDFElement z:Id="i34" i:type="Mesh"><Attributes><Attribute z:Id="i35"><AttributeType>filename</AttributeType><IsRequired>true</IsRequired><Value i:nil="true"/></Attribute></Attributes><ChildElements/><ElementName>mesh</ElementName><required>false</required><FilenameAttribute z:Ref="i35"/></URDFElement></ChildElements><ElementName>geometry</ElementName><required>true</required><Mesh z:Ref="i34"/></URDFElement></ChildElements><ElementName>collision</ElementName><required>false</required><Geometry z:Ref="i33"/><Origin z:Ref="i30"/></URDFElement><URDFElement z:Id="i36" i:type="Joint"><Attributes><Attribute z:Id="i37"><AttributeType>name</AttributeType><IsRequired>true</IsRequired><Value i:type="a:string" xmlns:a="http://www.w3.org/2001/XMLSchema"/></Attribute><Attribute z:Id="i38"><AttributeType>type</AttributeType><IsRequired>true</IsRequired><Value i:type="a:string" xmlns:a="http://www.w3.org/2001/XMLSchema"/></Attribute></Attributes><ChildElements><URDFElement z:Id="i39" i:type="Origin"><Attributes><Attribute z:Id="i40"><AttributeType>xyz</AttributeType><IsRequired>true</IsRequired><Value i:type="a:ArrayOfdouble" xmlns:a="http://schemas.microsoft.com/2003/10/Serialization/Arrays"><a:double>0</a:double><a:double>0</a:double><a:double>0</a:double></Value></Attribute><Attribute z:Id="i41"><AttributeType>rpy</AttributeType><IsRequired>true</IsRequired><Value i:type="a:ArrayOfdouble" xmlns:a="http://schemas.microsoft.com/2003/10/Serialization/Arrays"><a:double>0</a:double><a:double>0</a:double><a:double>0</a:double></Value></Attribute></Attributes><ChildElements/><ElementName>origin</ElementName><required>false</required><RPYAttribute z:Ref="i41"/><XYZAttribute z:Ref="i40"/><isCustomized>false</isCustomized></URDFElement><URDFElement z:Id="i42" i:type="ParentLink"><Attributes><Attribute z:Id="i43"><AttributeType>link</AttributeType><IsRequired>true</IsRequired><Value i:type="a:string" xmlns:a="http://www.w3.org/2001/XMLSchema"/></Attribute></Attributes><ChildElements/><ElementName>parent</ElementName><required>true</required><NameAttribute z:Ref="i43"/></URDFElement><URDFElement z:Id="i44" i:type="ChildLink"><Attributes><Attribute z:Id="i45"><AttributeType>link</AttributeType><IsRequired>true</IsRequired><Value i:type="a:string" xmlns:a="http://www.w3.org/2001/XMLSchema"/></Attribute></Attributes><ChildElements/><ElementName>child</ElementName><required>true</required><NameAttribute z:Ref="i45"/></URDFElement><URDFElement z:Id="i46" i:type="Axis"><Attributes><Attribute z:Id="i47"><AttributeType>xyz</AttributeType><IsRequired>true</IsRequired><Value i:type="a:ArrayOfdouble" xmlns:a="http://schemas.microsoft.com/2003/10/Serialization/Arrays"><a:double>0</a:double><a:double>0</a:double><a:double>0</a:double></Value></Attribute></Attributes><ChildElements/><ElementName>axis</ElementName><required>false</required><XYZAttribute z:Ref="i47"/></URDFElement><URDFElement z:Id="i48" i:type="Limit"><Attributes><Attribute z:Id="i49"><AttributeType>lower</AttributeType><IsRequired>false</IsRequired><Value i:nil="true"/></Attribute><Attribute z:Id="i50"><AttributeType>upper</AttributeType><IsRequired>false</IsRequired><Value i:nil="true"/></Attribute><Attribute z:Id="i51"><AttributeType>effort</AttributeType><IsRequired>true</IsRequired><Value i:nil="true"/></Attribute><Attribute z:Id="i52"><AttributeType>velocity</AttributeType><IsRequired>true</IsRequired><Value i:nil="true"/></Attribute></Attributes><ChildElements/><ElementName>limit</ElementName><required>false</required><EffortAttribute z:Ref="i51"/><LowerAttribute z:Ref="i49"/><UpperAttribute z:Ref="i50"/><VelocityAttribute z:Ref="i52"/></URDFElement><URDFElement z:Id="i53" i:type="Calibration"><Attributes><Attribute z:Id="i54"><AttributeType>rising</AttributeType><IsRequired>false</IsRequired><Value i:nil="true"/></Attribute><Attribute z:Id="i55"><AttributeType>falling</AttributeType><IsRequired>false</IsRequired><Value i:nil="true"/></Attribute></Attributes><ChildElements/><ElementName>calibration</ElementName><required>false</required><FallingAttribute z:Ref="i55"/><RisingAttribute z:Ref="i54"/></URDFElement><URDFElement z:Id="i56" i:type="Dynamics"><Attributes><Attribute z:Id="i57"><AttributeType>damping</AttributeType><IsRequired>false</IsRequired><Value i:nil="true"/></Attribute><Attribute z:Id="i58"><AttributeType>friction</AttributeType><IsRequired>false</IsRequired><Value i:nil="true"/></Attribute></Attributes><ChildElements/><ElementName>dynamics</ElementName><required>false</required><DampingAttribute z:Ref="i57"/><FrictionAttribute z:Ref="i58"/></URDFElement><URDFElement z:Id="i59" i:type="SafetyController"><Attributes><Attribute z:Id="i60"><AttributeType>soft_upper</AttributeType><IsRequired>false</IsRequired><Value i:nil="true"/></Attribute><Attribute z:Id="i61"><AttributeType>soft_lower</AttributeType><IsRequired>false</IsRequired><Value i:nil="true"/></Attribute><Attribute z:Id="i62"><AttributeType>k_position</AttributeType><IsRequired>false</IsRequired><Value i:nil="true"/></Attribute><Attribute z:Id="i63"><AttributeType>k_velocity</AttributeType><IsRequired>true</IsRequired><Value i:nil="true"/></Attribute></Attributes><ChildElements/><ElementName>safety_controller</ElementName><required>false</required><KPositionAttribute z:Ref="i62"/><KVelocityAttribute z:Ref="i63"/><SoftLowerAttribute z:Ref="i61"/><SoftUpperAttribute z:Ref="i60"/></URDFElement><URDFElement z:Id="i64" i:type="Mimic"><Attributes><Attribute z:Id="i65"><AttributeType>joint</AttributeType><IsRequired>true</IsRequired><Value i:nil="true"/></Attribute><Attribute z:Id="i66"><AttributeType>multiplier</AttributeType><IsRequired>false</IsRequired><Value i:nil="true"/></Attribute><Attribute z:Id="i67"><AttributeType>offset</AttributeType><IsRequired>false</IsRequired><Value i:nil="true"/></Attribute></Attributes><ChildElements/><ElementName>mimic</ElementName><required>false</required><JointNameAttribute z:Ref="i65"/><MultiplierAttribute z:Ref="i66"/><OffsetAttribute z:Ref="i67"/></URDFElement></ChildElements><ElementName>joint</ElementName><required>false</required><Axis z:Ref="i46"/><AxisName/><Calibration z:Ref="i53"/><Child z:Ref="i44"/><CoordinateSystemName>Global_1</CoordinateSystemName><Dynamics z:Ref="i56"/><Limit z:Ref="i48"/><Mimic z:Ref="i64"/><NameAttribute z:Ref="i37"/><Origin z:Ref="i39"/><Parent z:Ref="i42"/><Safety z:Ref="i59"/><TypeAttribute z:Ref="i38"/></URDFElement></ChildElements><ElementName>link</ElementName><required>true</required><Children><Link z:Id="i68"><Attributes><Attribute z:Id="i69"><AttributeType>name</AttributeType><IsRequired>true</IsRequired><Value i:type="a:string" xmlns:a="http://www.w3.org/2001/XMLSchema">Bottom_plate_chassis</Value></Attribute></Attributes><ChildElements><URDFElement z:Id="i70" i:type="Inertial"><Attributes/><ChildElements><URDFElement z:Id="i71" i:type="Origin"><Attributes><Attribute z:Id="i72"><AttributeType>xyz</AttributeType><IsRequired>true</IsRequired><Value i:type="a:ArrayOfdouble" xmlns:a="http://schemas.microsoft.com/2003/10/Serialization/Arrays"><a:double>0</a:double><a:double>0</a:double><a:double>0</a:double></Value></Attribute><Attribute z:Id="i73"><AttributeType>rpy</AttributeType><IsRequired>true</IsRequired><Value i:type="a:ArrayOfdouble" xmlns:a="http://schemas.microsoft.com/2003/10/Serialization/Arrays"><a:double>0</a:double><a:double>0</a:double><a:double>0</a:double></Value></Attribute></Attributes><ChildElements/><ElementName>origin</ElementName><required>false</required><RPYAttribute z:Ref="i73"/><XYZAttribute z:Ref="i72"/><isCustomized>false</isCustomized></URDFElement><URDFElement z:Id="i74" i:type="Mass"><Attributes><Attribute z:Id="i75"><AttributeType>value</AttributeType><IsRequired>true</IsRequired><Value i:type="a:double" xmlns:a="http://www.w3.org/2001/XMLSchema">0</Value></Attribute></Attributes><ChildElements/><ElementName>mass</ElementName><required>false</required><ValueAttribute z:Ref="i75"/></URDFElement><URDFElement z:Id="i76" i:type="Inertia"><Attributes><Attribute z:Id="i77"><AttributeType>ixx</AttributeType><IsRequired>true</IsRequired><Value i:type="a:double" xmlns:a="http://www.w3.org/2001/XMLSchema">0</Value></Attribute><Attribute z:Id="i78"><AttributeType>ixy</AttributeType><IsRequired>true</IsRequired><Value i:type="a:double" xmlns:a="http://www.w3.org/2001/XMLSchema">0</Value></Attribute><Attribute z:Id="i79"><AttributeType>ixz</AttributeType><IsRequired>true</IsRequired><Value i:type="a:double" xmlns:a="http://www.w3.org/2001/XMLSchema">0</Value></Attribute><Attribute z:Id="i80"><AttributeType>iyy</AttributeType><IsRequired>true</IsRequired><Value i:type="a:double" xmlns:a="http://www.w3.org/2001/XMLSchema">0</Value></Attribute><Attribute z:Id="i81"><AttributeType>iyz</AttributeType><IsRequired>true</IsRequired><Value i:type="a:double" xmlns:a="http://www.w3.org/2001/XMLSchema">0</Value></Attribute><Attribute z:Id="i82"><AttributeType>izz</AttributeType><IsRequired>true</IsRequired><Value i:type="a:double" xmlns:a="http://www.w3.org/2001/XMLSchema">0</Value></Attribute></Attributes><ChildElements/><ElementName>inertia</ElementName><required>false</required><IxxAttribute z:Ref="i77"/><IxyAttribute z:Ref="i78"/><IxzAttribute z:Ref="i79"/><IyyAttribute z:Ref="i80"/><IyzAttribute z:Ref="i81"/><IzzAttribute z:Ref="i82"/></URDFElement></ChildElements><ElementName>inertial</ElementName><required>false</required><Inertia z:Ref="i76"/><Mass z:Ref="i74"/><Origin z:Ref="i71"/></URDFElement><URDFElement z:Id="i83" i:type="Visual"><Attributes/><ChildElements><URDFElement z:Id="i84" i:type="Origin"><Attributes><Attribute z:Id="i85"><AttributeType>xyz</AttributeType><IsRequired>true</IsRequired><Value i:type="a:ArrayOfdouble" xmlns:a="http://schemas.microsoft.com/2003/10/Serialization/Arrays"><a:double>0</a:double><a:double>0</a:double><a:double>0</a:double></Value></Attribute><Attribute z:Id="i86"><AttributeType>rpy</AttributeType><IsRequired>true</IsRequired><Value i:type="a:ArrayOfdouble" xmlns:a="http://schemas.microsoft.com/2003/10/Serialization/Arrays"><a:double>0</a:double><a:double>0</a:double><a:double>0</a:double></Value></Attribute></Attributes><ChildElements/><ElementName>origin</ElementName><required>false</required><RPYAttribute z:Ref="i86"/><XYZAttribute z:Ref="i85"/><isCustomized>false</isCustomized></URDFElement><URDFElement z:Id="i87" i:type="Geometry"><Attributes/><ChildElements><URDFElement z:Id="i88" i:type="Mesh"><Attributes><Attribute z:Id="i89"><AttributeType>filename</AttributeType><IsRequired>true</IsRequired><Value i:nil="true"/></Attribute></Attributes><ChildElements/><ElementName>mesh</ElementName><required>false</required><FilenameAttribute z:Ref="i89"/></URDFElement></ChildElements><ElementName>geometry</ElementName><required>true</required><Mesh z:Ref="i88"/></URDFElement><URDFElement z:Id="i90" i:type="Material"><Attributes><Attribute z:Id="i91"><AttributeType>name</AttributeType><IsRequired>true</IsRequired><Value i:type="a:string" xmlns:a="http://www.w3.org/2001/XMLSchema"/></Attribute></Attributes><ChildElements><URDFElement z:Id="i92" i:type="Color"><Attributes><Attribute z:Id="i93"><AttributeType>rgba</AttributeType><IsRequired>true</IsRequired><Value i:type="a:ArrayOfdouble" xmlns:a="http://schemas.microsoft.com/2003/10/Serialization/Arrays"><a:double>1</a:double><a:double>1</a:double><a:double>1</a:double><a:double>1</a:double></Value></Attribute></Attributes><ChildElements/><ElementName>color</ElementName><required>false</required><RGBAAttribute z:Ref="i93"/></URDFElement><URDFElement z:Id="i94" i:type="Texture"><Attributes><Attribute z:Id="i95"><AttributeType>filename</AttributeType><IsRequired>true</IsRequired><Value i:nil="true"/></Attribute></Attributes><ChildElements/><ElementName>texture</ElementName><required>false</required><FilenameAttribute z:Ref="i95"/><wFilename/></URDFElement></ChildElements><ElementName>material</ElementName><required>false</required><Color z:Ref="i92"/><NameAttribute z:Ref="i91"/><Texture z:Ref="i94"/></URDFElement></ChildElements><ElementName>visual</ElementName><required>false</required><Geometry z:Ref="i87"/><Material z:Ref="i90"/><Origin z:Ref="i84"/></URDFElement><URDFElement z:Id="i96" i:type="Collision"><Attributes/><ChildElements><URDFElement z:Id="i97" i:type="Origin"><Attributes><Attribute z:Id="i98"><AttributeType>xyz</AttributeType><IsRequired>true</IsRequired><Value i:type="a:ArrayOfdouble" xmlns:a="http://schemas.microsoft.com/2003/10/Serialization/Arrays"><a:double>0</a:double><a:double>0</a:double><a:double>0</a:double></Value></Attribute><Attribute z:Id="i99"><AttributeType>rpy</AttributeType><IsRequired>true</IsRequired><Value i:type="a:ArrayOfdouble" xmlns:a="http://schemas.microsoft.com/2003/10/Serialization/Arrays"><a:double>0</a:double><a:double>0</a:double><a:double>0</a:double></Value></Attribute></Attributes><ChildElements/><ElementName>origin</ElementName><required>false</required><RPYAttribute z:Ref="i99"/><XYZAttribute z:Ref="i98"/><isCustomized>false</isCustomized></URDFElement><URDFElement z:Id="i100" i:type="Geometry"><Attributes/><ChildElements><URDFElement z:Id="i101" i:type="Mesh"><Attributes><Attribute z:Id="i102"><AttributeType>filename</AttributeType><IsRequired>true</IsRequired><Value i:nil="true"/></Attribute></Attributes><ChildElements/><ElementName>mesh</ElementName><required>false</required><FilenameAttribute z:Ref="i102"/></URDFElement></ChildElements><ElementName>geometry</ElementName><required>true</required><Mesh z:Ref="i101"/></URDFElement></ChildElements><ElementName>collision</ElementName><required>false</required><Geometry z:Ref="i100"/><Origin z:Ref="i97"/></URDFElement><URDFElement z:Id="i103" i:type="Joint"><Attributes><Attribute z:Id="i104"><AttributeType>name</AttributeType><IsRequired>true</IsRequired><Value i:type="a:string" xmlns:a="http://www.w3.org/2001/XMLSchema">Bottom_plate_chassis</Value></Attribute><Attribute z:Id="i105"><AttributeType>type</AttributeType><IsRequired>true</IsRequired><Value i:type="a:string" xmlns:a="http://www.w3.org/2001/XMLSchema">fixed</Value></Attribute></Attributes><ChildElements><URDFElement z:Id="i106" i:type="Origin"><Attributes><Attribute z:Id="i107"><AttributeType>xyz</AttributeType><IsRequired>true</IsRequired><Value i:type="a:ArrayOfdouble" xmlns:a="http://schemas.microsoft.com/2003/10/Serialization/Arrays"><a:double>0</a:double><a:double>0</a:double><a:double>0</a:double></Value></Attribute><Attribute z:Id="i108"><AttributeType>rpy</AttributeType><IsRequired>true</IsRequired><Value i:type="a:ArrayOfdouble" xmlns:a="http://schemas.microsoft.com/2003/10/Serialization/Arrays"><a:double>0</a:double><a:double>0</a:double><a:double>0</a:double></Value></Attribute></Attributes><ChildElements/><ElementName>origin</ElementName><required>false</required><RPYAttribute z:Ref="i108"/><XYZAttribute z:Ref="i107"/><isCustomized>false</isCustomized></URDFElement><URDFElement z:Id="i109" i:type="ParentLink"><Attributes><Attribute z:Id="i110"><AttributeType>link</AttributeType><IsRequired>true</IsRequired><Value i:type="a:string" xmlns:a="http://www.w3.org/2001/XMLSchema"/></Attribute></Attributes><ChildElements/><ElementName>parent</ElementName><required>true</required><NameAttribute z:Ref="i110"/></URDFElement><URDFElement z:Id="i111" i:type="ChildLink"><Attributes><Attribute z:Id="i112"><AttributeType>link</AttributeType><IsRequired>true</IsRequired><Value i:type="a:string" xmlns:a="http://www.w3.org/2001/XMLSchema"/></Attribute></Attributes><ChildElements/><ElementName>child</ElementName><required>true</required><NameAttribute z:Ref="i112"/></URDFElement><URDFElement z:Id="i113" i:type="Axis"><Attributes><Attribute z:Id="i114"><AttributeType>xyz</AttributeType><IsRequired>true</IsRequired><Value i:type="a:ArrayOfdouble" xmlns:a="http://schemas.microsoft.com/2003/10/Serialization/Arrays"><a:double>0</a:double><a:double>0</a:double><a:double>0</a:double></Value></Attribute></Attributes><ChildElements/><ElementName>axis</ElementName><required>false</required><XYZAttribute z:Ref="i114"/></URDFElement><URDFElement z:Id="i115" i:type="Limit"><Attributes><Attribute z:Id="i116"><AttributeType>lower</AttributeType><IsRequired>false</IsRequired><Value i:nil="true"/></Attribute><Attribute z:Id="i117"><AttributeType>upper</AttributeType><IsRequired>false</IsRequired><Value i:nil="true"/></Attribute><Attribute z:Id="i118"><AttributeType>effort</AttributeType><IsRequired>true</IsRequired><Value i:nil="true"/></Attribute><Attribute z:Id="i119"><AttributeType>velocity</AttributeType><IsRequired>true</IsRequired><Value i:nil="true"/></Attribute></Attributes><ChildElements/><ElementName>limit</ElementName><required>false</required><EffortAttribute z:Ref="i118"/><LowerAttribute z:Ref="i116"/><UpperAttribute z:Ref="i117"/><VelocityAttribute z:Ref="i119"/></URDFElement><URDFElement z:Id="i120" i:type="Calibration"><Attributes><Attribute z:Id="i121"><AttributeType>rising</AttributeType><IsRequired>false</IsRequired><Value i:nil="true"/></Attribute><Attribute z:Id="i122"><AttributeType>falling</AttributeType><IsRequired>false</IsRequired><Value i:nil="true"/></Attribute></Attributes><ChildElements/><ElementName>calibration</ElementName><required>false</required><FallingAttribute z:Ref="i122"/><RisingAttribute z:Ref="i121"/></URDFElement><URDFElement z:Id="i123" i:type="Dynamics"><Attributes><Attribute z:Id="i124"><AttributeType>damping</AttributeType><IsRequired>false</IsRequired><Value i:nil="true"/></Attribute><Attribute z:Id="i125"><AttributeType>friction</AttributeType><IsRequired>false</IsRequired><Value i:nil="true"/></Attribute></Attributes><ChildElements/><ElementName>dynamics</ElementName><required>false</required><DampingAttribute z:Ref="i124"/><FrictionAttribute z:Ref="i125"/></URDFElement><URDFElement z:Id="i126" i:type="SafetyController"><Attributes><Attribute z:Id="i127"><AttributeType>soft_upper</AttributeType><IsRequired>false</IsRequired><Value i:nil="true"/></Attribute><Attribute z:Id="i128"><AttributeType>soft_lower</AttributeType><IsRequired>false</IsRequired><Value i:nil="true"/></Attribute><Attribute z:Id="i129"><AttributeType>k_position</AttributeType><IsRequired>false</IsRequired><Value i:nil="true"/></Attribute><Attribute z:Id="i130"><AttributeType>k_velocity</AttributeType><IsRequired>true</IsRequired><Value i:nil="true"/></Attribute></Attributes><ChildElements/><ElementName>safety_controller</ElementName><required>false</required><KPositionAttribute z:Ref="i129"/><KVelocityAttribute z:Ref="i130"/><SoftLowerAttribute z:Ref="i128"/><SoftUpperAttribute z:Ref="i127"/></URDFElement><URDFElement z:Id="i131" i:type="Mimic"><Attributes><Attribute z:Id="i132"><AttributeType>joint</AttributeType><IsRequired>true</IsRequired><Value i:nil="true"/></Attribute><Attribute z:Id="i133"><AttributeType>multiplier</AttributeType><IsRequired>false</IsRequired><Value i:nil="true"/></Attribute><Attribute z:Id="i134"><AttributeType>offset</AttributeType><IsRequired>false</IsRequired><Value i:nil="true"/></Attribute></Attributes><ChildElements/><ElementName>mimic</ElementName><required>false</required><JointNameAttribute z:Ref="i132"/><MultiplierAttribute z:Ref="i133"/><OffsetAttribute z:Ref="i134"/></URDFElement></ChildElements><ElementName>joint</ElementName><required>false</required><Axis z:Ref="i113"/><AxisName>Automatically Generate</AxisName><Calibration z:Ref="i120"/><Child z:Ref="i111"/><CoordinateSystemName>Global_1</CoordinateSystemName><Dynamics z:Ref="i123"/><Limit z:Ref="i115"/><Mimic z:Ref="i131"/><NameAttribute z:Ref="i104"/><Origin z:Ref="i106"/><Parent z:Ref="i109"/><Safety z:Ref="i126"/><TypeAttribute z:Ref="i105"/></URDFElement></ChildElements><ElementName>link</ElementName><required>true</required><Children><Link z:Id="i135"><Attributes><Attribute z:Id="i136"><AttributeType>name</AttributeType><IsRequired>true</IsRequired><Value i:type="a:string" xmlns:a="http://www.w3.org/2001/XMLSchema">Left_servo1</Value></Attribute></Attributes><ChildElements><URDFElement z:Id="i137" i:type="Inertial"><Attributes/><ChildElements><URDFElement z:Id="i138" i:type="Origin"><Attributes><Attribute z:Id="i139"><AttributeType>xyz</AttributeType><IsRequired>true</IsRequired><Value i:type="a:ArrayOfdouble" xmlns:a="http://schemas.microsoft.com/2003/10/Serialization/Arrays"><a:double>0</a:double><a:double>0</a:double><a:double>0</a:double></Value></Attribute><Attribute z:Id="i140"><AttributeType>rpy</AttributeType><IsRequired>true</IsRequired><Value i:type="a:ArrayOfdouble" xmlns:a="http://schemas.microsoft.com/2003/10/Serialization/Arrays"><a:double>0</a:double><a:double>0</a:double><a:double>0</a:double></Value></Attribute></Attributes><ChildElements/><ElementName>origin</ElementName><required>false</required><RPYAttribute z:Ref="i140"/><XYZAttribute z:Ref="i139"/><isCustomized>false</isCustomized></URDFElement><URDFElement z:Id="i141" i:type="Mass"><Attributes><Attribute z:Id="i142"><AttributeType>value</AttributeType><IsRequired>true</IsRequired><Value i:type="a:double" xmlns:a="http://www.w3.org/2001/XMLSchema">0</Value></Attribute></Attributes><ChildElements/><ElementName>mass</ElementName><required>false</required><ValueAttribute z:Ref="i142"/></URDFElement><URDFElement z:Id="i143" i:type="Inertia"><Attributes><Attribute z:Id="i144"><AttributeType>ixx</AttributeType><IsRequired>true</IsRequired><Value i:type="a:double" xmlns:a="http://www.w3.org/2001/XMLSchema">0</Value></Attribute><Attribute z:Id="i145"><AttributeType>ixy</AttributeType><IsRequired>true</IsRequired><Value i:type="a:double" xmlns:a="http://www.w3.org/2001/XMLSchema">0</Value></Attribute><Attribute z:Id="i146"><AttributeType>ixz</AttributeType><IsRequired>true</IsRequired><Value i:type="a:double" xmlns:a="http://www.w3.org/2001/XMLSchema">0</Value></Attribute><Attribute z:Id="i147"><AttributeType>iyy</AttributeType><IsRequired>true</IsRequired><Value i:type="a:double" xmlns:a="http://www.w3.org/2001/XMLSchema">0</Value></Attribute><Attribute z:Id="i148"><AttributeType>iyz</AttributeType><IsRequired>true</IsRequired><Value i:type="a:double" xmlns:a="http://www.w3.org/2001/XMLSchema">0</Value></Attribute><Attribute z:Id="i149"><AttributeType>izz</AttributeType><IsRequired>true</IsRequired><Value i:type="a:double" xmlns:a="http://www.w3.org/2001/XMLSchema">0</Value></Attribute></Attributes><ChildElements/><ElementName>inertia</ElementName><required>false</required><IxxAttribute z:Ref="i144"/><IxyAttribute z:Ref="i145"/><IxzAttribute z:Ref="i146"/><IyyAttribute z:Ref="i147"/><IyzAttribute z:Ref="i148"/><IzzAttribute z:Ref="i149"/></URDFElement></ChildElements><ElementName>inertial</ElementName><required>false</required><Inertia z:Ref="i143"/><Mass z:Ref="i141"/><Origin z:Ref="i138"/></URDFElement><URDFElement z:Id="i150" i:type="Visual"><Attributes/><ChildElements><URDFElement z:Id="i151" i:type="Origin"><Attributes><Attribute z:Id="i152"><AttributeType>xyz</AttributeType><IsRequired>true</IsRequired><Value i:type="a:ArrayOfdouble" xmlns:a="http://schemas.microsoft.com/2003/10/Serialization/Arrays"><a:double>0</a:double><a:double>0</a:double><a:double>0</a:double></Value></Attribute><Attribute z:Id="i153"><AttributeType>rpy</AttributeType><IsRequired>true</IsRequired><Value i:type="a:ArrayOfdouble" xmlns:a="http://schemas.microsoft.com/2003/10/Serialization/Arrays"><a:double>0</a:double><a:double>0</a:double><a:double>0</a:double></Value></Attribute></Attributes><ChildElements/><ElementName>origin</ElementName><required>false</required><RPYAttribute z:Ref="i153"/><XYZAttribute z:Ref="i152"/><isCustomized>false</isCustomized></URDFElement><URDFElement z:Id="i154" i:type="Geometry"><Attributes/><ChildElements><URDFElement z:Id="i155" i:type="Mesh"><Attributes><Attribute z:Id="i156"><AttributeType>filename</AttributeType><IsRequired>true</IsRequired><Value i:nil="true"/></Attribute></Attributes><ChildElements/><ElementName>mesh</ElementName><required>false</required><FilenameAttribute z:Ref="i156"/></URDFElement></ChildElements><ElementName>geometry</ElementName><required>true</required><Mesh z:Ref="i155"/></URDFElement><URDFElement z:Id="i157" i:type="Material"><Attributes><Attribute z:Id="i158"><AttributeType>name</AttributeType><IsRequired>true</IsRequired><Value i:type="a:string" xmlns:a="http://www.w3.org/2001/XMLSchema"/></Attribute></Attributes><ChildElements><URDFElement z:Id="i159" i:type="Color"><Attributes><Attribute z:Id="i160"><AttributeType>rgba</AttributeType><IsRequired>true</IsRequired><Value i:type="a:ArrayOfdouble" xmlns:a="http://schemas.microsoft.com/2003/10/Serialization/Arrays"><a:double>1</a:double><a:double>1</a:double><a:double>1</a:double><a:double>1</a:double></Value></Attribute></Attributes><ChildElements/><ElementName>color</ElementName><required>false</required><RGBAAttribute z:Ref="i160"/></URDFElement><URDFElement z:Id="i161" i:type="Texture"><Attributes><Attribute z:Id="i162"><AttributeType>filename</AttributeType><IsRequired>true</IsRequired><Value i:nil="true"/></Attribute></Attributes><ChildElements/><ElementName>texture</ElementName><required>false</required><FilenameAttribute z:Ref="i162"/><wFilename/></URDFElement></ChildElements><ElementName>material</ElementName><required>false</required><Color z:Ref="i159"/><NameAttribute z:Ref="i158"/><Texture z:Ref="i161"/></URDFElement></ChildElements><ElementName>visual</ElementName><required>false</required><Geometry z:Ref="i154"/><Material z:Ref="i157"/><Origin z:Ref="i151"/></URDFElement><URDFElement z:Id="i163" i:type="Collision"><Attributes/><ChildElements><URDFElement z:Id="i164" i:type="Origin"><Attributes><Attribute z:Id="i165"><AttributeType>xyz</AttributeType><IsRequired>true</IsRequired><Value i:type="a:ArrayOfdouble" xmlns:a="http://schemas.microsoft.com/2003/10/Serialization/Arrays"><a:double>0</a:double><a:double>0</a:double><a:double>0</a:double></Value></Attribute><Attribute z:Id="i166"><AttributeType>rpy</AttributeType><IsRequired>true</IsRequired><Value i:type="a:ArrayOfdouble" xmlns:a="http://schemas.microsoft.com/2003/10/Serialization/Arrays"><a:double>0</a:double><a:double>0</a:double><a:double>0</a:double></Value></Attribute></Attributes><ChildElements/><ElementName>origin</ElementName><required>false</required><RPYAttribute z:Ref="i166"/><XYZAttribute z:Ref="i165"/><isCustomized>false</isCustomized></URDFElement><URDFElement z:Id="i167" i:type="Geometry"><Attributes/><ChildElements><URDFElement z:Id="i168" i:type="Mesh"><Attributes><Attribute z:Id="i169"><AttributeType>filename</AttributeType><IsRequired>true</IsRequired><Value i:nil="true"/></Attribute></Attributes><ChildElements/><ElementName>mesh</ElementName><required>false</required><FilenameAttribute z:Ref="i169"/></URDFElement></ChildElements><ElementName>geometry</ElementName><required>true</required><Mesh z:Ref="i168"/></URDFElement></ChildElements><ElementName>collision</ElementName><required>false</required><Geometry z:Ref="i167"/><Origin z:Ref="i164"/></URDFElement><URDFElement z:Id="i170" i:type="Joint"><Attributes><Attribute z:Id="i171"><AttributeType>name</AttributeType><IsRequired>true</IsRequired><Value i:type="a:string" xmlns:a="http://www.w3.org/2001/XMLSchema">Left_servo1_joint</Value></Attribute><Attribute z:Id="i172"><AttributeType>type</AttributeType><IsRequired>true</IsRequired><Value i:type="a:string" xmlns:a="http://www.w3.org/2001/XMLSchema">revolute</Value></Attribute></Attributes><ChildElements><URDFElement z:Id="i173" i:type="Origin"><Attributes><Attribute z:Id="i174"><AttributeType>xyz</AttributeType><IsRequired>true</IsRequired><Value i:type="a:ArrayOfdouble" xmlns:a="http://schemas.microsoft.com/2003/10/Serialization/Arrays"><a:double>0</a:double><a:double>0</a:double><a:double>0</a:double></Value></Attribute><Attribute z:Id="i175"><AttributeType>rpy</AttributeType><IsRequired>true</IsRequired><Value i:type="a:ArrayOfdouble" xmlns:a="http://schemas.microsoft.com/2003/10/Serialization/Arrays"><a:double>0</a:double><a:double>0</a:double><a:double>0</a:double></Value></Attribute></Attributes><ChildElements/><ElementName>origin</ElementName><required>false</required><RPYAttribute z:Ref="i175"/><XYZAttribute z:Ref="i174"/><isCustomized>false</isCustomized></URDFElement><URDFElement z:Id="i176" i:type="ParentLink"><Attributes><Attribute z:Id="i177"><AttributeType>link</AttributeType><IsRequired>true</IsRequired><Value i:type="a:string" xmlns:a="http://www.w3.org/2001/XMLSchema"/></Attribute></Attributes><ChildElements/><ElementName>parent</ElementName><required>true</required><NameAttribute z:Ref="i177"/></URDFElement><URDFElement z:Id="i178" i:type="ChildLink"><Attributes><Attribute z:Id="i179"><AttributeType>link</AttributeType><IsRequired>true</IsRequired><Value i:type="a:string" xmlns:a="http://www.w3.org/2001/XMLSchema"/></Attribute></Attributes><ChildElements/><ElementName>child</ElementName><required>true</required><NameAttribute z:Ref="i179"/></URDFElement><URDFElement z:Id="i180" i:type="Axis"><Attributes><Attribute z:Id="i181"><AttributeType>xyz</AttributeType><IsRequired>true</IsRequired><Value i:type="a:ArrayOfdouble" xmlns:a="http://schemas.microsoft.com/2003/10/Serialization/Arrays"><a:double>0</a:double><a:double>0</a:double><a:double>0</a:double></Value></Attribute></Attributes><ChildElements/><ElementName>axis</ElementName><required>false</required><XYZAttribute z:Ref="i181"/></URDFElement><URDFElement z:Id="i182" i:type="Limit"><Attributes><Attribute z:Id="i183"><AttributeType>lower</AttributeType><IsRequired>false</IsRequired><Value i:nil="true"/></Attribute><Attribute z:Id="i184"><AttributeType>upper</AttributeType><IsRequired>false</IsRequired><Value i:nil="true"/></Attribute><Attribute z:Id="i185"><AttributeType>effort</AttributeType><IsRequired>true</IsRequired><Value i:nil="true"/></Attribute><Attribute z:Id="i186"><AttributeType>velocity</AttributeType><IsRequired>true</IsRequired><Value i:nil="true"/></Attribute></Attributes><ChildElements/><ElementName>limit</ElementName><required>false</required><EffortAttribute z:Ref="i185"/><LowerAttribute z:Ref="i183"/><UpperAttribute z:Ref="i184"/><VelocityAttribute z:Ref="i186"/></URDFElement><URDFElement z:Id="i187" i:type="Calibration"><Attributes><Attribute z:Id="i188"><AttributeType>rising</AttributeType><IsRequired>false</IsRequired><Value i:nil="true"/></Attribute><Attribute z:Id="i189"><AttributeType>falling</AttributeType><IsRequired>false</IsRequired><Value i:nil="true"/></Attribute></Attributes><ChildElements/><ElementName>calibration</ElementName><required>false</required><FallingAttribute z:Ref="i189"/><RisingAttribute z:Ref="i188"/></URDFElement><URDFElement z:Id="i190" i:type="Dynamics"><Attributes><Attribute z:Id="i191"><AttributeType>damping</AttributeType><IsRequired>false</IsRequired><Value i:nil="true"/></Attribute><Attribute z:Id="i192"><AttributeType>friction</AttributeType><IsRequired>false</IsRequired><Value i:nil="true"/></Attribute></Attributes><ChildElements/><ElementName>dynamics</ElementName><required>false</required><DampingAttribute z:Ref="i191"/><FrictionAttribute z:Ref="i192"/></URDFElement><URDFElement z:Id="i193" i:type="SafetyController"><Attributes><Attribute z:Id="i194"><AttributeType>soft_upper</AttributeType><IsRequired>false</IsRequired><Value i:nil="true"/></Attribute><Attribute z:Id="i195"><AttributeType>soft_lower</AttributeType><IsRequired>false</IsRequired><Value i:nil="true"/></Attribute><Attribute z:Id="i196"><AttributeType>k_position</AttributeType><IsRequired>false</IsRequired><Value i:nil="true"/></Attribute><Attribute z:Id="i197"><AttributeType>k_velocity</AttributeType><IsRequired>true</IsRequired><Value i:nil="true"/></Attribute></Attributes><ChildElements/><ElementName>safety_controller</ElementName><required>false</required><KPositionAttribute z:Ref="i196"/><KVelocityAttribute z:Ref="i197"/><SoftLowerAttribute z:Ref="i195"/><SoftUpperAttribute z:Ref="i194"/></URDFElement><URDFElement z:Id="i198" i:type="Mimic"><Attributes><Attribute z:Id="i199"><AttributeType>joint</AttributeType><IsRequired>true</IsRequired><Value i:nil="true"/></Attribute><Attribute z:Id="i200"><AttributeType>multiplier</AttributeType><IsRequired>false</IsRequired><Value i:nil="true"/></Attribute><Attribute z:Id="i201"><AttributeType>offset</AttributeType><IsRequired>false</IsRequired><Value i:nil="true"/></Attribute></Attributes><ChildElements/><ElementName>mimic</ElementName><required>false</required><JointNameAttribute z:Ref="i199"/><MultiplierAttribute z:Ref="i200"/><OffsetAttribute z:Ref="i201"/></URDFElement></ChildElements><ElementName>joint</ElementName><required>false</required><Axis z:Ref="i180"/><AxisName>Automatically Generate</AxisName><Calibration z:Ref="i187"/><Child z:Ref="i178"/><CoordinateSystemName>Left_1</CoordinateSystemName><Dynamics z:Ref="i190"/><Limit z:Ref="i182"/><Mimic z:Ref="i198"/><NameAttribute z:Ref="i171"/><Origin z:Ref="i173"/><Parent z:Ref="i176"/><Safety z:Ref="i193"/><TypeAttribute z:Ref="i172"/></URDFElement></ChildElements><ElementName>link</ElementName><required>true</required><Children><Link z:Id="i202"><Attributes><Attribute z:Id="i203"><AttributeType>name</AttributeType><IsRequired>true</IsRequired><Value i:type="a:string" xmlns:a="http://www.w3.org/2001/XMLSchema">Left_servo2</Value></Attribute></Attributes><ChildElements><URDFElement z:Id="i204" i:type="Inertial"><Attributes/><ChildElements><URDFElement z:Id="i205" i:type="Origin"><Attributes><Attribute z:Id="i206"><AttributeType>xyz</AttributeType><IsRequired>true</IsRequired><Value i:type="a:ArrayOfdouble" xmlns:a="http://schemas.microsoft.com/2003/10/Serialization/Arrays"><a:double>0</a:double><a:double>0</a:double><a:double>0</a:double></Value></Attribute><Attribute z:Id="i207"><AttributeType>rpy</AttributeType><IsRequired>true</IsRequired><Value i:type="a:ArrayOfdouble" xmlns:a="http://schemas.microsoft.com/2003/10/Serialization/Arrays"><a:double>0</a:double><a:double>0</a:double><a:double>0</a:double></Value></Attribute></Attributes><ChildElements/><ElementName>origin</ElementName><required>false</required><RPYAttribute z:Ref="i207"/><XYZAttribute z:Ref="i206"/><isCustomized>false</isCustomized></URDFElement><URDFElement z:Id="i208" i:type="Mass"><Attributes><Attribute z:Id="i209"><AttributeType>value</AttributeType><IsRequired>true</IsRequired><Value i:type="a:double" xmlns:a="http://www.w3.org/2001/XMLSchema">0</Value></Attribute></Attributes><ChildElements/><ElementName>mass</ElementName><required>false</required><ValueAttribute z:Ref="i209"/></URDFElement><URDFElement z:Id="i210" i:type="Inertia"><Attributes><Attribute z:Id="i211"><AttributeType>ixx</AttributeType><IsRequired>true</IsRequired><Value i:type="a:double" xmlns:a="http://www.w3.org/2001/XMLSchema">0</Value></Attribute><Attribute z:Id="i212"><AttributeType>ixy</AttributeType><IsRequired>true</IsRequired><Value i:type="a:double" xmlns:a="http://www.w3.org/2001/XMLSchema">0</Value></Attribute><Attribute z:Id="i213"><AttributeType>ixz</AttributeType><IsRequired>true</IsRequired><Value i:type="a:double" xmlns:a="http://www.w3.org/2001/XMLSchema">0</Value></Attribute><Attribute z:Id="i214"><AttributeType>iyy</AttributeType><IsRequired>true</IsRequired><Value i:type="a:double" xmlns:a="http://www.w3.org/2001/XMLSchema">0</Value></Attribute><Attribute z:Id="i215"><AttributeType>iyz</AttributeType><IsRequired>true</IsRequired><Value i:type="a:double" xmlns:a="http://www.w3.org/2001/XMLSchema">0</Value></Attribute><Attribute z:Id="i216"><AttributeType>izz</AttributeType><IsRequired>true</IsRequired><Value i:type="a:double" xmlns:a="http://www.w3.org/2001/XMLSchema">0</Value></Attribute></Attributes><ChildElements/><ElementName>inertia</ElementName><required>false</required><IxxAttribute z:Ref="i211"/><IxyAttribute z:Ref="i212"/><IxzAttribute z:Ref="i213"/><IyyAttribute z:Ref="i214"/><IyzAttribute z:Ref="i215"/><IzzAttribute z:Ref="i216"/></URDFElement></ChildElements><ElementName>inertial</ElementName><required>false</required><Inertia z:Ref="i210"/><Mass z:Ref="i208"/><Origin z:Ref="i205"/></URDFElement><URDFElement z:Id="i217" i:type="Visual"><Attributes/><ChildElements><URDFElement z:Id="i218" i:type="Origin"><Attributes><Attribute z:Id="i219"><AttributeType>xyz</AttributeType><IsRequired>true</IsRequired><Value i:type="a:ArrayOfdouble" xmlns:a="http://schemas.microsoft.com/2003/10/Serialization/Arrays"><a:double>0</a:double><a:double>0</a:double><a:double>0</a:double></Value></Attribute><Attribute z:Id="i220"><AttributeType>rpy</AttributeType><IsRequired>true</IsRequired><Value i:type="a:ArrayOfdouble" xmlns:a="http://schemas.microsoft.com/2003/10/Serialization/Arrays"><a:double>0</a:double><a:double>0</a:double><a:double>0</a:double></Value></Attribute></Attributes><ChildElements/><ElementName>origin</ElementName><required>false</required><RPYAttribute z:Ref="i220"/><XYZAttribute z:Ref="i219"/><isCustomized>false</isCustomized></URDFElement><URDFElement z:Id="i221" i:type="Geometry"><Attributes/><ChildElements><URDFElement z:Id="i222" i:type="Mesh"><Attributes><Attribute z:Id="i223"><AttributeType>filename</AttributeType><IsRequired>true</IsRequired><Value i:nil="true"/></Attribute></Attributes><ChildElements/><ElementName>mesh</ElementName><required>false</required><FilenameAttribute z:Ref="i223"/></URDFElement></ChildElements><ElementName>geometry</ElementName><required>true</required><Mesh z:Ref="i222"/></URDFElement><URDFElement z:Id="i224" i:type="Material"><Attributes><Attribute z:Id="i225"><AttributeType>name</AttributeType><IsRequired>true</IsRequired><Value i:type="a:string" xmlns:a="http://www.w3.org/2001/XMLSchema"/></Attribute></Attributes><ChildElements><URDFElement z:Id="i226" i:type="Color"><Attributes><Attribute z:Id="i227"><AttributeType>rgba</AttributeType><IsRequired>true</IsRequired><Value i:type="a:ArrayOfdouble" xmlns:a="http://schemas.microsoft.com/2003/10/Serialization/Arrays"><a:double>1</a:double><a:double>1</a:double><a:double>1</a:double><a:double>1</a:double></Value></Attribute></Attributes><ChildElements/><ElementName>color</ElementName><required>false</required><RGBAAttribute z:Ref="i227"/></URDFElement><URDFElement z:Id="i228" i:type="Texture"><Attributes><Attribute z:Id="i229"><AttributeType>filename</AttributeType><IsRequired>true</IsRequired><Value i:nil="true"/></Attribute></Attributes><ChildElements/><ElementName>texture</ElementName><required>false</required><FilenameAttribute z:Ref="i229"/><wFilename/></URDFElement></ChildElements><ElementName>material</ElementName><required>false</required><Color z:Ref="i226"/><NameAttribute z:Ref="i225"/><Texture z:Ref="i228"/></URDFElement></ChildElements><ElementName>visual</ElementName><required>false</required><Geometry z:Ref="i221"/><Material z:Ref="i224"/><Origin z:Ref="i218"/></URDFElement><URDFElement z:Id="i230" i:type="Collision"><Attributes/><ChildElements><URDFElement z:Id="i231" i:type="Origin"><Attributes><Attribute z:Id="i232"><AttributeType>xyz</AttributeType><IsRequired>true</IsRequired><Value i:type="a:ArrayOfdouble" xmlns:a="http://schemas.microsoft.com/2003/10/Serialization/Arrays"><a:double>0</a:double><a:double>0</a:double><a:double>0</a:double></Value></Attribute><Attribute z:Id="i233"><AttributeType>rpy</AttributeType><IsRequired>true</IsRequired><Value i:type="a:ArrayOfdouble" xmlns:a="http://schemas.microsoft.com/2003/10/Serialization/Arrays"><a:double>0</a:double><a:double>0</a:double><a:double>0</a:double></Value></Attribute></Attributes><ChildElements/><ElementName>origin</ElementName><required>false</required><RPYAttribute z:Ref="i233"/><XYZAttribute z:Ref="i232"/><isCustomized>false</isCustomized></URDFElement><URDFElement z:Id="i234" i:type="Geometry"><Attributes/><ChildElements><URDFElement z:Id="i235" i:type="Mesh"><Attributes><Attribute z:Id="i236"><AttributeType>filename</AttributeType><IsRequired>true</IsRequired><Value i:nil="true"/></Attribute></Attributes><ChildElements/><ElementName>mesh</ElementName><required>false</required><FilenameAttribute z:Ref="i236"/></URDFElement></ChildElements><ElementName>geometry</ElementName><required>true</required><Mesh z:Ref="i235"/></URDFElement></ChildElements><ElementName>collision</ElementName><required>false</required><Geometry z:Ref="i234"/><Origin z:Ref="i231"/></URDFElement><URDFElement z:Id="i237" i:type="Joint"><Attributes><Attribute z:Id="i238"><AttributeType>name</AttributeType><IsRequired>true</IsRequired><Value i:type="a:string" xmlns:a="http://www.w3.org/2001/XMLSchema">Left_servo2_joint</Value></Attribute><Attribute z:Id="i239"><AttributeType>type</AttributeType><IsRequired>true</IsRequired><Value i:type="a:string" xmlns:a="http://www.w3.org/2001/XMLSchema">revolute</Value></Attribute></Attributes><ChildElements><URDFElement z:Id="i240" i:type="Origin"><Attributes><Attribute z:Id="i241"><AttributeType>xyz</AttributeType><IsRequired>true</IsRequired><Value i:type="a:ArrayOfdouble" xmlns:a="http://schemas.microsoft.com/2003/10/Serialization/Arrays"><a:double>0</a:double><a:double>0</a:double><a:double>0</a:double></Value></Attribute><Attribute z:Id="i242"><AttributeType>rpy</AttributeType><IsRequired>true</IsRequired><Value i:type="a:ArrayOfdouble" xmlns:a="http://schemas.microsoft.com/2003/10/Serialization/Arrays"><a:double>0</a:double><a:double>0</a:double><a:double>0</a:double></Value></Attribute></Attributes><ChildElements/><ElementName>origin</ElementName><required>false</required><RPYAttribute z:Ref="i242"/><XYZAttribute z:Ref="i241"/><isCustomized>false</isCustomized></URDFElement><URDFElement z:Id="i243" i:type="ParentLink"><Attributes><Attribute z:Id="i244"><AttributeType>link</AttributeType><IsRequired>true</IsRequired><Value i:type="a:string" xmlns:a="http://www.w3.org/2001/XMLSchema"/></Attribute></Attributes><ChildElements/><ElementName>parent</ElementName><required>true</required><NameAttribute z:Ref="i244"/></URDFElement><URDFElement z:Id="i245" i:type="ChildLink"><Attributes><Attribute z:Id="i246"><AttributeType>link</AttributeType><IsRequired>true</IsRequired><Value i:type="a:string" xmlns:a="http://www.w3.org/2001/XMLSchema"/></Attribute></Attributes><ChildElements/><ElementName>child</ElementName><required>true</required><NameAttribute z:Ref="i246"/></URDFElement><URDFElement z:Id="i247" i:type="Axis"><Attributes><Attribute z:Id="i248"><AttributeType>xyz</AttributeType><IsRequired>true</IsRequired><Value i:type="a:ArrayOfdouble" xmlns:a="http://schemas.microsoft.com/2003/10/Serialization/Arrays"><a:double>0</a:double><a:double>0</a:double><a:double>0</a:double></Value></Attribute></Attributes><ChildElements/><ElementName>axis</ElementName><required>false</required><XYZAttribute z:Ref="i248"/></URDFElement><URDFElement z:Id="i249" i:type="Limit"><Attributes><Attribute z:Id="i250"><AttributeType>lower</AttributeType><IsRequired>false</IsRequired><Value i:nil="true"/></Attribute><Attribute z:Id="i251"><AttributeType>upper</AttributeType><IsRequired>false</IsRequired><Value i:nil="true"/></Attribute><Attribute z:Id="i252"><AttributeType>effort</AttributeType><IsRequired>true</IsRequired><Value i:nil="true"/></Attribute><Attribute z:Id="i253"><AttributeType>velocity</AttributeType><IsRequired>true</IsRequired><Value i:nil="true"/></Attribute></Attributes><ChildElements/><ElementName>limit</ElementName><required>false</required><EffortAttribute z:Ref="i252"/><LowerAttribute z:Ref="i250"/><UpperAttribute z:Ref="i251"/><VelocityAttribute z:Ref="i253"/></URDFElement><URDFElement z:Id="i254" i:type="Calibration"><Attributes><Attribute z:Id="i255"><AttributeType>rising</AttributeType><IsRequired>false</IsRequired><Value i:nil="true"/></Attribute><Attribute z:Id="i256"><AttributeType>falling</AttributeType><IsRequired>false</IsRequired><Value i:nil="true"/></Attribute></Attributes><ChildElements/><ElementName>calibration</ElementName><required>false</required><FallingAttribute z:Ref="i256"/><RisingAttribute z:Ref="i255"/></URDFElement><URDFElement z:Id="i257" i:type="Dynamics"><Attributes><Attribute z:Id="i258"><AttributeType>damping</AttributeType><IsRequired>false</IsRequired><Value i:nil="true"/></Attribute><Attribute z:Id="i259"><AttributeType>friction</AttributeType><IsRequired>false</IsRequired><Value i:nil="true"/></Attribute></Attributes><ChildElements/><ElementName>dynamics</ElementName><required>false</required><DampingAttribute z:Ref="i258"/><FrictionAttribute z:Ref="i259"/></URDFElement><URDFElement z:Id="i260" i:type="SafetyController"><Attributes><Attribute z:Id="i261"><AttributeType>soft_upper</AttributeType><IsRequired>false</IsRequired><Value i:nil="true"/></Attribute><Attribute z:Id="i262"><AttributeType>soft_lower</AttributeType><IsRequired>false</IsRequired><Value i:nil="true"/></Attribute><Attribute z:Id="i263"><AttributeType>k_position</AttributeType><IsRequired>false</IsRequired><Value i:nil="true"/></Attribute><Attribute z:Id="i264"><AttributeType>k_velocity</AttributeType><IsRequired>true</IsRequired><Value i:nil="true"/></Attribute></Attributes><ChildElements/><ElementName>safety_controller</ElementName><required>false</required><KPositionAttribute z:Ref="i263"/><KVelocityAttribute z:Ref="i264"/><SoftLowerAttribute z:Ref="i262"/><SoftUpperAttribute z:Ref="i261"/></URDFElement><URDFElement z:Id="i265" i:type="Mimic"><Attributes><Attribute z:Id="i266"><AttributeType>joint</AttributeType><IsRequired>true</IsRequired><Value i:nil="true"/></Attribute><Attribute z:Id="i267"><AttributeType>multiplier</AttributeType><IsRequired>false</IsRequired><Value i:nil="true"/></Attribute><Attribute z:Id="i268"><AttributeType>offset</AttributeType><IsRequired>false</IsRequired><Value i:nil="true"/></Attribute></Attributes><ChildElements/><ElementName>mimic</ElementName><required>false</required><JointNameAttribute z:Ref="i266"/><MultiplierAttribute z:Ref="i267"/><OffsetAttribute z:Ref="i268"/></URDFElement></ChildElements><ElementName>joint</ElementName><required>false</required><Axis z:Ref="i247"/><AxisName>Automatically Generate</AxisName><Calibration z:Ref="i254"/><Child z:Ref="i245"/><CoordinateSystemName>Left_2</CoordinateSystemName><Dynamics z:Ref="i257"/><Limit z:Ref="i249"/><Mimic z:Ref="i265"/><NameAttribute z:Ref="i238"/><Origin z:Ref="i240"/><Parent z:Ref="i243"/><Safety z:Ref="i260"/><TypeAttribute z:Ref="i239"/></URDFElement></ChildElements><ElementName>link</ElementName><required>true</required><Children><Link z:Id="i269"><Attributes><Attribute z:Id="i270"><AttributeType>name</AttributeType><IsRequired>true</IsRequired><Value i:type="a:string" xmlns:a="http://www.w3.org/2001/XMLSchema">Left_prop</Value></Attribute></Attributes><ChildElements><URDFElement z:Id="i271" i:type="Inertial"><Attributes/><ChildElements><URDFElement z:Id="i272" i:type="Origin"><Attributes><Attribute z:Id="i273"><AttributeType>xyz</AttributeType><IsRequired>true</IsRequired><Value i:type="a:ArrayOfdouble" xmlns:a="http://schemas.microsoft.com/2003/10/Serialization/Arrays"><a:double>0</a:double><a:double>0</a:double><a:double>0</a:double></Value></Attribute><Attribute z:Id="i274"><AttributeType>rpy</AttributeType><IsRequired>true</IsRequired><Value i:type="a:ArrayOfdouble" xmlns:a="http://schemas.microsoft.com/2003/10/Serialization/Arrays"><a:double>0</a:double><a:double>0</a:double><a:double>0</a:double></Value></Attribute></Attributes><ChildElements/><ElementName>origin</ElementName><required>false</required><RPYAttribute z:Ref="i274"/><XYZAttribute z:Ref="i273"/><isCustomized>false</isCustomized></URDFElement><URDFElement z:Id="i275" i:type="Mass"><Attributes><Attribute z:Id="i276"><AttributeType>value</AttributeType><IsRequired>true</IsRequired><Value i:type="a:double" xmlns:a="http://www.w3.org/2001/XMLSchema">0</Value></Attribute></Attributes><ChildElements/><ElementName>mass</ElementName><required>false</required><ValueAttribute z:Ref="i276"/></URDFElement><URDFElement z:Id="i277" i:type="Inertia"><Attributes><Attribute z:Id="i278"><AttributeType>ixx</AttributeType><IsRequired>true</IsRequired><Value i:type="a:double" xmlns:a="http://www.w3.org/2001/XMLSchema">0</Value></Attribute><Attribute z:Id="i279"><AttributeType>ixy</AttributeType><IsRequired>true</IsRequired><Value i:type="a:double" xmlns:a="http://www.w3.org/2001/XMLSchema">0</Value></Attribute><Attribute z:Id="i280"><AttributeType>ixz</AttributeType><IsRequired>true</IsRequired><Value i:type="a:double" xmlns:a="http://www.w3.org/2001/XMLSchema">0</Value></Attribute><Attribute z:Id="i281"><AttributeType>iyy</AttributeType><IsRequired>true</IsRequired><Value i:type="a:double" xmlns:a="http://www.w3.org/2001/XMLSchema">0</Value></Attribute><Attribute z:Id="i282"><AttributeType>iyz</AttributeType><IsRequired>true</IsRequired><Value i:type="a:double" xmlns:a="http://www.w3.org/2001/XMLSchema">0</Value></Attribute><Attribute z:Id="i283"><AttributeType>izz</AttributeType><IsRequired>true</IsRequired><Value i:type="a:double" xmlns:a="http://www.w3.org/2001/XMLSchema">0</Value></Attribute></Attributes><ChildElements/><ElementName>inertia</ElementName><required>false</required><IxxAttribute z:Ref="i278"/><IxyAttribute z:Ref="i279"/><IxzAttribute z:Ref="i280"/><IyyAttribute z:Ref="i281"/><IyzAttribute z:Ref="i282"/><IzzAttribute z:Ref="i283"/></URDFElement></ChildElements><ElementName>inertial</ElementName><required>false</required><Inertia z:Ref="i277"/><Mass z:Ref="i275"/><Origin z:Ref="i272"/></URDFElement><URDFElement z:Id="i284" i:type="Visual"><Attributes/><ChildElements><URDFElement z:Id="i285" i:type="Origin"><Attributes><Attribute z:Id="i286"><AttributeType>xyz</AttributeType><IsRequired>true</IsRequired><Value i:type="a:ArrayOfdouble" xmlns:a="http://schemas.microsoft.com/2003/10/Serialization/Arrays"><a:double>0</a:double><a:double>0</a:double><a:double>0</a:double></Value></Attribute><Attribute z:Id="i287"><AttributeType>rpy</AttributeType><IsRequired>true</IsRequired><Value i:type="a:ArrayOfdouble" xmlns:a="http://schemas.microsoft.com/2003/10/Serialization/Arrays"><a:double>0</a:double><a:double>0</a:double><a:double>0</a:double></Value></Attribute></Attributes><ChildElements/><ElementName>origin</ElementName><required>false</required><RPYAttribute z:Ref="i287"/><XYZAttribute z:Ref="i286"/><isCustomized>false</isCustomized></URDFElement><URDFElement z:Id="i288" i:type="Geometry"><Attributes/><ChildElements><URDFElement z:Id="i289" i:type="Mesh"><Attributes><Attribute z:Id="i290"><AttributeType>filename</AttributeType><IsRequired>true</IsRequired><Value i:nil="true"/></Attribute></Attributes><ChildElements/><ElementName>mesh</ElementName><required>false</required><FilenameAttribute z:Ref="i290"/></URDFElement></ChildElements><ElementName>geometry</ElementName><required>true</required><Mesh z:Ref="i289"/></URDFElement><URDFElement z:Id="i291" i:type="Material"><Attributes><Attribute z:Id="i292"><AttributeType>name</AttributeType><IsRequired>true</IsRequired><Value i:type="a:string" xmlns:a="http://www.w3.org/2001/XMLSchema"/></Attribute></Attributes><ChildElements><URDFElement z:Id="i293" i:type="Color"><Attributes><Attribute z:Id="i294"><AttributeType>rgba</AttributeType><IsRequired>true</IsRequired><Value i:type="a:ArrayOfdouble" xmlns:a="http://schemas.microsoft.com/2003/10/Serialization/Arrays"><a:double>1</a:double><a:double>1</a:double><a:double>1</a:double><a:double>1</a:double></Value></Attribute></Attributes><ChildElements/><ElementName>color</ElementName><required>false</required><RGBAAttribute z:Ref="i294"/></URDFElement><URDFElement z:Id="i295" i:type="Texture"><Attributes><Attribute z:Id="i296"><AttributeType>filename</AttributeType><IsRequired>true</IsRequired><Value i:nil="true"/></Attribute></Attributes><ChildElements/><ElementName>texture</ElementName><required>false</required><FilenameAttribute z:Ref="i296"/><wFilename/></URDFElement></ChildElements><ElementName>material</ElementName><required>false</required><Color z:Ref="i293"/><NameAttribute z:Ref="i292"/><Texture z:Ref="i295"/></URDFElement></ChildElements><ElementName>visual</ElementName><required>false</required><Geometry z:Ref="i288"/><Material z:Ref="i291"/><Origin z:Ref="i285"/></URDFElement><URDFElement z:Id="i297" i:type="Collision"><Attributes/><ChildElements><URDFElement z:Id="i298" i:type="Origin"><Attributes><Attribute z:Id="i299"><AttributeType>xyz</AttributeType><IsRequired>true</IsRequired><Value i:type="a:ArrayOfdouble" xmlns:a="http://schemas.microsoft.com/2003/10/Serialization/Arrays"><a:double>0</a:double><a:double>0</a:double><a:double>0</a:double></Value></Attribute><Attribute z:Id="i300"><AttributeType>rpy</AttributeType><IsRequired>true</IsRequired><Value i:type="a:ArrayOfdouble" xmlns:a="http://schemas.microsoft.com/2003/10/Serialization/Arrays"><a:double>0</a:double><a:double>0</a:double><a:double>0</a:double></Value></Attribute></Attributes><ChildElements/><ElementName>origin</ElementName><required>false</required><RPYAttribute z:Ref="i300"/><XYZAttribute z:Ref="i299"/><isCustomized>false</isCustomized></URDFElement><URDFElement z:Id="i301" i:type="Geometry"><Attributes/><ChildElements><URDFElement z:Id="i302" i:type="Mesh"><Attributes><Attribute z:Id="i303"><AttributeType>filename</AttributeType><IsRequired>true</IsRequired><Value i:nil="true"/></Attribute></Attributes><ChildElements/><ElementName>mesh</ElementName><required>false</required><FilenameAttribute z:Ref="i303"/></URDFElement></ChildElements><ElementName>geometry</ElementName><required>true</required><Mesh z:Ref="i302"/></URDFElement></ChildElements><ElementName>collision</ElementName><required>false</required><Geometry z:Ref="i301"/><Origin z:Ref="i298"/></URDFElement><URDFElement z:Id="i304" i:type="Joint"><Attributes><Attribute z:Id="i305"><AttributeType>name</AttributeType><IsRequired>true</IsRequired><Value i:type="a:string" xmlns:a="http://www.w3.org/2001/XMLSchema">Left_prop_joint</Value></Attribute><Attribute z:Id="i306"><AttributeType>type</AttributeType><IsRequired>true</IsRequired><Value i:type="a:string" xmlns:a="http://www.w3.org/2001/XMLSchema">continuous</Value></Attribute></Attributes><ChildElements><URDFElement z:Id="i307" i:type="Origin"><Attributes><Attribute z:Id="i308"><AttributeType>xyz</AttributeType><IsRequired>true</IsRequired><Value i:type="a:ArrayOfdouble" xmlns:a="http://schemas.microsoft.com/2003/10/Serialization/Arrays"><a:double>0</a:double><a:double>0</a:double><a:double>0</a:double></Value></Attribute><Attribute z:Id="i309"><AttributeType>rpy</AttributeType><IsRequired>true</IsRequired><Value i:type="a:ArrayOfdouble" xmlns:a="http://schemas.microsoft.com/2003/10/Serialization/Arrays"><a:double>0</a:double><a:double>0</a:double><a:double>0</a:double></Value></Attribute></Attributes><ChildElements/><ElementName>origin</ElementName><required>false</required><RPYAttribute z:Ref="i309"/><XYZAttribute z:Ref="i308"/><isCustomized>false</isCustomized></URDFElement><URDFElement z:Id="i310" i:type="ParentLink"><Attributes><Attribute z:Id="i311"><AttributeType>link</AttributeType><IsRequired>true</IsRequired><Value i:type="a:string" xmlns:a="http://www.w3.org/2001/XMLSchema"/></Attribute></Attributes><ChildElements/><ElementName>parent</ElementName><required>true</required><NameAttribute z:Ref="i311"/></URDFElement><URDFElement z:Id="i312" i:type="ChildLink"><Attributes><Attribute z:Id="i313"><AttributeType>link</AttributeType><IsRequired>true</IsRequired><Value i:type="a:string" xmlns:a="http://www.w3.org/2001/XMLSchema"/></Attribute></Attributes><ChildElements/><ElementName>child</ElementName><required>true</required><NameAttribute z:Ref="i313"/></URDFElement><URDFElement z:Id="i314" i:type="Axis"><Attributes><Attribute z:Id="i315"><AttributeType>xyz</AttributeType><IsRequired>true</IsRequired><Value i:type="a:ArrayOfdouble" xmlns:a="http://schemas.microsoft.com/2003/10/Serialization/Arrays"><a:double>0</a:double><a:double>0</a:double><a:double>0</a:double></Value></Attribute></Attributes><ChildElements/><ElementName>axis</ElementName><required>false</required><XYZAttribute z:Ref="i315"/></URDFElement><URDFElement z:Id="i316" i:type="Limit"><Attributes><Attribute z:Id="i317"><AttributeType>lower</AttributeType><IsRequired>false</IsRequired><Value i:nil="true"/></Attribute><Attribute z:Id="i318"><AttributeType>upper</AttributeType><IsRequired>false</IsRequired><Value i:nil="true"/></Attribute><Attribute z:Id="i319"><AttributeType>effort</AttributeType><IsRequired>true</IsRequired><Value i:nil="true"/></Attribute><Attribute z:Id="i320"><AttributeType>velocity</AttributeType><IsRequired>true</IsRequired><Value i:nil="true"/></Attribute></Attributes><ChildElements/><ElementName>limit</ElementName><required>false</required><EffortAttribute z:Ref="i319"/><LowerAttribute z:Ref="i317"/><UpperAttribute z:Ref="i318"/><VelocityAttribute z:Ref="i320"/></URDFElement><URDFElement z:Id="i321" i:type="Calibration"><Attributes><Attribute z:Id="i322"><AttributeType>rising</AttributeType><IsRequired>false</IsRequired><Value i:nil="true"/></Attribute><Attribute z:Id="i323"><AttributeType>falling</AttributeType><IsRequired>false</IsRequired><Value i:nil="true"/></Attribute></Attributes><ChildElements/><ElementName>calibration</ElementName><required>false</required><FallingAttribute z:Ref="i323"/><RisingAttribute z:Ref="i322"/></URDFElement><URDFElement z:Id="i324" i:type="Dynamics"><Attributes><Attribute z:Id="i325"><AttributeType>damping</AttributeType><IsRequired>false</IsRequired><Value i:nil="true"/></Attribute><Attribute z:Id="i326"><AttributeType>friction</AttributeType><IsRequired>false</IsRequired><Value i:nil="true"/></Attribute></Attributes><ChildElements/><ElementName>dynamics</ElementName><required>false</required><DampingAttribute z:Ref="i325"/><FrictionAttribute z:Ref="i326"/></URDFElement><URDFElement z:Id="i327" i:type="SafetyController"><Attributes><Attribute z:Id="i328"><AttributeType>soft_upper</AttributeType><IsRequired>false</IsRequired><Value i:nil="true"/></Attribute><Attribute z:Id="i329"><AttributeType>soft_lower</AttributeType><IsRequired>false</IsRequired><Value i:nil="true"/></Attribute><Attribute z:Id="i330"><AttributeType>k_position</AttributeType><IsRequired>false</IsRequired><Value i:nil="true"/></Attribute><Attribute z:Id="i331"><AttributeType>k_velocity</AttributeType><IsRequired>true</IsRequired><Value i:nil="true"/></Attribute></Attributes><ChildElements/><ElementName>safety_controller</ElementName><required>false</required><KPositionAttribute z:Ref="i330"/><KVelocityAttribute z:Ref="i331"/><SoftLowerAttribute z:Ref="i329"/><SoftUpperAttribute z:Ref="i328"/></URDFElement><URDFElement z:Id="i332" i:type="Mimic"><Attributes><Attribute z:Id="i333"><AttributeType>joint</AttributeType><IsRequired>true</IsRequired><Value i:nil="true"/></Attribute><Attribute z:Id="i334"><AttributeType>multiplier</AttributeType><IsRequired>false</IsRequired><Value i:nil="true"/></Attribute><Attribute z:Id="i335"><AttributeType>offset</AttributeType><IsRequired>false</IsRequired><Value i:nil="true"/></Attribute></Attributes><ChildElements/><ElementName>mimic</ElementName><required>false</required><JointNameAttribute z:Ref="i333"/><MultiplierAttribute z:Ref="i334"/><OffsetAttribute z:Ref="i335"/></URDFElement></ChildElements><ElementName>joint</ElementName><required>false</required><Axis z:Ref="i314"/><AxisName>Automatically Generate</AxisName><Calibration z:Ref="i321"/><Child z:Ref="i312"/><CoordinateSystemName>Left_prop</CoordinateSystemName><Dynamics z:Ref="i324"/><Limit z:Ref="i316"/><Mimic z:Ref="i332"/><NameAttribute z:Ref="i305"/><Origin z:Ref="i307"/><Parent z:Ref="i310"/><Safety z:Ref="i327"/><TypeAttribute z:Ref="i306"/></URDFElement></ChildElements><ElementName>link</ElementName><required>true</required><Children/><Collision z:Ref="i297"/><Inertial z:Ref="i271"/><Joint z:Ref="i304"/><NameAttribute z:Ref="i270"/><Parent z:Ref="i202"/><STLQualityFine>false</STLQualityFine><SWComponentPIDs xmlns:a="http://schemas.microsoft.com/2003/10/Serialization/Arrays"><a:base64Binary>ECcAAAUAAAD//v8mUAByAG8AcABlAGwAbABlAHIAIABDAFcAIABQAHUAbABsAGUAcgAtADEAQABCAGkAcgBvAHQAbwByAF8AQQBzAHMAZQBtAGIAbAB5AAQAAAAQAAAAAQAAAAEAAABfAQAA</a:base64Binary></SWComponentPIDs><SWMainComponentPID i:nil="true"/><Visual z:Ref="i284"/><isFixedFrame>false</isFixedFrame><isIncomplete>false</isIncomplete></Link></Children><Collision z:Ref="i230"/><Inertial z:Ref="i204"/><Joint z:Ref="i237"/><NameAttribute z:Ref="i203"/><Parent z:Ref="i135"/><STLQualityFine>false</STLQualityFine><SWComponentPIDs xmlns:a="http://schemas.microsoft.com/2003/10/Serialization/Arrays"><a:base64Binary>ECcAAAUAAAD//v8gTQBHADkAMABTACAAaABvAHIAbgBfAGkAbgAtADIAQABCAGkAcgBvAHQAbwByAF8AQQBzAHMAZQBtAGIAbAB5AAQAAAAQAAAAAQAAAAEAAAD5AAAA</a:base64Binary><a:base64Binary>ECcAAAUAAAD//v8eTQBvAHQAbwByAE0AbwB1AG4AdAAxAC0AMQBAAEIAaQByAG8AdABvAHIAXwBBAHMAcwBlAG0AYgBsAHkABAAAABAAAAABAAAAAQAAAB4AAAA=</a:base64Binary><a:base64Binary>ECcAAAUAAAD//v8cQgBMAEQAQwBNAG8AdABvAHIALQAxAEAAQgBpAHIAbwB0AG8AcgBfAEEAcwBzAGUAbQBiAGwAeQAEAAAAEAAAAAEAAAABAAAAFwAAAA==</a:base64Binary></SWComponentPIDs><SWMainComponentPID i:nil="true"/><Visual z:Ref="i217"/><isFixedFrame>false</isFixedFrame><isIncomplete>false</isIncomplete></Link></Children><Collision z:Ref="i163"/><Inertial z:Ref="i137"/><Joint z:Ref="i170"/><NameAttribute z:Ref="i136"/><Parent z:Ref="i68"/><STLQualityFine>false</STLQualityFine><SWComponentPIDs xmlns:a="http://schemas.microsoft.com/2003/10/Serialization/Arrays"><a:base64Binary>ECcAAAUAAAD//v8iTQBvAHQAbwByAF8ATQBvAHUAbgB0ADIAXwBpAG4ALQAxAEAAQgBpAHIAbwB0AG8AcgBfAEEAcwBzAGUAbQBiAGwAeQAEAAAAEAAAAAEAAAABAAAAHQAAAA==</a:base64Binary><a:base64Binary>ECcAAAUAAAD//v8gTQBHADkAMABTACAAaABvAHIAbgBfAGkAbgAtADEAQABCAGkAcgBvAHQAbwByAF8AQQBzAHMAZQBtAGIAbAB5AAQAAAAQAAAAAQAAAAEAAACmAAAA</a:base64Binary><a:base64Binary>ECcAAAUAAAD//v8dcwBlAHIAdgBvAE0ARwA5ADAAUwAtADQAQABCAGkAcgBvAHQAbwByAF8AQQBzAHMAZQBtAGIAbAB5AAQAAAAQAAAAAQAAAAEAAAD1AAAA</a:base64Binary></SWComponentPIDs><SWMainComponentPID i:nil="true"/><Visual z:Ref="i150"/><isFixedFrame>false</isFixedFrame><isIncomplete>false</isIncomplete></Link><Link z:Id="i336"><Attributes><Attribute z:Id="i337"><AttributeType>name</AttributeType><IsRequired>true</IsRequired><Value i:type="a:string" xmlns:a="http://www.w3.org/2001/XMLSchema">Right_servo1</Value></Attribute></Attributes><ChildElements><URDFElement z:Id="i338" i:type="Inertial"><Attributes/><ChildElements><URDFElement z:Id="i339" i:type="Origin"><Attributes><Attribute z:Id="i340"><AttributeType>xyz</AttributeType><IsRequired>true</IsRequired><Value i:type="a:ArrayOfdouble" xmlns:a="http://schemas.microsoft.com/2003/10/Serialization/Arrays"><a:double>0</a:double><a:double>0</a:double><a:double>0</a:double></Value></Attribute><Attribute z:Id="i341"><AttributeType>rpy</AttributeType><IsRequired>true</IsRequired><Value i:type="a:ArrayOfdouble" xmlns:a="http://schemas.microsoft.com/2003/10/Serialization/Arrays"><a:double>0</a:double><a:double>0</a:double><a:double>0</a:double></Value></Attribute></Attributes><ChildElements/><ElementName>origin</ElementName><required>false</required><RPYAttribute z:Ref="i341"/><XYZAttribute z:Ref="i340"/><isCustomized>false</isCustomized></URDFElement><URDFElement z:Id="i342" i:type="Mass"><Attributes><Attribute z:Id="i343"><AttributeType>value</AttributeType><IsRequired>true</IsRequired><Value i:type="a:double" xmlns:a="http://www.w3.org/2001/XMLSchema">0</Value></Attribute></Attributes><ChildElements/><ElementName>mass</ElementName><required>false</required><ValueAttribute z:Ref="i343"/></URDFElement><URDFElement z:Id="i344" i:type="Inertia"><Attributes><Attribute z:Id="i345"><AttributeType>ixx</AttributeType><IsRequired>true</IsRequired><Value i:type="a:double" xmlns:a="http://www.w3.org/2001/XMLSchema">0</Value></Attribute><Attribute z:Id="i346"><AttributeType>ixy</AttributeType><IsRequired>true</IsRequired><Value i:type="a:double" xmlns:a="http://www.w3.org/2001/XMLSchema">0</Value></Attribute><Attribute z:Id="i347"><AttributeType>ixz</AttributeType><IsRequired>true</IsRequired><Value i:type="a:double" xmlns:a="http://www.w3.org/2001/XMLSchema">0</Value></Attribute><Attribute z:Id="i348"><AttributeType>iyy</AttributeType><IsRequired>true</IsRequired><Value i:type="a:double" xmlns:a="http://www.w3.org/2001/XMLSchema">0</Value></Attribute><Attribute z:Id="i349"><AttributeType>iyz</AttributeType><IsRequired>true</IsRequired><Value i:type="a:double" xmlns:a="http://www.w3.org/2001/XMLSchema">0</Value></Attribute><Attribute z:Id="i350"><AttributeType>izz</AttributeType><IsRequired>true</IsRequired><Value i:type="a:double" xmlns:a="http://www.w3.org/2001/XMLSchema">0</Value></Attribute></Attributes><ChildElements/><ElementName>inertia</ElementName><required>false</required><IxxAttribute z:Ref="i345"/><IxyAttribute z:Ref="i346"/><IxzAttribute z:Ref="i347"/><IyyAttribute z:Ref="i348"/><IyzAttribute z:Ref="i349"/><IzzAttribute z:Ref="i350"/></URDFElement></ChildElements><ElementName>inertial</ElementName><required>false</required><Inertia z:Ref="i344"/><Mass z:Ref="i342"/><Origin z:Ref="i339"/></URDFElement><URDFElement z:Id="i351" i:type="Visual"><Attributes/><ChildElements><URDFElement z:Id="i352" i:type="Origin"><Attributes><Attribute z:Id="i353"><AttributeType>xyz</AttributeType><IsRequired>true</IsRequired><Value i:type="a:ArrayOfdouble" xmlns:a="http://schemas.microsoft.com/2003/10/Serialization/Arrays"><a:double>0</a:double><a:double>0</a:double><a:double>0</a:double></Value></Attribute><Attribute z:Id="i354"><AttributeType>rpy</AttributeType><IsRequired>true</IsRequired><Value i:type="a:ArrayOfdouble" xmlns:a="http://schemas.microsoft.com/2003/10/Serialization/Arrays"><a:double>0</a:double><a:double>0</a:double><a:double>0</a:double></Value></Attribute></Attributes><ChildElements/><ElementName>origin</ElementName><required>false</required><RPYAttribute z:Ref="i354"/><XYZAttribute z:Ref="i353"/><isCustomized>false</isCustomized></URDFElement><URDFElement z:Id="i355" i:type="Geometry"><Attributes/><ChildElements><URDFElement z:Id="i356" i:type="Mesh"><Attributes><Attribute z:Id="i357"><AttributeType>filename</AttributeType><IsRequired>true</IsRequired><Value i:nil="true"/></Attribute></Attributes><ChildElements/><ElementName>mesh</ElementName><required>false</required><FilenameAttribute z:Ref="i357"/></URDFElement></ChildElements><ElementName>geometry</ElementName><required>true</required><Mesh z:Ref="i356"/></URDFElement><URDFElement z:Id="i358" i:type="Material"><Attributes><Attribute z:Id="i359"><AttributeType>name</AttributeType><IsRequired>true</IsRequired><Value i:type="a:string" xmlns:a="http://www.w3.org/2001/XMLSchema"/></Attribute></Attributes><ChildElements><URDFElement z:Id="i360" i:type="Color"><Attributes><Attribute z:Id="i361"><AttributeType>rgba</AttributeType><IsRequired>true</IsRequired><Value i:type="a:ArrayOfdouble" xmlns:a="http://schemas.microsoft.com/2003/10/Serialization/Arrays"><a:double>1</a:double><a:double>1</a:double><a:double>1</a:double><a:double>1</a:double></Value></Attribute></Attributes><ChildElements/><ElementName>color</ElementName><required>false</required><RGBAAttribute z:Ref="i361"/></URDFElement><URDFElement z:Id="i362" i:type="Texture"><Attributes><Attribute z:Id="i363"><AttributeType>filename</AttributeType><IsRequired>true</IsRequired><Value i:nil="true"/></Attribute></Attributes><ChildElements/><ElementName>texture</ElementName><required>false</required><FilenameAttribute z:Ref="i363"/><wFilename/></URDFElement></ChildElements><ElementName>material</ElementName><required>false</required><Color z:Ref="i360"/><NameAttribute z:Ref="i359"/><Texture z:Ref="i362"/></URDFElement></ChildElements><ElementName>visual</ElementName><required>false</required><Geometry z:Ref="i355"/><Material z:Ref="i358"/><Origin z:Ref="i352"/></URDFElement><URDFElement z:Id="i364" i:type="Collision"><Attributes/><ChildElements><URDFElement z:Id="i365" i:type="Origin"><Attributes><Attribute z:Id="i366"><AttributeType>xyz</AttributeType><IsRequired>true</IsRequired><Value i:type="a:ArrayOfdouble" xmlns:a="http://schemas.microsoft.com/2003/10/Serialization/Arrays"><a:double>0</a:double><a:double>0</a:double><a:double>0</a:double></Value></Attribute><Attribute z:Id="i367"><AttributeType>rpy</AttributeType><IsRequired>true</IsRequired><Value i:type="a:ArrayOfdouble" xmlns:a="http://schemas.microsoft.com/2003/10/Serialization/Arrays"><a:double>0</a:double><a:double>0</a:double><a:double>0</a:double></Value></Attribute></Attributes><ChildElements/><ElementName>origin</ElementName><required>false</required><RPYAttribute z:Ref="i367"/><XYZAttribute z:Ref="i366"/><isCustomized>false</isCustomized></URDFElement><URDFElement z:Id="i368" i:type="Geometry"><Attributes/><ChildElements><URDFElement z:Id="i369" i:type="Mesh"><Attributes><Attribute z:Id="i370"><AttributeType>filename</AttributeType><IsRequired>true</IsRequired><Value i:nil="true"/></Attribute></Attributes><ChildElements/><ElementName>mesh</ElementName><required>false</required><FilenameAttribute z:Ref="i370"/></URDFElement></ChildElements><ElementName>geometry</ElementName><required>true</required><Mesh z:Ref="i369"/></URDFElement></ChildElements><ElementName>collision</ElementName><required>false</required><Geometry z:Ref="i368"/><Origin z:Ref="i365"/></URDFElement><URDFElement z:Id="i371" i:type="Joint"><Attributes><Attribute z:Id="i372"><AttributeType>name</AttributeType><IsRequired>true</IsRequired><Value i:type="a:string" xmlns:a="http://www.w3.org/2001/XMLSchema">Right_servo1_joint</Value></Attribute><Attribute z:Id="i373"><AttributeType>type</AttributeType><IsRequired>true</IsRequired><Value i:type="a:string" xmlns:a="http://www.w3.org/2001/XMLSchema">revolute</Value></Attribute></Attributes><ChildElements><URDFElement z:Id="i374" i:type="Origin"><Attributes><Attribute z:Id="i375"><AttributeType>xyz</AttributeType><IsRequired>true</IsRequired><Value i:type="a:ArrayOfdouble" xmlns:a="http://schemas.microsoft.com/2003/10/Serialization/Arrays"><a:double>0</a:double><a:double>0</a:double><a:double>0</a:double></Value></Attribute><Attribute z:Id="i376"><AttributeType>rpy</AttributeType><IsRequired>true</IsRequired><Value i:type="a:ArrayOfdouble" xmlns:a="http://schemas.microsoft.com/2003/10/Serialization/Arrays"><a:double>0</a:double><a:double>0</a:double><a:double>0</a:double></Value></Attribute></Attributes><ChildElements/><ElementName>origin</ElementName><required>false</required><RPYAttribute z:Ref="i376"/><XYZAttribute z:Ref="i375"/><isCustomized>false</isCustomized></URDFElement><URDFElement z:Id="i377" i:type="ParentLink"><Attributes><Attribute z:Id="i378"><AttributeType>link</AttributeType><IsRequired>true</IsRequired><Value i:type="a:string" xmlns:a="http://www.w3.org/2001/XMLSchema"/></Attribute></Attributes><ChildElements/><ElementName>parent</ElementName><required>true</required><NameAttribute z:Ref="i378"/></URDFElement><URDFElement z:Id="i379" i:type="ChildLink"><Attributes><Attribute z:Id="i380"><AttributeType>link</AttributeType><IsRequired>true</IsRequired><Value i:type="a:string" xmlns:a="http://www.w3.org/2001/XMLSchema"/></Attribute></Attributes><ChildElements/><ElementName>child</ElementName><required>true</required><NameAttribute z:Ref="i380"/></URDFElement><URDFElement z:Id="i381" i:type="Axis"><Attributes><Attribute z:Id="i382"><AttributeType>xyz</AttributeType><IsRequired>true</IsRequired><Value i:type="a:ArrayOfdouble" xmlns:a="http://schemas.microsoft.com/2003/10/Serialization/Arrays"><a:double>0</a:double><a:double>0</a:double><a:double>0</a:double></Value></Attribute></Attributes><ChildElements/><ElementName>axis</ElementName><required>false</required><XYZAttribute z:Ref="i382"/></URDFElement><URDFElement z:Id="i383" i:type="Limit"><Attributes><Attribute z:Id="i384"><AttributeType>lower</AttributeType><IsRequired>false</IsRequired><Value i:nil="true"/></Attribute><Attribute z:Id="i385"><AttributeType>upper</AttributeType><IsRequired>false</IsRequired><Value i:nil="true"/></Attribute><Attribute z:Id="i386"><AttributeType>effort</AttributeType><IsRequired>true</IsRequired><Value i:nil="true"/></Attribute><Attribute z:Id="i387"><AttributeType>velocity</AttributeType><IsRequired>true</IsRequired><Value i:nil="true"/></Attribute></Attributes><ChildElements/><ElementName>limit</ElementName><required>false</required><EffortAttribute z:Ref="i386"/><LowerAttribute z:Ref="i384"/><UpperAttribute z:Ref="i385"/><VelocityAttribute z:Ref="i387"/></URDFElement><URDFElement z:Id="i388" i:type="Calibration"><Attributes><Attribute z:Id="i389"><AttributeType>rising</AttributeType><IsRequired>false</IsRequired><Value i:nil="true"/></Attribute><Attribute z:Id="i390"><AttributeType>falling</AttributeType><IsRequired>false</IsRequired><Value i:nil="true"/></Attribute></Attributes><ChildElements/><ElementName>calibration</ElementName><required>false</required><FallingAttribute z:Ref="i390"/><RisingAttribute z:Ref="i389"/></URDFElement><URDFElement z:Id="i391" i:type="Dynamics"><Attributes><Attribute z:Id="i392"><AttributeType>damping</AttributeType><IsRequired>false</IsRequired><Value i:nil="true"/></Attribute><Attribute z:Id="i393"><AttributeType>friction</AttributeType><IsRequired>false</IsRequired><Value i:nil="true"/></Attribute></Attributes><ChildElements/><ElementName>dynamics</ElementName><required>false</required><DampingAttribute z:Ref="i392"/><FrictionAttribute z:Ref="i393"/></URDFElement><URDFElement z:Id="i394" i:type="SafetyController"><Attributes><Attribute z:Id="i395"><AttributeType>soft_upper</AttributeType><IsRequired>false</IsRequired><Value i:nil="true"/></Attribute><Attribute z:Id="i396"><AttributeType>soft_lower</AttributeType><IsRequired>false</IsRequired><Value i:nil="true"/></Attribute><Attribute z:Id="i397"><AttributeType>k_position</AttributeType><IsRequired>false</IsRequired><Value i:nil="true"/></Attribute><Attribute z:Id="i398"><AttributeType>k_velocity</AttributeType><IsRequired>true</IsRequired><Value i:nil="true"/></Attribute></Attributes><ChildElements/><ElementName>safety_controller</ElementName><required>false</required><KPositionAttribute z:Ref="i397"/><KVelocityAttribute z:Ref="i398"/><SoftLowerAttribute z:Ref="i396"/><SoftUpperAttribute z:Ref="i395"/></URDFElement><URDFElement z:Id="i399" i:type="Mimic"><Attributes><Attribute z:Id="i400"><AttributeType>joint</AttributeType><IsRequired>true</IsRequired><Value i:nil="true"/></Attribute><Attribute z:Id="i401"><AttributeType>multiplier</AttributeType><IsRequired>false</IsRequired><Value i:nil="true"/></Attribute><Attribute z:Id="i402"><AttributeType>offset</AttributeType><IsRequired>false</IsRequired><Value i:nil="true"/></Attribute></Attributes><ChildElements/><ElementName>mimic</ElementName><required>false</required><JointNameAttribute z:Ref="i400"/><MultiplierAttribute z:Ref="i401"/><OffsetAttribute z:Ref="i402"/></URDFElement></ChildElements><ElementName>joint</ElementName><required>false</required><Axis z:Ref="i381"/><AxisName>Automatically Generate</AxisName><Calibration z:Ref="i388"/><Child z:Ref="i379"/><CoordinateSystemName>Right_1</CoordinateSystemName><Dynamics z:Ref="i391"/><Limit z:Ref="i383"/><Mimic z:Ref="i399"/><NameAttribute z:Ref="i372"/><Origin z:Ref="i374"/><Parent z:Ref="i377"/><Safety z:Ref="i394"/><TypeAttribute z:Ref="i373"/></URDFElement></ChildElements><ElementName>link</ElementName><required>true</required><Children><Link z:Id="i403"><Attributes><Attribute z:Id="i404"><AttributeType>name</AttributeType><IsRequired>true</IsRequired><Value i:type="a:string" xmlns:a="http://www.w3.org/2001/XMLSchema">Right_servo2</Value></Attribute></Attributes><ChildElements><URDFElement z:Id="i405" i:type="Inertial"><Attributes/><ChildElements><URDFElement z:Id="i406" i:type="Origin"><Attributes><Attribute z:Id="i407"><AttributeType>xyz</AttributeType><IsRequired>true</IsRequired><Value i:type="a:ArrayOfdouble" xmlns:a="http://schemas.microsoft.com/2003/10/Serialization/Arrays"><a:double>0</a:double><a:double>0</a:double><a:double>0</a:double></Value></Attribute><Attribute z:Id="i408"><AttributeType>rpy</AttributeType><IsRequired>true</IsRequired><Value i:type="a:ArrayOfdouble" xmlns:a="http://schemas.microsoft.com/2003/10/Serialization/Arrays"><a:double>0</a:double><a:double>0</a:double><a:double>0</a:double></Value></Attribute></Attributes><ChildElements/><ElementName>origin</ElementName><required>false</required><RPYAttribute z:Ref="i408"/><XYZAttribute z:Ref="i407"/><isCustomized>false</isCustomized></URDFElement><URDFElement z:Id="i409" i:type="Mass"><Attributes><Attribute z:Id="i410"><AttributeType>value</AttributeType><IsRequired>true</IsRequired><Value i:type="a:double" xmlns:a="http://www.w3.org/2001/XMLSchema">0</Value></Attribute></Attributes><ChildElements/><ElementName>mass</ElementName><required>false</required><ValueAttribute z:Ref="i410"/></URDFElement><URDFElement z:Id="i411" i:type="Inertia"><Attributes><Attribute z:Id="i412"><AttributeType>ixx</AttributeType><IsRequired>true</IsRequired><Value i:type="a:double" xmlns:a="http://www.w3.org/2001/XMLSchema">0</Value></Attribute><Attribute z:Id="i413"><AttributeType>ixy</AttributeType><IsRequired>true</IsRequired><Value i:type="a:double" xmlns:a="http://www.w3.org/2001/XMLSchema">0</Value></Attribute><Attribute z:Id="i414"><AttributeType>ixz</AttributeType><IsRequired>true</IsRequired><Value i:type="a:double" xmlns:a="http://www.w3.org/2001/XMLSchema">0</Value></Attribute><Attribute z:Id="i415"><AttributeType>iyy</AttributeType><IsRequired>true</IsRequired><Value i:type="a:double" xmlns:a="http://www.w3.org/2001/XMLSchema">0</Value></Attribute><Attribute z:Id="i416"><AttributeType>iyz</AttributeType><IsRequired>true</IsRequired><Value i:type="a:double" xmlns:a="http://www.w3.org/2001/XMLSchema">0</Value></Attribute><Attribute z:Id="i417"><AttributeType>izz</AttributeType><IsRequired>true</IsRequired><Value i:type="a:double" xmlns:a="http://www.w3.org/2001/XMLSchema">0</Value></Attribute></Attributes><ChildElements/><ElementName>inertia</ElementName><required>false</required><IxxAttribute z:Ref="i412"/><IxyAttribute z:Ref="i413"/><IxzAttribute z:Ref="i414"/><IyyAttribute z:Ref="i415"/><IyzAttribute z:Ref="i416"/><IzzAttribute z:Ref="i417"/></URDFElement></ChildElements><ElementName>inertial</ElementName><required>false</required><Inertia z:Ref="i411"/><Mass z:Ref="i409"/><Origin z:Ref="i406"/></URDFElement><URDFElement z:Id="i418" i:type="Visual"><Attributes/><ChildElements><URDFElement z:Id="i419" i:type="Origin"><Attributes><Attribute z:Id="i420"><AttributeType>xyz</AttributeType><IsRequired>true</IsRequired><Value i:type="a:ArrayOfdouble" xmlns:a="http://schemas.microsoft.com/2003/10/Serialization/Arrays"><a:double>0</a:double><a:double>0</a:double><a:double>0</a:double></Value></Attribute><Attribute z:Id="i421"><AttributeType>rpy</AttributeType><IsRequired>true</IsRequired><Value i:type="a:ArrayOfdouble" xmlns:a="http://schemas.microsoft.com/2003/10/Serialization/Arrays"><a:double>0</a:double><a:double>0</a:double><a:double>0</a:double></Value></Attribute></Attributes><ChildElements/><ElementName>origin</ElementName><required>false</required><RPYAttribute z:Ref="i421"/><XYZAttribute z:Ref="i420"/><isCustomized>false</isCustomized></URDFElement><URDFElement z:Id="i422" i:type="Geometry"><Attributes/><ChildElements><URDFElement z:Id="i423" i:type="Mesh"><Attributes><Attribute z:Id="i424"><AttributeType>filename</AttributeType><IsRequired>true</IsRequired><Value i:nil="true"/></Attribute></Attributes><ChildElements/><ElementName>mesh</ElementName><required>false</required><FilenameAttribute z:Ref="i424"/></URDFElement></ChildElements><ElementName>geometry</ElementName><required>true</required><Mesh z:Ref="i423"/></URDFElement><URDFElement z:Id="i425" i:type="Material"><Attributes><Attribute z:Id="i426"><AttributeType>name</AttributeType><IsRequired>true</IsRequired><Value i:type="a:string" xmlns:a="http://www.w3.org/2001/XMLSchema"/></Attribute></Attributes><ChildElements><URDFElement z:Id="i427" i:type="Color"><Attributes><Attribute z:Id="i428"><AttributeType>rgba</AttributeType><IsRequired>true</IsRequired><Value i:type="a:ArrayOfdouble" xmlns:a="http://schemas.microsoft.com/2003/10/Serialization/Arrays"><a:double>1</a:double><a:double>1</a:double><a:double>1</a:double><a:double>1</a:double></Value></Attribute></Attributes><ChildElements/><ElementName>color</ElementName><required>false</required><RGBAAttribute z:Ref="i428"/></URDFElement><URDFElement z:Id="i429" i:type="Texture"><Attributes><Attribute z:Id="i430"><AttributeType>filename</AttributeType><IsRequired>true</IsRequired><Value i:nil="true"/></Attribute></Attributes><ChildElements/><ElementName>texture</ElementName><required>false</required><FilenameAttribute z:Ref="i430"/><wFilename/></URDFElement></ChildElements><ElementName>material</ElementName><required>false</required><Color z:Ref="i427"/><NameAttribute z:Ref="i426"/><Texture z:Ref="i429"/></URDFElement></ChildElements><ElementName>visual</ElementName><required>false</required><Geometry z:Ref="i422"/><Material z:Ref="i425"/><Origin z:Ref="i419"/></URDFElement><URDFElement z:Id="i431" i:type="Collision"><Attributes/><ChildElements><URDFElement z:Id="i432" i:type="Origin"><Attributes><Attribute z:Id="i433"><AttributeType>xyz</AttributeType><IsRequired>true</IsRequired><Value i:type="a:ArrayOfdouble" xmlns:a="http://schemas.microsoft.com/2003/10/Serialization/Arrays"><a:double>0</a:double><a:double>0</a:double><a:double>0</a:double></Value></Attribute><Attribute z:Id="i434"><AttributeType>rpy</AttributeType><IsRequired>true</IsRequired><Value i:type="a:ArrayOfdouble" xmlns:a="http://schemas.microsoft.com/2003/10/Serialization/Arrays"><a:double>0</a:double><a:double>0</a:double><a:double>0</a:double></Value></Attribute></Attributes><ChildElements/><ElementName>origin</ElementName><required>false</required><RPYAttribute z:Ref="i434"/><XYZAttribute z:Ref="i433"/><isCustomized>false</isCustomized></URDFElement><URDFElement z:Id="i435" i:type="Geometry"><Attributes/><ChildElements><URDFElement z:Id="i436" i:type="Mesh"><Attributes><Attribute z:Id="i437"><AttributeType>filename</AttributeType><IsRequired>true</IsRequired><Value i:nil="true"/></Attribute></Attributes><ChildElements/><ElementName>mesh</ElementName><required>false</required><FilenameAttribute z:Ref="i437"/></URDFElement></ChildElements><ElementName>geometry</ElementName><required>true</required><Mesh z:Ref="i436"/></URDFElement></ChildElements><ElementName>collision</ElementName><required>false</required><Geometry z:Ref="i435"/><Origin z:Ref="i432"/></URDFElement><URDFElement z:Id="i438" i:type="Joint"><Attributes><Attribute z:Id="i439"><AttributeType>name</AttributeType><IsRequired>true</IsRequired><Value i:type="a:string" xmlns:a="http://www.w3.org/2001/XMLSchema">Right_servo2_joint</Value></Attribute><Attribute z:Id="i440"><AttributeType>type</AttributeType><IsRequired>true</IsRequired><Value i:type="a:string" xmlns:a="http://www.w3.org/2001/XMLSchema">revolute</Value></Attribute></Attributes><ChildElements><URDFElement z:Id="i441" i:type="Origin"><Attributes><Attribute z:Id="i442"><AttributeType>xyz</AttributeType><IsRequired>true</IsRequired><Value i:type="a:ArrayOfdouble" xmlns:a="http://schemas.microsoft.com/2003/10/Serialization/Arrays"><a:double>0</a:double><a:double>0</a:double><a:double>0</a:double></Value></Attribute><Attribute z:Id="i443"><AttributeType>rpy</AttributeType><IsRequired>true</IsRequired><Value i:type="a:ArrayOfdouble" xmlns:a="http://schemas.microsoft.com/2003/10/Serialization/Arrays"><a:double>0</a:double><a:double>0</a:double><a:double>0</a:double></Value></Attribute></Attributes><ChildElements/><ElementName>origin</ElementName><required>false</required><RPYAttribute z:Ref="i443"/><XYZAttribute z:Ref="i442"/><isCustomized>false</isCustomized></URDFElement><URDFElement z:Id="i444" i:type="ParentLink"><Attributes><Attribute z:Id="i445"><AttributeType>link</AttributeType><IsRequired>true</IsRequired><Value i:type="a:string" xmlns:a="http://www.w3.org/2001/XMLSchema"/></Attribute></Attributes><ChildElements/><ElementName>parent</ElementName><required>true</required><NameAttribute z:Ref="i445"/></URDFElement><URDFElement z:Id="i446" i:type="ChildLink"><Attributes><Attribute z:Id="i447"><AttributeType>link</AttributeType><IsRequired>true</IsRequired><Value i:type="a:string" xmlns:a="http://www.w3.org/2001/XMLSchema"/></Attribute></Attributes><ChildElements/><ElementName>child</ElementName><required>true</required><NameAttribute z:Ref="i447"/></URDFElement><URDFElement z:Id="i448" i:type="Axis"><Attributes><Attribute z:Id="i449"><AttributeType>xyz</AttributeType><IsRequired>true</IsRequired><Value i:type="a:ArrayOfdouble" xmlns:a="http://schemas.microsoft.com/2003/10/Serialization/Arrays"><a:double>0</a:double><a:double>0</a:double><a:double>0</a:double></Value></Attribute></Attributes><ChildElements/><ElementName>axis</ElementName><required>false</required><XYZAttribute z:Ref="i449"/></URDFElement><URDFElement z:Id="i450" i:type="Limit"><Attributes><Attribute z:Id="i451"><AttributeType>lower</AttributeType><IsRequired>false</IsRequired><Value i:nil="true"/></Attribute><Attribute z:Id="i452"><AttributeType>upper</AttributeType><IsRequired>false</IsRequired><Value i:nil="true"/></Attribute><Attribute z:Id="i453"><AttributeType>effort</AttributeType><IsRequired>true</IsRequired><Value i:nil="true"/></Attribute><Attribute z:Id="i454"><AttributeType>velocity</AttributeType><IsRequired>true</IsRequired><Value i:nil="true"/></Attribute></Attributes><ChildElements/><ElementName>limit</ElementName><required>false</required><EffortAttribute z:Ref="i453"/><LowerAttribute z:Ref="i451"/><UpperAttribute z:Ref="i452"/><VelocityAttribute z:Ref="i454"/></URDFElement><URDFElement z:Id="i455" i:type="Calibration"><Attributes><Attribute z:Id="i456"><AttributeType>rising</AttributeType><IsRequired>false</IsRequired><Value i:nil="true"/></Attribute><Attribute z:Id="i457"><AttributeType>falling</AttributeType><IsRequired>false</IsRequired><Value i:nil="true"/></Attribute></Attributes><ChildElements/><ElementName>calibration</ElementName><required>false</required><FallingAttribute z:Ref="i457"/><RisingAttribute z:Ref="i456"/></URDFElement><URDFElement z:Id="i458" i:type="Dynamics"><Attributes><Attribute z:Id="i459"><AttributeType>damping</AttributeType><IsRequired>false</IsRequired><Value i:nil="true"/></Attribute><Attribute z:Id="i460"><AttributeType>friction</AttributeType><IsRequired>false</IsRequired><Value i:nil="true"/></Attribute></Attributes><ChildElements/><ElementName>dynamics</ElementName><required>false</required><DampingAttribute z:Ref="i459"/><FrictionAttribute z:Ref="i460"/></URDFElement><URDFElement z:Id="i461" i:type="SafetyController"><Attributes><Attribute z:Id="i462"><AttributeType>soft_upper</AttributeType><IsRequired>false</IsRequired><Value i:nil="true"/></Attribute><Attribute z:Id="i463"><AttributeType>soft_lower</AttributeType><IsRequired>false</IsRequired><Value i:nil="true"/></Attribute><Attribute z:Id="i464"><AttributeType>k_position</AttributeType><IsRequired>false</IsRequired><Value i:nil="true"/></Attribute><Attribute z:Id="i465"><AttributeType>k_velocity</AttributeType><IsRequired>true</IsRequired><Value i:nil="true"/></Attribute></Attributes><ChildElements/><ElementName>safety_controller</ElementName><required>false</required><KPositionAttribute z:Ref="i464"/><KVelocityAttribute z:Ref="i465"/><SoftLowerAttribute z:Ref="i463"/><SoftUpperAttribute z:Ref="i462"/></URDFElement><URDFElement z:Id="i466" i:type="Mimic"><Attributes><Attribute z:Id="i467"><AttributeType>joint</AttributeType><IsRequired>true</IsRequired><Value i:nil="true"/></Attribute><Attribute z:Id="i468"><AttributeType>multiplier</AttributeType><IsRequired>false</IsRequired><Value i:nil="true"/></Attribute><Attribute z:Id="i469"><AttributeType>offset</AttributeType><IsRequired>false</IsRequired><Value i:nil="true"/></Attribute></Attributes><ChildElements/><ElementName>mimic</ElementName><required>false</required><JointNameAttribute z:Ref="i467"/><MultiplierAttribute z:Ref="i468"/><OffsetAttribute z:Ref="i469"/></URDFElement></ChildElements><ElementName>joint</ElementName><required>false</required><Axis z:Ref="i448"/><AxisName>Automatically Generate</AxisName><Calibration z:Ref="i455"/><Child z:Ref="i446"/><CoordinateSystemName>Right_2</CoordinateSystemName><Dynamics z:Ref="i458"/><Limit z:Ref="i450"/><Mimic z:Ref="i466"/><NameAttribute z:Ref="i439"/><Origin z:Ref="i441"/><Parent z:Ref="i444"/><Safety z:Ref="i461"/><TypeAttribute z:Ref="i440"/></URDFElement></ChildElements><ElementName>link</ElementName><required>true</required><Children><Link z:Id="i470"><Attributes><Attribute z:Id="i471"><AttributeType>name</AttributeType><IsRequired>true</IsRequired><Value i:type="a:string" xmlns:a="http://www.w3.org/2001/XMLSchema">Right_prop</Value></Attribute></Attributes><ChildElements><URDFElement z:Id="i472" i:type="Inertial"><Attributes/><ChildElements><URDFElement z:Id="i473" i:type="Origin"><Attributes><Attribute z:Id="i474"><AttributeType>xyz</AttributeType><IsRequired>true</IsRequired><Value i:type="a:ArrayOfdouble" xmlns:a="http://schemas.microsoft.com/2003/10/Serialization/Arrays"><a:double>0</a:double><a:double>0</a:double><a:double>0</a:double></Value></Attribute><Attribute z:Id="i475"><AttributeType>rpy</AttributeType><IsRequired>true</IsRequired><Value i:type="a:ArrayOfdouble" xmlns:a="http://schemas.microsoft.com/2003/10/Serialization/Arrays"><a:double>0</a:double><a:double>0</a:double><a:double>0</a:double></Value></Attribute></Attributes><ChildElements/><ElementName>origin</ElementName><required>false</required><RPYAttribute z:Ref="i475"/><XYZAttribute z:Ref="i474"/><isCustomized>false</isCustomized></URDFElement><URDFElement z:Id="i476" i:type="Mass"><Attributes><Attribute z:Id="i477"><AttributeType>value</AttributeType><IsRequired>true</IsRequired><Value i:type="a:double" xmlns:a="http://www.w3.org/2001/XMLSchema">0</Value></Attribute></Attributes><ChildElements/><ElementName>mass</ElementName><required>false</required><ValueAttribute z:Ref="i477"/></URDFElement><URDFElement z:Id="i478" i:type="Inertia"><Attributes><Attribute z:Id="i479"><AttributeType>ixx</AttributeType><IsRequired>true</IsRequired><Value i:type="a:double" xmlns:a="http://www.w3.org/2001/XMLSchema">0</Value></Attribute><Attribute z:Id="i480"><AttributeType>ixy</AttributeType><IsRequired>true</IsRequired><Value i:type="a:double" xmlns:a="http://www.w3.org/2001/XMLSchema">0</Value></Attribute><Attribute z:Id="i481"><AttributeType>ixz</AttributeType><IsRequired>true</IsRequired><Value i:type="a:double" xmlns:a="http://www.w3.org/2001/XMLSchema">0</Value></Attribute><Attribute z:Id="i482"><AttributeType>iyy</AttributeType><IsRequired>true</IsRequired><Value i:type="a:double" xmlns:a="http://www.w3.org/2001/XMLSchema">0</Value></Attribute><Attribute z:Id="i483"><AttributeType>iyz</AttributeType><IsRequired>true</IsRequired><Value i:type="a:double" xmlns:a="http://www.w3.org/2001/XMLSchema">0</Value></Attribute><Attribute z:Id="i484"><AttributeType>izz</AttributeType><IsRequired>true</IsRequired><Value i:type="a:double" xmlns:a="http://www.w3.org/2001/XMLSchema">0</Value></Attribute></Attributes><ChildElements/><ElementName>inertia</ElementName><required>false</required><IxxAttribute z:Ref="i479"/><IxyAttribute z:Ref="i480"/><IxzAttribute z:Ref="i481"/><IyyAttribute z:Ref="i482"/><IyzAttribute z:Ref="i483"/><IzzAttribute z:Ref="i484"/></URDFElement></ChildElements><ElementName>inertial</ElementName><required>false</required><Inertia z:Ref="i478"/><Mass z:Ref="i476"/><Origin z:Ref="i473"/></URDFElement><URDFElement z:Id="i485" i:type="Visual"><Attributes/><ChildElements><URDFElement z:Id="i486" i:type="Origin"><Attributes><Attribute z:Id="i487"><AttributeType>xyz</AttributeType><IsRequired>true</IsRequired><Value i:type="a:ArrayOfdouble" xmlns:a="http://schemas.microsoft.com/2003/10/Serialization/Arrays"><a:double>0</a:double><a:double>0</a:double><a:double>0</a:double></Value></Attribute><Attribute z:Id="i488"><AttributeType>rpy</AttributeType><IsRequired>true</IsRequired><Value i:type="a:ArrayOfdouble" xmlns:a="http://schemas.microsoft.com/2003/10/Serialization/Arrays"><a:double>0</a:double><a:double>0</a:double><a:double>0</a:double></Value></Attribute></Attributes><ChildElements/><ElementName>origin</ElementName><required>false</required><RPYAttribute z:Ref="i488"/><XYZAttribute z:Ref="i487"/><isCustomized>false</isCustomized></URDFElement><URDFElement z:Id="i489" i:type="Geometry"><Attributes/><ChildElements><URDFElement z:Id="i490" i:type="Mesh"><Attributes><Attribute z:Id="i491"><AttributeType>filename</AttributeType><IsRequired>true</IsRequired><Value i:nil="true"/></Attribute></Attributes><ChildElements/><ElementName>mesh</ElementName><required>false</required><FilenameAttribute z:Ref="i491"/></URDFElement></ChildElements><ElementName>geometry</ElementName><required>true</required><Mesh z:Ref="i490"/></URDFElement><URDFElement z:Id="i492" i:type="Material"><Attributes><Attribute z:Id="i493"><AttributeType>name</AttributeType><IsRequired>true</IsRequired><Value i:type="a:string" xmlns:a="http://www.w3.org/2001/XMLSchema"/></Attribute></Attributes><ChildElements><URDFElement z:Id="i494" i:type="Color"><Attributes><Attribute z:Id="i495"><AttributeType>rgba</AttributeType><IsRequired>true</IsRequired><Value i:type="a:ArrayOfdouble" xmlns:a="http://schemas.microsoft.com/2003/10/Serialization/Arrays"><a:double>1</a:double><a:double>1</a:double><a:double>1</a:double><a:double>1</a:double></Value></Attribute></Attributes><ChildElements/><ElementName>color</ElementName><required>false</required><RGBAAttribute z:Ref="i495"/></URDFElement><URDFElement z:Id="i496" i:type="Texture"><Attributes><Attribute z:Id="i497"><AttributeType>filename</AttributeType><IsRequired>true</IsRequired><Value i:nil="true"/></Attribute></Attributes><ChildElements/><ElementName>texture</ElementName><required>false</required><FilenameAttribute z:Ref="i497"/><wFilename/></URDFElement></ChildElements><ElementName>material</ElementName><required>false</required><Color z:Ref="i494"/><NameAttribute z:Ref="i493"/><Texture z:Ref="i496"/></URDFElement></ChildElements><ElementName>visual</ElementName><required>false</required><Geometry z:Ref="i489"/><Material z:Ref="i492"/><Origin z:Ref="i486"/></URDFElement><URDFElement z:Id="i498" i:type="Collision"><Attributes/><ChildElements><URDFElement z:Id="i499" i:type="Origin"><Attributes><Attribute z:Id="i500"><AttributeType>xyz</AttributeType><IsRequired>true</IsRequired><Value i:type="a:ArrayOfdouble" xmlns:a="http://schemas.microsoft.com/2003/10/Serialization/Arrays"><a:double>0</a:double><a:double>0</a:double><a:double>0</a:double></Value></Attribute><Attribute z:Id="i501"><AttributeType>rpy</AttributeType><IsRequired>true</IsRequired><Value i:type="a:ArrayOfdouble" xmlns:a="http://schemas.microsoft.com/2003/10/Serialization/Arrays"><a:double>0</a:double><a:double>0</a:double><a:double>0</a:double></Value></Attribute></Attributes><ChildElements/><ElementName>origin</ElementName><required>false</required><RPYAttribute z:Ref="i501"/><XYZAttribute z:Ref="i500"/><isCustomized>false</isCustomized></URDFElement><URDFElement z:Id="i502" i:type="Geometry"><Attributes/><ChildElements><URDFElement z:Id="i503" i:type="Mesh"><Attributes><Attribute z:Id="i504"><AttributeType>filename</AttributeType><IsRequired>true</IsRequired><Value i:nil="true"/></Attribute></Attributes><ChildElements/><ElementName>mesh</ElementName><required>false</required><FilenameAttribute z:Ref="i504"/></URDFElement></ChildElements><ElementName>geometry</ElementName><required>true</required><Mesh z:Ref="i503"/></URDFElement></ChildElements><ElementName>collision</ElementName><required>false</required><Geometry z:Ref="i502"/><Origin z:Ref="i499"/></URDFElement><URDFElement z:Id="i505" i:type="Joint"><Attributes><Attribute z:Id="i506"><AttributeType>name</AttributeType><IsRequired>true</IsRequired><Value i:type="a:string" xmlns:a="http://www.w3.org/2001/XMLSchema">Right_prop_joint</Value></Attribute><Attribute z:Id="i507"><AttributeType>type</AttributeType><IsRequired>true</IsRequired><Value i:type="a:string" xmlns:a="http://www.w3.org/2001/XMLSchema">revolute</Value></Attribute></Attributes><ChildElements><URDFElement z:Id="i508" i:type="Origin"><Attributes><Attribute z:Id="i509"><AttributeType>xyz</AttributeType><IsRequired>true</IsRequired><Value i:type="a:ArrayOfdouble" xmlns:a="http://schemas.microsoft.com/2003/10/Serialization/Arrays"><a:double>0</a:double><a:double>0</a:double><a:double>0</a:double></Value></Attribute><Attribute z:Id="i510"><AttributeType>rpy</AttributeType><IsRequired>true</IsRequired><Value i:type="a:ArrayOfdouble" xmlns:a="http://schemas.microsoft.com/2003/10/Serialization/Arrays"><a:double>0</a:double><a:double>0</a:double><a:double>0</a:double></Value></Attribute></Attributes><ChildElements/><ElementName>origin</ElementName><required>false</required><RPYAttribute z:Ref="i510"/><XYZAttribute z:Ref="i509"/><isCustomized>false</isCustomized></URDFElement><URDFElement z:Id="i511" i:type="ParentLink"><Attributes><Attribute z:Id="i512"><AttributeType>link</AttributeType><IsRequired>true</IsRequired><Value i:type="a:string" xmlns:a="http://www.w3.org/2001/XMLSchema"/></Attribute></Attributes><ChildElements/><ElementName>parent</ElementName><required>true</required><NameAttribute z:Ref="i512"/></URDFElement><URDFElement z:Id="i513" i:type="ChildLink"><Attributes><Attribute z:Id="i514"><AttributeType>link</AttributeType><IsRequired>true</IsRequired><Value i:type="a:string" xmlns:a="http://www.w3.org/2001/XMLSchema"/></Attribute></Attributes><ChildElements/><ElementName>child</ElementName><required>true</required><NameAttribute z:Ref="i514"/></URDFElement><URDFElement z:Id="i515" i:type="Axis"><Attributes><Attribute z:Id="i516"><AttributeType>xyz</AttributeType><IsRequired>true</IsRequired><Value i:type="a:ArrayOfdouble" xmlns:a="http://schemas.microsoft.com/2003/10/Serialization/Arrays"><a:double>0</a:double><a:double>0</a:double><a:double>0</a:double></Value></Attribute></Attributes><ChildElements/><ElementName>axis</ElementName><required>false</required><XYZAttribute z:Ref="i516"/></URDFElement><URDFElement z:Id="i517" i:type="Limit"><Attributes><Attribute z:Id="i518"><AttributeType>lower</AttributeType><IsRequired>false</IsRequired><Value i:nil="true"/></Attribute><Attribute z:Id="i519"><AttributeType>upper</AttributeType><IsRequired>false</IsRequired><Value i:nil="true"/></Attribute><Attribute z:Id="i520"><AttributeType>effort</AttributeType><IsRequired>true</IsRequired><Value i:nil="true"/></Attribute><Attribute z:Id="i521"><AttributeType>velocity</AttributeType><IsRequired>true</IsRequired><Value i:nil="true"/></Attribute></Attributes><ChildElements/><ElementName>limit</ElementName><required>false</required><EffortAttribute z:Ref="i520"/><LowerAttribute z:Ref="i518"/><UpperAttribute z:Ref="i519"/><VelocityAttribute z:Ref="i521"/></URDFElement><URDFElement z:Id="i522" i:type="Calibration"><Attributes><Attribute z:Id="i523"><AttributeType>rising</AttributeType><IsRequired>false</IsRequired><Value i:nil="true"/></Attribute><Attribute z:Id="i524"><AttributeType>falling</AttributeType><IsRequired>false</IsRequired><Value i:nil="true"/></Attribute></Attributes><ChildElements/><ElementName>calibration</ElementName><required>false</required><FallingAttribute z:Ref="i524"/><RisingAttribute z:Ref="i523"/></URDFElement><URDFElement z:Id="i525" i:type="Dynamics"><Attributes><Attribute z:Id="i526"><AttributeType>damping</AttributeType><IsRequired>false</IsRequired><Value i:nil="true"/></Attribute><Attribute z:Id="i527"><AttributeType>friction</AttributeType><IsRequired>false</IsRequired><Value i:nil="true"/></Attribute></Attributes><ChildElements/><ElementName>dynamics</ElementName><required>false</required><DampingAttribute z:Ref="i526"/><FrictionAttribute z:Ref="i527"/></URDFElement><URDFElement z:Id="i528" i:type="SafetyController"><Attributes><Attribute z:Id="i529"><AttributeType>soft_upper</AttributeType><IsRequired>false</IsRequired><Value i:nil="true"/></Attribute><Attribute z:Id="i530"><AttributeType>soft_lower</AttributeType><IsRequired>false</IsRequired><Value i:nil="true"/></Attribute><Attribute z:Id="i531"><AttributeType>k_position</AttributeType><IsRequired>false</IsRequired><Value i:nil="true"/></Attribute><Attribute z:Id="i532"><AttributeType>k_velocity</AttributeType><IsRequired>true</IsRequired><Value i:nil="true"/></Attribute></Attributes><ChildElements/><ElementName>safety_controller</ElementName><required>false</required><KPositionAttribute z:Ref="i531"/><KVelocityAttribute z:Ref="i532"/><SoftLowerAttribute z:Ref="i530"/><SoftUpperAttribute z:Ref="i529"/></URDFElement><URDFElement z:Id="i533" i:type="Mimic"><Attributes><Attribute z:Id="i534"><AttributeType>joint</AttributeType><IsRequired>true</IsRequired><Value i:nil="true"/></Attribute><Attribute z:Id="i535"><AttributeType>multiplier</AttributeType><IsRequired>false</IsRequired><Value i:nil="true"/></Attribute><Attribute z:Id="i536"><AttributeType>offset</AttributeType><IsRequired>false</IsRequired><Value i:nil="true"/></Attribute></Attributes><ChildElements/><ElementName>mimic</ElementName><required>false</required><JointNameAttribute z:Ref="i534"/><MultiplierAttribute z:Ref="i535"/><OffsetAttribute z:Ref="i536"/></URDFElement></ChildElements><ElementName>joint</ElementName><required>false</required><Axis z:Ref="i515"/><AxisName>Automatically Generate</AxisName><Calibration z:Ref="i522"/><Child z:Ref="i513"/><CoordinateSystemName>Right_prop</CoordinateSystemName><Dynamics z:Ref="i525"/><Limit z:Ref="i517"/><Mimic z:Ref="i533"/><NameAttribute z:Ref="i506"/><Origin z:Ref="i508"/><Parent z:Ref="i511"/><Safety z:Ref="i528"/><TypeAttribute z:Ref="i507"/></URDFElement></ChildElements><ElementName>link</ElementName><required>true</required><Children/><Collision z:Ref="i498"/><Inertial z:Ref="i472"/><Joint z:Ref="i505"/><NameAttribute z:Ref="i471"/><Parent z:Ref="i403"/><STLQualityFine>false</STLQualityFine><SWComponentPIDs xmlns:a="http://schemas.microsoft.com/2003/10/Serialization/Arrays"><a:base64Binary>ECcAAAUAAAD//v8nUAByAG8AcABlAGwAbABlAHIAIABDAEMAVwAgAFAAdQBsAGwAZQByAC0AMQBAAEIAaQByAG8AdABvAHIAXwBBAHMAcwBlAG0AYgBsAHkABAAAABAAAAABAAAAAQAAAF4BAAA=</a:base64Binary></SWComponentPIDs><SWMainComponentPID i:nil="true"/><Visual z:Ref="i485"/><isFixedFrame>false</isFixedFrame><isIncomplete>false</isIncomplete></Link></Children><Collision z:Ref="i431"/><Inertial z:Ref="i405"/><Joint z:Ref="i438"/><NameAttribute z:Ref="i404"/><Parent z:Ref="i336"/><STLQualityFine>false</STLQualityFine><SWComponentPIDs xmlns:a="http://schemas.microsoft.com/2003/10/Serialization/Arrays"><a:base64Binary>ECcAAAUAAAD//v8eTQBvAHQAbwByAE0AbwB1AG4AdAAxAC0ANABAAEIAaQByAG8AdABvAHIAXwBBAHMAcwBlAG0AYgBsAHkABAAAABAAAAABAAAAAQAAAFgBAAA=</a:base64Binary><a:base64Binary>ECcAAAUAAAD//v8fQgBMAEQAQwBNAG8AdABvAHIAXwBpAG4ALQAzAEAAQgBpAHIAbwB0AG8AcgBfAEEAcwBzAGUAbQBiAGwAeQAEAAAAEAAAAAEAAAABAAAAWwEAAA==</a:base64Binary><a:base64Binary>ECcAAAUAAAD//v8gTQBHADkAMABTACAAaABvAHIAbgBfAGkAbgAtADcAQABCAGkAcgBvAHQAbwByAF8AQQBzAHMAZQBtAGIAbAB5AAQAAAAQAAAAAQAAAAEAAABVAQAA</a:base64Binary></SWComponentPIDs><SWMainComponentPID i:nil="true"/><Visual z:Ref="i418"/><isFixedFrame>false</isFixedFrame><isIncomplete>false</isIncomplete></Link></Children><Collision z:Ref="i364"/><Inertial z:Ref="i338"/><Joint z:Ref="i371"/><NameAttribute z:Ref="i337"/><Parent z:Ref="i68"/><STLQualityFine>false</STLQualityFine><SWComponentPIDs xmlns:a="http://schemas.microsoft.com/2003/10/Serialization/Arrays"><a:base64Binary>ECcAAAUAAAD//v8gTQBHADkAMABTACAAaABvAHIAbgBfAGkAbgAtADUAQABCAGkAcgBvAHQAbwByAF8AQQBzAHMAZQBtAGIAbAB5AAQAAAAQAAAAAQAAAAEAAAAuAQAA</a:base64Binary><a:base64Binary>ECcAAAUAAAD//v8fTQBvAHQAbwByAF8ATQBvAHUAbgB0ADIALQAyAEAAQgBpAHIAbwB0AG8AcgBfAEEAcwBzAGUAbQBiAGwAeQAEAAAAEAAAAAEAAAABAAAALQEAAA==</a:base64Binary><a:base64Binary>ECcAAAUAAAD//v8dcwBlAHIAdgBvAE0ARwA5ADAAUwAtADcAQABCAGkAcgBvAHQAbwByAF8AQQBzAHMAZQBtAGIAbAB5AAQAAAAQAAAAAQAAAAEAAABPAQAA</a:base64Binary></SWComponentPIDs><SWMainComponentPID i:nil="true"/><Visual z:Ref="i351"/><isFixedFrame>false</isFixedFrame><isIncomplete>false</isIncomplete></Link></Children><Collision z:Ref="i96"/><Inertial z:Ref="i70"/><Joint z:Ref="i103"/><NameAttribute z:Ref="i69"/><Parent z:Ref="i1"/><STLQualityFine>false</STLQualityFine><SWComponentPIDs xmlns:a="http://schemas.microsoft.com/2003/10/Serialization/Arrays"><a:base64Binary>ECcAAAUAAAD//v8eQgBvAHQAdABvAG0AUABsAGEAdABlAC0AMwBAAEIAaQByAG8AdABvAHIAXwBBAHMAcwBlAG0AYgBsAHkABAAAABAAAAABAAAAAQAAACsAAAA=</a:base64Binary><a:base64Binary>ECcAAAUAAAD//v8zVAB1AHIAbgBpAGcAeQBfADIAMgAwADAAbQBBAGgAXwAzAFMAXwAyADAAQwBfAEwAaQBwAG8AXwBQAGEAYwBrAC0AMQBAAEIAaQByAG8AdABvAHIAXwBBAHMAcwBlAG0AYgBsAHkABAAAABAAAAABAAAAAQAAAJIBAAA=</a:base64Binary><a:base64Binary>ECcAAAUAAAD//v8hVgBlAHIAdABpAGMAYQBsAFMAcABhAGMAZQByAC0AMgBAAEIAaQByAG8AdABvAHIAXwBBAHMAcwBlAG0AYgBsAHkABAAAABAAAAABAAAAAQAAADEAAAA=</a:base64Binary><a:base64Binary>ECcAAAUAAAD//v8XVAB1AGIAZQAtADEAQABCAGkAcgBvAHQAbwByAF8AQQBzAHMAZQBtAGIAbAB5AAQAAAAQAAAAAQAAAAEAAAAkAAAA</a:base64Binary><a:base64Binary>ECcAAAUAAAD//v8hTQBvAHQAbwByAE0AbwB1AG4AdABCAGEAcwBlAC0AMQBAAEIAaQByAG8AdABvAHIAXwBBAHMAcwBlAG0AYgBsAHkABAAAABAAAAABAAAAAQAAACEAAAA=</a:base64Binary><a:base64Binary>ECcAAAUAAAD//v8eTQBvAHQAbwByAE0AbwB1AG4AdAAzAC0AMQBAAEIAaQByAG8AdABvAHIAXwBBAHMAcwBlAG0AYgBsAHkABAAAABAAAAABAAAAAQAAACAAAAA=</a:base64Binary><a:base64Binary>ECcAAAUAAAD//v8dcwBlAHIAdgBvAE0ARwA5ADAAUwAtADEAQABCAGkAcgBvAHQAbwByAF8AQQBzAHMAZQBtAGIAbAB5AAQAAAAQAAAAAQAAAAEAAAAiAAAA</a:base64Binary><a:base64Binary>ECcAAAUAAAD//v8hTQBvAHQAbwByAE0AbwB1AG4AdABCAGEAcwBlAC0AMgBAAEIAaQByAG8AdABvAHIAXwBBAHMAcwBlAG0AYgBsAHkABAAAABAAAAABAAAAAQAAAF8AAAA=</a:base64Binary><a:base64Binary>ECcAAAUAAAD//v8eTQBvAHQAbwByAE0AbwB1AG4AdAAzAC0AMgBAAEIAaQByAG8AdABvAHIAXwBBAHMAcwBlAG0AYgBsAHkABAAAABAAAAABAAAAAQAAAF4AAAA=</a:base64Binary><a:base64Binary>ECcAAAUAAAD//v8dcwBlAHIAdgBvAE0ARwA5ADAAUwAtADIAQABCAGkAcgBvAHQAbwByAF8AQQBzAHMAZQBtAGIAbAB5AAQAAAAQAAAAAQAAAAEAAABpAAAA</a:base64Binary><a:base64Binary>ECcAAAUAAAD//v8hUABpAHgAaABhAHcAawAgAFAAcgBvACAARgBDAC0AMQBAAEIAaQByAG8AdABvAHIAXwBBAHMAcwBlAG0AYgBsAHkABAAAABAAAAABAAAAAQAAAJwBAAA=</a:base64Binary><a:base64Binary>ECcAAAUAAAD//v8eQwBsAGEAbQBwAEIAbwB0AHQAbwBtAC0AMQBAAEIAaQByAG8AdABvAHIAXwBBAHMAcwBlAG0AYgBsAHkABAAAABAAAAABAAAAAQAAABkAAAA=</a:base64Binary><a:base64Binary>ECcAAAUAAAD//v8bQwBsAGEAbQBwAFQAbwBwAC0AMgBAAEIAaQByAG8AdABvAHIAXwBBAHMAcwBlAG0AYgBsAHkABAAAABAAAAABAAAAAQAAADcAAAA=</a:base64Binary><a:base64Binary>ECcAAAUAAAD//v8bVABvAHAAUABsAGEAdABlAC0AMwBAAEIAaQByAG8AdABvAHIAXwBBAHMAcwBlAG0AYgBsAHkABAAAABAAAAABAAAAAQAAACwAAAA=</a:base64Binary><a:base64Binary>ECcAAAUAAAD//v8cRwBQAFMAQgBvAHQAdABvAG0ALQAxAEAAQgBpAHIAbwB0AG8AcgBfAEEAcwBzAGUAbQBiAGwAeQAEAAAAEAAAAAEAAAABAAAAHAAAAA==</a:base64Binary><a:base64Binary>ECcAAAUAAAD//v8pUABhAHIAdAAyAF4AQgBpAHIAbwB0AG8AcgBfAEEAcwBzAGUAbQBiAGwAeQAtADEAQABCAGkAcgBvAHQAbwByAF8AQQBzAHMAZQBtAGIAbAB5AAQAAAAQAAAAAQAAAAEAAABFAQAA</a:base64Binary><a:base64Binary>ECcAAAUAAAD//v8aRwBQAFMAQgBhAHMAZQAtADEAQABCAGkAcgBvAHQAbwByAF8AQQBzAHMAZQBtAGIAbAB5AAQAAAAQAAAAAQAAAAEAAAAbAAAA</a:base64Binary></SWComponentPIDs><SWMainComponentPID i:nil="true"/><Visual z:Ref="i83"/><isFixedFrame>false</isFixedFrame><isIncomplete>false</isIncomplete></Link></Children><Collision z:Ref="i29"/><Inertial z:Ref="i3"/><Joint z:Ref="i36"/><NameAttribute z:Ref="i2"/><Parent i:nil="true"/><STLQualityFine>false</STLQualityFine><SWComponentPIDs xmlns:a="http://schemas.microsoft.com/2003/10/Serialization/Arrays"><a:base64Binary>ECcAAAUAAAD//v8iTABhAG4AZABpAG4AZwBfAEcAZQBhAHIAXwBpAG4ALQA0AEAAQgBpAHIAbwB0AG8AcgBfAEEAcwBzAGUAbQBiAGwAeQAEAAAAEAAAAAEAAAABAAAAiwEAAA==</a:base64Binary><a:base64Binary>ECcAAAUAAAD//v8iTABhAG4AZABpAG4AZwBfAEcAZQBhAHIAXwBpAG4ALQAzAEAAQgBpAHIAbwB0AG8AcgBfAEEAcwBzAGUAbQBiAGwAeQAEAAAAEAAAAAEAAAABAAAAhwEAAA==</a:base64Binary><a:base64Binary>ECcAAAUAAAD//v8iTABhAG4AZABpAG4AZwBfAEcAZQBhAHIAXwBpAG4ALQAyAEAAQgBpAHIAbwB0AG8AcgBfAEEAcwBzAGUAbQBiAGwAeQAEAAAAEAAAAAEAAAABAAAAhAEAAA==</a:base64Binary><a:base64Binary>ECcAAAUAAAD//v8iTABhAG4AZABpAG4AZwBfAEcAZQBhAHIAXwBpAG4ALQA1AEAAQgBpAHIAbwB0AG8AcgBfAEEAcwBzAGUAbQBiAGwAeQAEAAAAEAAAAAEAAAABAAAAjwEAAA==</a:base64Binary></SWComponentPIDs><SWMainComponentPID i:nil="true"/><Visual z:Ref="i16"/><isFixedFrame>false</isFixedFrame><isIncomplete>false</isIncomplete></Link>
2026-04-10 18:14:49,806 INFO  LinkNode.cs: 35 - Building node base_link
2026-04-10 18:14:49,818 INFO  LinkNode.cs: 35 - Building node Bottom_plate_chassis
2026-04-10 18:14:49,818 INFO  LinkNode.cs: 35 - Building node Left_servo1
2026-04-10 18:14:49,818 INFO  LinkNode.cs: 35 - Building node Left_servo2
2026-04-10 18:14:49,818 INFO  LinkNode.cs: 35 - Building node Left_prop
2026-04-10 18:14:49,818 INFO  LinkNode.cs: 35 - Building node Right_servo1
2026-04-10 18:14:49,818 INFO  LinkNode.cs: 35 - Building node Right_servo2
2026-04-10 18:14:49,818 INFO  LinkNode.cs: 35 - Building node Right_prop
2026-04-10 18:14:49,822 INFO  Common.cs: 221 - Loading SolidWorks components for base_link from C:\Users\pkyadav\Desktop\Magesvar\Birotor_CAD\Birotor_Assembly.SLDASM
2026-04-10 18:14:49,822 INFO  Common.cs: 245 - Loading component with PID '     ???"L a n d i n g _ G e a r _ i n - 4 @ B i r o t o r _ A s s e m b l y             ?  
2026-04-10 18:14:49,822 INFO  Common.cs: 254 - Successfully loaded component C:\Users\pkyadav\Desktop\Magesvar\Birotor_CAD\Landing_Gear_in.sldprt
2026-04-10 18:14:49,822 INFO  Common.cs: 245 - Loading component with PID '     ???"L a n d i n g _ G e a r _ i n - 3 @ B i r o t o r _ A s s e m b l y             ?  
2026-04-10 18:14:49,834 INFO  Common.cs: 254 - Successfully loaded component C:\Users\pkyadav\Desktop\Magesvar\Birotor_CAD\Landing_Gear_in.sldprt
2026-04-10 18:14:49,834 INFO  Common.cs: 245 - Loading component with PID '     ???"L a n d i n g _ G e a r _ i n - 2 @ B i r o t o r _ A s s e m b l y             ?  
2026-04-10 18:14:49,834 INFO  Common.cs: 254 - Successfully loaded component C:\Users\pkyadav\Desktop\Magesvar\Birotor_CAD\Landing_Gear_in.sldprt
2026-04-10 18:14:49,834 INFO  Common.cs: 245 - Loading component with PID '     ???"L a n d i n g _ G e a r _ i n - 5 @ B i r o t o r _ A s s e m b l y             ?  
2026-04-10 18:14:49,834 INFO  Common.cs: 254 - Successfully loaded component C:\Users\pkyadav\Desktop\Magesvar\Birotor_CAD\Landing_Gear_in.sldprt
2026-04-10 18:14:49,834 INFO  Common.cs: 230 - Loaded 4 components for link base_link
2026-04-10 18:14:49,834 INFO  Common.cs: 221 - Loading SolidWorks components for Bottom_plate_chassis from C:\Users\pkyadav\Desktop\Magesvar\Birotor_CAD\Birotor_Assembly.SLDASM
2026-04-10 18:14:49,834 INFO  Common.cs: 245 - Loading component with PID '     ???B o t t o m P l a t e - 3 @ B i r o t o r _ A s s e m b l y             +   
2026-04-10 18:14:49,834 INFO  Common.cs: 254 - Successfully loaded component C:\Users\pkyadav\Desktop\Magesvar\Birotor_CAD\BottomPlate.SLDPRT
2026-04-10 18:14:49,838 INFO  Common.cs: 245 - Loading component with PID '     ???3T u r n i g y _ 2 2 0 0 m A h _ 3 S _ 2 0 C _ L i p o _ P a c k - 1 @ B i r o t o r _ A s s e m b l y             ?  
2026-04-10 18:14:49,838 INFO  Common.cs: 254 - Successfully loaded component C:\Users\pkyadav\Downloads\Turnigy_2200mAh_3S_20C_Lipo_Pack\Turnigy_2200mAh_3S_20C_Lipo_Pack.SLDPRT
2026-04-10 18:14:49,838 INFO  Common.cs: 245 - Loading component with PID '     ???!V e r t i c a l S p a c e r - 2 @ B i r o t o r _ A s s e m b l y             1   
2026-04-10 18:14:49,838 INFO  Common.cs: 254 - Successfully loaded component C:\Users\pkyadav\Desktop\Magesvar\Birotor_CAD\VerticalSpacer.SLDPRT
2026-04-10 18:14:49,838 INFO  Common.cs: 245 - Loading component with PID '     ???T u b e - 1 @ B i r o t o r _ A s s e m b l y             $   
2026-04-10 18:14:49,838 INFO  Common.cs: 254 - Successfully loaded component C:\Users\pkyadav\Desktop\Magesvar\Birotor_CAD\Tube.SLDPRT
2026-04-10 18:14:49,838 INFO  Common.cs: 245 - Loading component with PID '     ???!M o t o r M o u n t B a s e - 1 @ B i r o t o r _ A s s e m b l y             !   
2026-04-10 18:14:49,838 INFO  Common.cs: 254 - Successfully loaded component C:\Users\pkyadav\Desktop\Magesvar\Birotor_CAD\MotorMountBase.sldprt
2026-04-10 18:14:49,838 INFO  Common.cs: 245 - Loading component with PID '     ???M o t o r M o u n t 3 - 1 @ B i r o t o r _ A s s e m b l y                 
2026-04-10 18:14:49,838 INFO  Common.cs: 254 - Successfully loaded component C:\Users\pkyadav\Desktop\Magesvar\Birotor_CAD\MotorMount3.sldprt
2026-04-10 18:14:49,838 INFO  Common.cs: 245 - Loading component with PID '     ???s e r v o M G 9 0 S - 1 @ B i r o t o r _ A s s e m b l y             "   
2026-04-10 18:14:49,838 INFO  Common.cs: 254 - Successfully loaded component C:\Users\pkyadav\Desktop\Magesvar\Birotor_CAD\servoMG90S.SLDPRT
2026-04-10 18:14:49,842 INFO  Common.cs: 245 - Loading component with PID '     ???!M o t o r M o u n t B a s e - 2 @ B i r o t o r _ A s s e m b l y             _   
2026-04-10 18:14:49,842 INFO  Common.cs: 254 - Successfully loaded component C:\Users\pkyadav\Desktop\Magesvar\Birotor_CAD\MotorMountBase.sldprt
2026-04-10 18:14:49,842 INFO  Common.cs: 245 - Loading component with PID '     ???M o t o r M o u n t 3 - 2 @ B i r o t o r _ A s s e m b l y             ^   
2026-04-10 18:14:49,842 INFO  Common.cs: 254 - Successfully loaded component C:\Users\pkyadav\Desktop\Magesvar\Birotor_CAD\MotorMount3.sldprt
2026-04-10 18:14:49,842 INFO  Common.cs: 245 - Loading component with PID '     ???s e r v o M G 9 0 S - 2 @ B i r o t o r _ A s s e m b l y             i   
2026-04-10 18:14:49,842 INFO  Common.cs: 254 - Successfully loaded component C:\Users\pkyadav\Desktop\Magesvar\Birotor_CAD\servoMG90S.SLDPRT
2026-04-10 18:14:49,842 INFO  Common.cs: 245 - Loading component with PID '     ???!P i x h a w k   P r o   F C - 1 @ B i r o t o r _ A s s e m b l y             ?  
2026-04-10 18:14:49,842 INFO  Common.cs: 254 - Successfully loaded component C:\Users\pkyadav\Desktop\Magesvar\Birotor_CAD\Pixhawk Pro FC.SLDPRT
2026-04-10 18:14:49,842 INFO  Common.cs: 245 - Loading component with PID '     ???C l a m p B o t t o m - 1 @ B i r o t o r _ A s s e m b l y                
2026-04-10 18:14:49,842 INFO  Common.cs: 254 - Successfully loaded component C:\Users\pkyadav\Desktop\Magesvar\Birotor_CAD\ClampBottom.SLDPRT
2026-04-10 18:14:49,842 INFO  Common.cs: 245 - Loading component with PID '     ???C l a m p T o p - 2 @ B i r o t o r _ A s s e m b l y             7   
2026-04-10 18:14:49,846 INFO  Common.cs: 254 - Successfully loaded component C:\Users\pkyadav\Desktop\Magesvar\Birotor_CAD\ClampTop.SLDPRT
2026-04-10 18:14:49,846 INFO  Common.cs: 245 - Loading component with PID '     ???T o p P l a t e - 3 @ B i r o t o r _ A s s e m b l y             ,   
2026-04-10 18:14:49,846 INFO  Common.cs: 254 - Successfully loaded component C:\Users\pkyadav\Desktop\Magesvar\Birotor_CAD\TopPlate.SLDPRT
2026-04-10 18:14:49,846 INFO  Common.cs: 245 - Loading component with PID '     ???G P S B o t t o m - 1 @ B i r o t o r _ A s s e m b l y                
2026-04-10 18:14:49,846 INFO  Common.cs: 254 - Successfully loaded component C:\Users\pkyadav\Desktop\Magesvar\Birotor_CAD\GPSBottom.SLDPRT
2026-04-10 18:14:49,846 INFO  Common.cs: 245 - Loading component with PID '     ???)P a r t 2 ^ B i r o t o r _ A s s e m b l y - 1 @ B i r o t o r _ A s s e m b l y             E  
2026-04-10 18:14:49,846 INFO  Common.cs: 254 - Successfully loaded component C:\Users\pkyadav\AppData\Local\Temp\swx9788\VC~~\Birotor_Assembly\Part2^Birotor_Assembly.sldprt
2026-04-10 18:14:49,846 INFO  Common.cs: 245 - Loading component with PID '     ???G P S B a s e - 1 @ B i r o t o r _ A s s e m b l y                
2026-04-10 18:14:49,846 INFO  Common.cs: 254 - Successfully loaded component C:\Users\pkyadav\Desktop\Magesvar\Birotor_CAD\GPSBase.SLDPRT
2026-04-10 18:14:49,846 INFO  Common.cs: 230 - Loaded 17 components for link Bottom_plate_chassis
2026-04-10 18:14:49,846 INFO  Common.cs: 221 - Loading SolidWorks components for Left_servo1 from C:\Users\pkyadav\Desktop\Magesvar\Birotor_CAD\Birotor_Assembly.SLDASM
2026-04-10 18:14:49,846 INFO  Common.cs: 245 - Loading component with PID '     ???"M o t o r _ M o u n t 2 _ i n - 1 @ B i r o t o r _ A s s e m b l y                
2026-04-10 18:14:49,850 INFO  Common.cs: 254 - Successfully loaded component C:\Users\pkyadav\Desktop\Magesvar\Birotor_CAD\Motor_Mount2_in.SLDPRT
2026-04-10 18:14:49,850 INFO  Common.cs: 245 - Loading component with PID '     ??? M G 9 0 S   h o r n _ i n - 1 @ B i r o t o r _ A s s e m b l y             ?   
2026-04-10 18:14:49,850 INFO  Common.cs: 254 - Successfully loaded component C:\Users\pkyadav\Desktop\Magesvar\Birotor_CAD\MG90S horn_in.SLDPRT
2026-04-10 18:14:49,850 INFO  Common.cs: 245 - Loading component with PID '     ???s e r v o M G 9 0 S - 4 @ B i r o t o r _ A s s e m b l y             ?   
2026-04-10 18:14:49,850 INFO  Common.cs: 254 - Successfully loaded component C:\Users\pkyadav\Desktop\Magesvar\Birotor_CAD\servoMG90S.SLDPRT
2026-04-10 18:14:49,850 INFO  Common.cs: 230 - Loaded 3 components for link Left_servo1
2026-04-10 18:14:49,850 INFO  Common.cs: 221 - Loading SolidWorks components for Left_servo2 from C:\Users\pkyadav\Desktop\Magesvar\Birotor_CAD\Birotor_Assembly.SLDASM
2026-04-10 18:14:49,850 INFO  Common.cs: 245 - Loading component with PID '     ??? M G 9 0 S   h o r n _ i n - 2 @ B i r o t o r _ A s s e m b l y             ?   
2026-04-10 18:14:49,850 INFO  Common.cs: 254 - Successfully loaded component C:\Users\pkyadav\Desktop\Magesvar\Birotor_CAD\MG90S horn_in.SLDPRT
2026-04-10 18:14:49,850 INFO  Common.cs: 245 - Loading component with PID '     ???M o t o r M o u n t 1 - 1 @ B i r o t o r _ A s s e m b l y                
2026-04-10 18:14:49,854 INFO  Common.cs: 254 - Successfully loaded component C:\Users\pkyadav\Desktop\Magesvar\Birotor_CAD\MotorMount1.SLDPRT
2026-04-10 18:14:49,854 INFO  Common.cs: 245 - Loading component with PID '     ???B L D C M o t o r - 1 @ B i r o t o r _ A s s e m b l y                
2026-04-10 18:14:49,854 INFO  Common.cs: 254 - Successfully loaded component C:\Users\pkyadav\Desktop\Magesvar\Birotor_CAD\BLDCMotor.SLDPRT
2026-04-10 18:14:49,854 INFO  Common.cs: 230 - Loaded 3 components for link Left_servo2
2026-04-10 18:14:49,854 INFO  Common.cs: 221 - Loading SolidWorks components for Left_prop from C:\Users\pkyadav\Desktop\Magesvar\Birotor_CAD\Birotor_Assembly.SLDASM
2026-04-10 18:14:49,854 INFO  Common.cs: 245 - Loading component with PID '     ???&P r o p e l l e r   C W   P u l l e r - 1 @ B i r o t o r _ A s s e m b l y             _  
2026-04-10 18:14:49,854 INFO  Common.cs: 254 - Successfully loaded component C:\Users\pkyadav\Desktop\Magesvar\Birotor_CAD\Propeller CW Puller.SLDPRT
2026-04-10 18:14:49,854 INFO  Common.cs: 230 - Loaded 1 components for link Left_prop
2026-04-10 18:14:49,854 INFO  Common.cs: 221 - Loading SolidWorks components for Right_servo1 from C:\Users\pkyadav\Desktop\Magesvar\Birotor_CAD\Birotor_Assembly.SLDASM
2026-04-10 18:14:49,854 INFO  Common.cs: 245 - Loading component with PID '     ??? M G 9 0 S   h o r n _ i n - 5 @ B i r o t o r _ A s s e m b l y             .  
2026-04-10 18:14:49,854 INFO  Common.cs: 254 - Successfully loaded component C:\Users\pkyadav\Desktop\Magesvar\Birotor_CAD\MG90S horn_in.SLDPRT
2026-04-10 18:14:49,858 INFO  Common.cs: 245 - Loading component with PID '     ???M o t o r _ M o u n t 2 - 2 @ B i r o t o r _ A s s e m b l y             -  
2026-04-10 18:14:49,858 INFO  Common.cs: 254 - Successfully loaded component C:\Users\pkyadav\Desktop\Magesvar\Birotor_CAD\Motor_Mount2.SLDPRT
2026-04-10 18:14:49,858 INFO  Common.cs: 245 - Loading component with PID '     ???s e r v o M G 9 0 S - 7 @ B i r o t o r _ A s s e m b l y             O  
2026-04-10 18:14:49,858 INFO  Common.cs: 254 - Successfully loaded component C:\Users\pkyadav\Desktop\Magesvar\Birotor_CAD\servoMG90S.SLDPRT
2026-04-10 18:14:49,858 INFO  Common.cs: 230 - Loaded 3 components for link Right_servo1
2026-04-10 18:14:49,858 INFO  Common.cs: 221 - Loading SolidWorks components for Right_servo2 from C:\Users\pkyadav\Desktop\Magesvar\Birotor_CAD\Birotor_Assembly.SLDASM
2026-04-10 18:14:49,858 INFO  Common.cs: 245 - Loading component with PID '     ???M o t o r M o u n t 1 - 4 @ B i r o t o r _ A s s e m b l y             X  
2026-04-10 18:14:49,858 INFO  Common.cs: 254 - Successfully loaded component C:\Users\pkyadav\Desktop\Magesvar\Birotor_CAD\MotorMount1.SLDPRT
2026-04-10 18:14:49,858 INFO  Common.cs: 245 - Loading component with PID '     ???B L D C M o t o r _ i n - 3 @ B i r o t o r _ A s s e m b l y             [  
2026-04-10 18:14:49,858 INFO  Common.cs: 254 - Successfully loaded component C:\Users\pkyadav\Desktop\Magesvar\Birotor_CAD\BLDCMotor_in.SLDPRT
2026-04-10 18:14:49,858 INFO  Common.cs: 245 - Loading component with PID '     ??? M G 9 0 S   h o r n _ i n - 7 @ B i r o t o r _ A s s e m b l y             U  
2026-04-10 18:14:49,862 INFO  Common.cs: 254 - Successfully loaded component C:\Users\pkyadav\Desktop\Magesvar\Birotor_CAD\MG90S horn_in.SLDPRT
2026-04-10 18:14:49,862 INFO  Common.cs: 230 - Loaded 3 components for link Right_servo2
2026-04-10 18:14:49,862 INFO  Common.cs: 221 - Loading SolidWorks components for Right_prop from C:\Users\pkyadav\Desktop\Magesvar\Birotor_CAD\Birotor_Assembly.SLDASM
2026-04-10 18:14:49,862 INFO  Common.cs: 245 - Loading component with PID '     ???'P r o p e l l e r   C C W   P u l l e r - 1 @ B i r o t o r _ A s s e m b l y             ^  
2026-04-10 18:14:49,862 INFO  Common.cs: 254 - Successfully loaded component C:\Users\pkyadav\Desktop\Magesvar\Birotor_CAD\Propeller CCW Puller.SLDPRT
2026-04-10 18:14:49,862 INFO  Common.cs: 230 - Loaded 1 components for link Right_prop
2026-04-10 18:14:49,970 INFO  SwAddin.cs: 321 - Showing property manager
2026-04-10 18:14:56,161 INFO  ExportPropertyManager.cs: 456 - Configuration saved
2026-04-10 18:14:56,161 INFO  Serialization.cs: 275 - URDF Configuration found
<Link z:Id="i1" xmlns="http://schemas.datacontract.org/2004/07/SW2URDF" xmlns:i="http://www.w3.org/2001/XMLSchema-instance" xmlns:z="http://schemas.microsoft.com/2003/10/Serialization/"><Attributes><Attribute z:Id="i2"><AttributeType>name</AttributeType><IsRequired>true</IsRequired><Value i:type="a:string" xmlns:a="http://www.w3.org/2001/XMLSchema">base_link</Value></Attribute></Attributes><ChildElements><URDFElement z:Id="i3" i:type="Inertial"><Attributes/><ChildElements><URDFElement z:Id="i4" i:type="Origin"><Attributes><Attribute z:Id="i5"><AttributeType>xyz</AttributeType><IsRequired>true</IsRequired><Value i:type="a:ArrayOfdouble" xmlns:a="http://schemas.microsoft.com/2003/10/Serialization/Arrays"><a:double>0</a:double><a:double>0</a:double><a:double>0</a:double></Value></Attribute><Attribute z:Id="i6"><AttributeType>rpy</AttributeType><IsRequired>true</IsRequired><Value i:type="a:ArrayOfdouble" xmlns:a="http://schemas.microsoft.com/2003/10/Serialization/Arrays"><a:double>0</a:double><a:double>0</a:double><a:double>0</a:double></Value></Attribute></Attributes><ChildElements/><ElementName>origin</ElementName><required>false</required><RPYAttribute z:Ref="i6"/><XYZAttribute z:Ref="i5"/><isCustomized>false</isCustomized></URDFElement><URDFElement z:Id="i7" i:type="Mass"><Attributes><Attribute z:Id="i8"><AttributeType>value</AttributeType><IsRequired>true</IsRequired><Value i:type="a:double" xmlns:a="http://www.w3.org/2001/XMLSchema">0</Value></Attribute></Attributes><ChildElements/><ElementName>mass</ElementName><required>false</required><ValueAttribute z:Ref="i8"/></URDFElement><URDFElement z:Id="i9" i:type="Inertia"><Attributes><Attribute z:Id="i10"><AttributeType>ixx</AttributeType><IsRequired>true</IsRequired><Value i:type="a:double" xmlns:a="http://www.w3.org/2001/XMLSchema">0</Value></Attribute><Attribute z:Id="i11"><AttributeType>ixy</AttributeType><IsRequired>true</IsRequired><Value i:type="a:double" xmlns:a="http://www.w3.org/2001/XMLSchema">0</Value></Attribute><Attribute z:Id="i12"><AttributeType>ixz</AttributeType><IsRequired>true</IsRequired><Value i:type="a:double" xmlns:a="http://www.w3.org/2001/XMLSchema">0</Value></Attribute><Attribute z:Id="i13"><AttributeType>iyy</AttributeType><IsRequired>true</IsRequired><Value i:type="a:double" xmlns:a="http://www.w3.org/2001/XMLSchema">0</Value></Attribute><Attribute z:Id="i14"><AttributeType>iyz</AttributeType><IsRequired>true</IsRequired><Value i:type="a:double" xmlns:a="http://www.w3.org/2001/XMLSchema">0</Value></Attribute><Attribute z:Id="i15"><AttributeType>izz</AttributeType><IsRequired>true</IsRequired><Value i:type="a:double" xmlns:a="http://www.w3.org/2001/XMLSchema">0</Value></Attribute></Attributes><ChildElements/><ElementName>inertia</ElementName><required>false</required><IxxAttribute z:Ref="i10"/><IxyAttribute z:Ref="i11"/><IxzAttribute z:Ref="i12"/><IyyAttribute z:Ref="i13"/><IyzAttribute z:Ref="i14"/><IzzAttribute z:Ref="i15"/></URDFElement></ChildElements><ElementName>inertial</ElementName><required>false</required><Inertia z:Ref="i9"/><Mass z:Ref="i7"/><Origin z:Ref="i4"/></URDFElement><URDFElement z:Id="i16" i:type="Visual"><Attributes/><ChildElements><URDFElement z:Id="i17" i:type="Origin"><Attributes><Attribute z:Id="i18"><AttributeType>xyz</AttributeType><IsRequired>true</IsRequired><Value i:type="a:ArrayOfdouble" xmlns:a="http://schemas.microsoft.com/2003/10/Serialization/Arrays"><a:double>0</a:double><a:double>0</a:double><a:double>0</a:double></Value></Attribute><Attribute z:Id="i19"><AttributeType>rpy</AttributeType><IsRequired>true</IsRequired><Value i:type="a:ArrayOfdouble" xmlns:a="http://schemas.microsoft.com/2003/10/Serialization/Arrays"><a:double>0</a:double><a:double>0</a:double><a:double>0</a:double></Value></Attribute></Attributes><ChildElements/><ElementName>origin</ElementName><required>false</required><RPYAttribute z:Ref="i19"/><XYZAttribute z:Ref="i18"/><isCustomized>false</isCustomized></URDFElement><URDFElement z:Id="i20" i:type="Geometry"><Attributes/><ChildElements><URDFElement z:Id="i21" i:type="Mesh"><Attributes><Attribute z:Id="i22"><AttributeType>filename</AttributeType><IsRequired>true</IsRequired><Value i:nil="true"/></Attribute></Attributes><ChildElements/><ElementName>mesh</ElementName><required>false</required><FilenameAttribute z:Ref="i22"/></URDFElement></ChildElements><ElementName>geometry</ElementName><required>true</required><Mesh z:Ref="i21"/></URDFElement><URDFElement z:Id="i23" i:type="Material"><Attributes><Attribute z:Id="i24"><AttributeType>name</AttributeType><IsRequired>true</IsRequired><Value i:type="a:string" xmlns:a="http://www.w3.org/2001/XMLSchema"/></Attribute></Attributes><ChildElements><URDFElement z:Id="i25" i:type="Color"><Attributes><Attribute z:Id="i26"><AttributeType>rgba</AttributeType><IsRequired>true</IsRequired><Value i:type="a:ArrayOfdouble" xmlns:a="http://schemas.microsoft.com/2003/10/Serialization/Arrays"><a:double>1</a:double><a:double>1</a:double><a:double>1</a:double><a:double>1</a:double></Value></Attribute></Attributes><ChildElements/><ElementName>color</ElementName><required>false</required><RGBAAttribute z:Ref="i26"/></URDFElement><URDFElement z:Id="i27" i:type="Texture"><Attributes><Attribute z:Id="i28"><AttributeType>filename</AttributeType><IsRequired>true</IsRequired><Value i:nil="true"/></Attribute></Attributes><ChildElements/><ElementName>texture</ElementName><required>false</required><FilenameAttribute z:Ref="i28"/><wFilename/></URDFElement></ChildElements><ElementName>material</ElementName><required>false</required><Color z:Ref="i25"/><NameAttribute z:Ref="i24"/><Texture z:Ref="i27"/></URDFElement></ChildElements><ElementName>visual</ElementName><required>false</required><Geometry z:Ref="i20"/><Material z:Ref="i23"/><Origin z:Ref="i17"/></URDFElement><URDFElement z:Id="i29" i:type="Collision"><Attributes/><ChildElements><URDFElement z:Id="i30" i:type="Origin"><Attributes><Attribute z:Id="i31"><AttributeType>xyz</AttributeType><IsRequired>true</IsRequired><Value i:type="a:ArrayOfdouble" xmlns:a="http://schemas.microsoft.com/2003/10/Serialization/Arrays"><a:double>0</a:double><a:double>0</a:double><a:double>0</a:double></Value></Attribute><Attribute z:Id="i32"><AttributeType>rpy</AttributeType><IsRequired>true</IsRequired><Value i:type="a:ArrayOfdouble" xmlns:a="http://schemas.microsoft.com/2003/10/Serialization/Arrays"><a:double>0</a:double><a:double>0</a:double><a:double>0</a:double></Value></Attribute></Attributes><ChildElements/><ElementName>origin</ElementName><required>false</required><RPYAttribute z:Ref="i32"/><XYZAttribute z:Ref="i31"/><isCustomized>false</isCustomized></URDFElement><URDFElement z:Id="i33" i:type="Geometry"><Attributes/><ChildElements><URDFElement z:Id="i34" i:type="Mesh"><Attributes><Attribute z:Id="i35"><AttributeType>filename</AttributeType><IsRequired>true</IsRequired><Value i:nil="true"/></Attribute></Attributes><ChildElements/><ElementName>mesh</ElementName><required>false</required><FilenameAttribute z:Ref="i35"/></URDFElement></ChildElements><ElementName>geometry</ElementName><required>true</required><Mesh z:Ref="i34"/></URDFElement></ChildElements><ElementName>collision</ElementName><required>false</required><Geometry z:Ref="i33"/><Origin z:Ref="i30"/></URDFElement><URDFElement z:Id="i36" i:type="Joint"><Attributes><Attribute z:Id="i37"><AttributeType>name</AttributeType><IsRequired>true</IsRequired><Value i:type="a:string" xmlns:a="http://www.w3.org/2001/XMLSchema"/></Attribute><Attribute z:Id="i38"><AttributeType>type</AttributeType><IsRequired>true</IsRequired><Value i:type="a:string" xmlns:a="http://www.w3.org/2001/XMLSchema"/></Attribute></Attributes><ChildElements><URDFElement z:Id="i39" i:type="Origin"><Attributes><Attribute z:Id="i40"><AttributeType>xyz</AttributeType><IsRequired>true</IsRequired><Value i:type="a:ArrayOfdouble" xmlns:a="http://schemas.microsoft.com/2003/10/Serialization/Arrays"><a:double>0</a:double><a:double>0</a:double><a:double>0</a:double></Value></Attribute><Attribute z:Id="i41"><AttributeType>rpy</AttributeType><IsRequired>true</IsRequired><Value i:type="a:ArrayOfdouble" xmlns:a="http://schemas.microsoft.com/2003/10/Serialization/Arrays"><a:double>0</a:double><a:double>0</a:double><a:double>0</a:double></Value></Attribute></Attributes><ChildElements/><ElementName>origin</ElementName><required>false</required><RPYAttribute z:Ref="i41"/><XYZAttribute z:Ref="i40"/><isCustomized>false</isCustomized></URDFElement><URDFElement z:Id="i42" i:type="ParentLink"><Attributes><Attribute z:Id="i43"><AttributeType>link</AttributeType><IsRequired>true</IsRequired><Value i:type="a:string" xmlns:a="http://www.w3.org/2001/XMLSchema"/></Attribute></Attributes><ChildElements/><ElementName>parent</ElementName><required>true</required><NameAttribute z:Ref="i43"/></URDFElement><URDFElement z:Id="i44" i:type="ChildLink"><Attributes><Attribute z:Id="i45"><AttributeType>link</AttributeType><IsRequired>true</IsRequired><Value i:type="a:string" xmlns:a="http://www.w3.org/2001/XMLSchema"/></Attribute></Attributes><ChildElements/><ElementName>child</ElementName><required>true</required><NameAttribute z:Ref="i45"/></URDFElement><URDFElement z:Id="i46" i:type="Axis"><Attributes><Attribute z:Id="i47"><AttributeType>xyz</AttributeType><IsRequired>true</IsRequired><Value i:type="a:ArrayOfdouble" xmlns:a="http://schemas.microsoft.com/2003/10/Serialization/Arrays"><a:double>0</a:double><a:double>0</a:double><a:double>0</a:double></Value></Attribute></Attributes><ChildElements/><ElementName>axis</ElementName><required>false</required><XYZAttribute z:Ref="i47"/></URDFElement><URDFElement z:Id="i48" i:type="Limit"><Attributes><Attribute z:Id="i49"><AttributeType>lower</AttributeType><IsRequired>false</IsRequired><Value i:nil="true"/></Attribute><Attribute z:Id="i50"><AttributeType>upper</AttributeType><IsRequired>false</IsRequired><Value i:nil="true"/></Attribute><Attribute z:Id="i51"><AttributeType>effort</AttributeType><IsRequired>true</IsRequired><Value i:nil="true"/></Attribute><Attribute z:Id="i52"><AttributeType>velocity</AttributeType><IsRequired>true</IsRequired><Value i:nil="true"/></Attribute></Attributes><ChildElements/><ElementName>limit</ElementName><required>false</required><EffortAttribute z:Ref="i51"/><LowerAttribute z:Ref="i49"/><UpperAttribute z:Ref="i50"/><VelocityAttribute z:Ref="i52"/></URDFElement><URDFElement z:Id="i53" i:type="Calibration"><Attributes><Attribute z:Id="i54"><AttributeType>rising</AttributeType><IsRequired>false</IsRequired><Value i:nil="true"/></Attribute><Attribute z:Id="i55"><AttributeType>falling</AttributeType><IsRequired>false</IsRequired><Value i:nil="true"/></Attribute></Attributes><ChildElements/><ElementName>calibration</ElementName><required>false</required><FallingAttribute z:Ref="i55"/><RisingAttribute z:Ref="i54"/></URDFElement><URDFElement z:Id="i56" i:type="Dynamics"><Attributes><Attribute z:Id="i57"><AttributeType>damping</AttributeType><IsRequired>false</IsRequired><Value i:nil="true"/></Attribute><Attribute z:Id="i58"><AttributeType>friction</AttributeType><IsRequired>false</IsRequired><Value i:nil="true"/></Attribute></Attributes><ChildElements/><ElementName>dynamics</ElementName><required>false</required><DampingAttribute z:Ref="i57"/><FrictionAttribute z:Ref="i58"/></URDFElement><URDFElement z:Id="i59" i:type="SafetyController"><Attributes><Attribute z:Id="i60"><AttributeType>soft_upper</AttributeType><IsRequired>false</IsRequired><Value i:nil="true"/></Attribute><Attribute z:Id="i61"><AttributeType>soft_lower</AttributeType><IsRequired>false</IsRequired><Value i:nil="true"/></Attribute><Attribute z:Id="i62"><AttributeType>k_position</AttributeType><IsRequired>false</IsRequired><Value i:nil="true"/></Attribute><Attribute z:Id="i63"><AttributeType>k_velocity</AttributeType><IsRequired>true</IsRequired><Value i:nil="true"/></Attribute></Attributes><ChildElements/><ElementName>safety_controller</ElementName><required>false</required><KPositionAttribute z:Ref="i62"/><KVelocityAttribute z:Ref="i63"/><SoftLowerAttribute z:Ref="i61"/><SoftUpperAttribute z:Ref="i60"/></URDFElement><URDFElement z:Id="i64" i:type="Mimic"><Attributes><Attribute z:Id="i65"><AttributeType>joint</AttributeType><IsRequired>true</IsRequired><Value i:nil="true"/></Attribute><Attribute z:Id="i66"><AttributeType>multiplier</AttributeType><IsRequired>false</IsRequired><Value i:nil="true"/></Attribute><Attribute z:Id="i67"><AttributeType>offset</AttributeType><IsRequired>false</IsRequired><Value i:nil="true"/></Attribute></Attributes><ChildElements/><ElementName>mimic</ElementName><required>false</required><JointNameAttribute z:Ref="i65"/><MultiplierAttribute z:Ref="i66"/><OffsetAttribute z:Ref="i67"/></URDFElement></ChildElements><ElementName>joint</ElementName><required>false</required><Axis z:Ref="i46"/><AxisName/><Calibration z:Ref="i53"/><Child z:Ref="i44"/><CoordinateSystemName>Global_1</CoordinateSystemName><Dynamics z:Ref="i56"/><Limit z:Ref="i48"/><Mimic z:Ref="i64"/><NameAttribute z:Ref="i37"/><Origin z:Ref="i39"/><Parent z:Ref="i42"/><Safety z:Ref="i59"/><TypeAttribute z:Ref="i38"/></URDFElement></ChildElements><ElementName>link</ElementName><required>true</required><Children><Link z:Id="i68"><Attributes><Attribute z:Id="i69"><AttributeType>name</AttributeType><IsRequired>true</IsRequired><Value i:type="a:string" xmlns:a="http://www.w3.org/2001/XMLSchema">Bottom_plate_chassis</Value></Attribute></Attributes><ChildElements><URDFElement z:Id="i70" i:type="Inertial"><Attributes/><ChildElements><URDFElement z:Id="i71" i:type="Origin"><Attributes><Attribute z:Id="i72"><AttributeType>xyz</AttributeType><IsRequired>true</IsRequired><Value i:type="a:ArrayOfdouble" xmlns:a="http://schemas.microsoft.com/2003/10/Serialization/Arrays"><a:double>0</a:double><a:double>0</a:double><a:double>0</a:double></Value></Attribute><Attribute z:Id="i73"><AttributeType>rpy</AttributeType><IsRequired>true</IsRequired><Value i:type="a:ArrayOfdouble" xmlns:a="http://schemas.microsoft.com/2003/10/Serialization/Arrays"><a:double>0</a:double><a:double>0</a:double><a:double>0</a:double></Value></Attribute></Attributes><ChildElements/><ElementName>origin</ElementName><required>false</required><RPYAttribute z:Ref="i73"/><XYZAttribute z:Ref="i72"/><isCustomized>false</isCustomized></URDFElement><URDFElement z:Id="i74" i:type="Mass"><Attributes><Attribute z:Id="i75"><AttributeType>value</AttributeType><IsRequired>true</IsRequired><Value i:type="a:double" xmlns:a="http://www.w3.org/2001/XMLSchema">0</Value></Attribute></Attributes><ChildElements/><ElementName>mass</ElementName><required>false</required><ValueAttribute z:Ref="i75"/></URDFElement><URDFElement z:Id="i76" i:type="Inertia"><Attributes><Attribute z:Id="i77"><AttributeType>ixx</AttributeType><IsRequired>true</IsRequired><Value i:type="a:double" xmlns:a="http://www.w3.org/2001/XMLSchema">0</Value></Attribute><Attribute z:Id="i78"><AttributeType>ixy</AttributeType><IsRequired>true</IsRequired><Value i:type="a:double" xmlns:a="http://www.w3.org/2001/XMLSchema">0</Value></Attribute><Attribute z:Id="i79"><AttributeType>ixz</AttributeType><IsRequired>true</IsRequired><Value i:type="a:double" xmlns:a="http://www.w3.org/2001/XMLSchema">0</Value></Attribute><Attribute z:Id="i80"><AttributeType>iyy</AttributeType><IsRequired>true</IsRequired><Value i:type="a:double" xmlns:a="http://www.w3.org/2001/XMLSchema">0</Value></Attribute><Attribute z:Id="i81"><AttributeType>iyz</AttributeType><IsRequired>true</IsRequired><Value i:type="a:double" xmlns:a="http://www.w3.org/2001/XMLSchema">0</Value></Attribute><Attribute z:Id="i82"><AttributeType>izz</AttributeType><IsRequired>true</IsRequired><Value i:type="a:double" xmlns:a="http://www.w3.org/2001/XMLSchema">0</Value></Attribute></Attributes><ChildElements/><ElementName>inertia</ElementName><required>false</required><IxxAttribute z:Ref="i77"/><IxyAttribute z:Ref="i78"/><IxzAttribute z:Ref="i79"/><IyyAttribute z:Ref="i80"/><IyzAttribute z:Ref="i81"/><IzzAttribute z:Ref="i82"/></URDFElement></ChildElements><ElementName>inertial</ElementName><required>false</required><Inertia z:Ref="i76"/><Mass z:Ref="i74"/><Origin z:Ref="i71"/></URDFElement><URDFElement z:Id="i83" i:type="Visual"><Attributes/><ChildElements><URDFElement z:Id="i84" i:type="Origin"><Attributes><Attribute z:Id="i85"><AttributeType>xyz</AttributeType><IsRequired>true</IsRequired><Value i:type="a:ArrayOfdouble" xmlns:a="http://schemas.microsoft.com/2003/10/Serialization/Arrays"><a:double>0</a:double><a:double>0</a:double><a:double>0</a:double></Value></Attribute><Attribute z:Id="i86"><AttributeType>rpy</AttributeType><IsRequired>true</IsRequired><Value i:type="a:ArrayOfdouble" xmlns:a="http://schemas.microsoft.com/2003/10/Serialization/Arrays"><a:double>0</a:double><a:double>0</a:double><a:double>0</a:double></Value></Attribute></Attributes><ChildElements/><ElementName>origin</ElementName><required>false</required><RPYAttribute z:Ref="i86"/><XYZAttribute z:Ref="i85"/><isCustomized>false</isCustomized></URDFElement><URDFElement z:Id="i87" i:type="Geometry"><Attributes/><ChildElements><URDFElement z:Id="i88" i:type="Mesh"><Attributes><Attribute z:Id="i89"><AttributeType>filename</AttributeType><IsRequired>true</IsRequired><Value i:nil="true"/></Attribute></Attributes><ChildElements/><ElementName>mesh</ElementName><required>false</required><FilenameAttribute z:Ref="i89"/></URDFElement></ChildElements><ElementName>geometry</ElementName><required>true</required><Mesh z:Ref="i88"/></URDFElement><URDFElement z:Id="i90" i:type="Material"><Attributes><Attribute z:Id="i91"><AttributeType>name</AttributeType><IsRequired>true</IsRequired><Value i:type="a:string" xmlns:a="http://www.w3.org/2001/XMLSchema"/></Attribute></Attributes><ChildElements><URDFElement z:Id="i92" i:type="Color"><Attributes><Attribute z:Id="i93"><AttributeType>rgba</AttributeType><IsRequired>true</IsRequired><Value i:type="a:ArrayOfdouble" xmlns:a="http://schemas.microsoft.com/2003/10/Serialization/Arrays"><a:double>1</a:double><a:double>1</a:double><a:double>1</a:double><a:double>1</a:double></Value></Attribute></Attributes><ChildElements/><ElementName>color</ElementName><required>false</required><RGBAAttribute z:Ref="i93"/></URDFElement><URDFElement z:Id="i94" i:type="Texture"><Attributes><Attribute z:Id="i95"><AttributeType>filename</AttributeType><IsRequired>true</IsRequired><Value i:nil="true"/></Attribute></Attributes><ChildElements/><ElementName>texture</ElementName><required>false</required><FilenameAttribute z:Ref="i95"/><wFilename/></URDFElement></ChildElements><ElementName>material</ElementName><required>false</required><Color z:Ref="i92"/><NameAttribute z:Ref="i91"/><Texture z:Ref="i94"/></URDFElement></ChildElements><ElementName>visual</ElementName><required>false</required><Geometry z:Ref="i87"/><Material z:Ref="i90"/><Origin z:Ref="i84"/></URDFElement><URDFElement z:Id="i96" i:type="Collision"><Attributes/><ChildElements><URDFElement z:Id="i97" i:type="Origin"><Attributes><Attribute z:Id="i98"><AttributeType>xyz</AttributeType><IsRequired>true</IsRequired><Value i:type="a:ArrayOfdouble" xmlns:a="http://schemas.microsoft.com/2003/10/Serialization/Arrays"><a:double>0</a:double><a:double>0</a:double><a:double>0</a:double></Value></Attribute><Attribute z:Id="i99"><AttributeType>rpy</AttributeType><IsRequired>true</IsRequired><Value i:type="a:ArrayOfdouble" xmlns:a="http://schemas.microsoft.com/2003/10/Serialization/Arrays"><a:double>0</a:double><a:double>0</a:double><a:double>0</a:double></Value></Attribute></Attributes><ChildElements/><ElementName>origin</ElementName><required>false</required><RPYAttribute z:Ref="i99"/><XYZAttribute z:Ref="i98"/><isCustomized>false</isCustomized></URDFElement><URDFElement z:Id="i100" i:type="Geometry"><Attributes/><ChildElements><URDFElement z:Id="i101" i:type="Mesh"><Attributes><Attribute z:Id="i102"><AttributeType>filename</AttributeType><IsRequired>true</IsRequired><Value i:nil="true"/></Attribute></Attributes><ChildElements/><ElementName>mesh</ElementName><required>false</required><FilenameAttribute z:Ref="i102"/></URDFElement></ChildElements><ElementName>geometry</ElementName><required>true</required><Mesh z:Ref="i101"/></URDFElement></ChildElements><ElementName>collision</ElementName><required>false</required><Geometry z:Ref="i100"/><Origin z:Ref="i97"/></URDFElement><URDFElement z:Id="i103" i:type="Joint"><Attributes><Attribute z:Id="i104"><AttributeType>name</AttributeType><IsRequired>true</IsRequired><Value i:type="a:string" xmlns:a="http://www.w3.org/2001/XMLSchema">Bottom_plate_chassis</Value></Attribute><Attribute z:Id="i105"><AttributeType>type</AttributeType><IsRequired>true</IsRequired><Value i:type="a:string" xmlns:a="http://www.w3.org/2001/XMLSchema">fixed</Value></Attribute></Attributes><ChildElements><URDFElement z:Id="i106" i:type="Origin"><Attributes><Attribute z:Id="i107"><AttributeType>xyz</AttributeType><IsRequired>true</IsRequired><Value i:type="a:ArrayOfdouble" xmlns:a="http://schemas.microsoft.com/2003/10/Serialization/Arrays"><a:double>0</a:double><a:double>0</a:double><a:double>0</a:double></Value></Attribute><Attribute z:Id="i108"><AttributeType>rpy</AttributeType><IsRequired>true</IsRequired><Value i:type="a:ArrayOfdouble" xmlns:a="http://schemas.microsoft.com/2003/10/Serialization/Arrays"><a:double>0</a:double><a:double>0</a:double><a:double>0</a:double></Value></Attribute></Attributes><ChildElements/><ElementName>origin</ElementName><required>false</required><RPYAttribute z:Ref="i108"/><XYZAttribute z:Ref="i107"/><isCustomized>false</isCustomized></URDFElement><URDFElement z:Id="i109" i:type="ParentLink"><Attributes><Attribute z:Id="i110"><AttributeType>link</AttributeType><IsRequired>true</IsRequired><Value i:type="a:string" xmlns:a="http://www.w3.org/2001/XMLSchema"/></Attribute></Attributes><ChildElements/><ElementName>parent</ElementName><required>true</required><NameAttribute z:Ref="i110"/></URDFElement><URDFElement z:Id="i111" i:type="ChildLink"><Attributes><Attribute z:Id="i112"><AttributeType>link</AttributeType><IsRequired>true</IsRequired><Value i:type="a:string" xmlns:a="http://www.w3.org/2001/XMLSchema"/></Attribute></Attributes><ChildElements/><ElementName>child</ElementName><required>true</required><NameAttribute z:Ref="i112"/></URDFElement><URDFElement z:Id="i113" i:type="Axis"><Attributes><Attribute z:Id="i114"><AttributeType>xyz</AttributeType><IsRequired>true</IsRequired><Value i:type="a:ArrayOfdouble" xmlns:a="http://schemas.microsoft.com/2003/10/Serialization/Arrays"><a:double>0</a:double><a:double>0</a:double><a:double>0</a:double></Value></Attribute></Attributes><ChildElements/><ElementName>axis</ElementName><required>false</required><XYZAttribute z:Ref="i114"/></URDFElement><URDFElement z:Id="i115" i:type="Limit"><Attributes><Attribute z:Id="i116"><AttributeType>lower</AttributeType><IsRequired>false</IsRequired><Value i:nil="true"/></Attribute><Attribute z:Id="i117"><AttributeType>upper</AttributeType><IsRequired>false</IsRequired><Value i:nil="true"/></Attribute><Attribute z:Id="i118"><AttributeType>effort</AttributeType><IsRequired>true</IsRequired><Value i:nil="true"/></Attribute><Attribute z:Id="i119"><AttributeType>velocity</AttributeType><IsRequired>true</IsRequired><Value i:nil="true"/></Attribute></Attributes><ChildElements/><ElementName>limit</ElementName><required>false</required><EffortAttribute z:Ref="i118"/><LowerAttribute z:Ref="i116"/><UpperAttribute z:Ref="i117"/><VelocityAttribute z:Ref="i119"/></URDFElement><URDFElement z:Id="i120" i:type="Calibration"><Attributes><Attribute z:Id="i121"><AttributeType>rising</AttributeType><IsRequired>false</IsRequired><Value i:nil="true"/></Attribute><Attribute z:Id="i122"><AttributeType>falling</AttributeType><IsRequired>false</IsRequired><Value i:nil="true"/></Attribute></Attributes><ChildElements/><ElementName>calibration</ElementName><required>false</required><FallingAttribute z:Ref="i122"/><RisingAttribute z:Ref="i121"/></URDFElement><URDFElement z:Id="i123" i:type="Dynamics"><Attributes><Attribute z:Id="i124"><AttributeType>damping</AttributeType><IsRequired>false</IsRequired><Value i:nil="true"/></Attribute><Attribute z:Id="i125"><AttributeType>friction</AttributeType><IsRequired>false</IsRequired><Value i:nil="true"/></Attribute></Attributes><ChildElements/><ElementName>dynamics</ElementName><required>false</required><DampingAttribute z:Ref="i124"/><FrictionAttribute z:Ref="i125"/></URDFElement><URDFElement z:Id="i126" i:type="SafetyController"><Attributes><Attribute z:Id="i127"><AttributeType>soft_upper</AttributeType><IsRequired>false</IsRequired><Value i:nil="true"/></Attribute><Attribute z:Id="i128"><AttributeType>soft_lower</AttributeType><IsRequired>false</IsRequired><Value i:nil="true"/></Attribute><Attribute z:Id="i129"><AttributeType>k_position</AttributeType><IsRequired>false</IsRequired><Value i:nil="true"/></Attribute><Attribute z:Id="i130"><AttributeType>k_velocity</AttributeType><IsRequired>true</IsRequired><Value i:nil="true"/></Attribute></Attributes><ChildElements/><ElementName>safety_controller</ElementName><required>false</required><KPositionAttribute z:Ref="i129"/><KVelocityAttribute z:Ref="i130"/><SoftLowerAttribute z:Ref="i128"/><SoftUpperAttribute z:Ref="i127"/></URDFElement><URDFElement z:Id="i131" i:type="Mimic"><Attributes><Attribute z:Id="i132"><AttributeType>joint</AttributeType><IsRequired>true</IsRequired><Value i:nil="true"/></Attribute><Attribute z:Id="i133"><AttributeType>multiplier</AttributeType><IsRequired>false</IsRequired><Value i:nil="true"/></Attribute><Attribute z:Id="i134"><AttributeType>offset</AttributeType><IsRequired>false</IsRequired><Value i:nil="true"/></Attribute></Attributes><ChildElements/><ElementName>mimic</ElementName><required>false</required><JointNameAttribute z:Ref="i132"/><MultiplierAttribute z:Ref="i133"/><OffsetAttribute z:Ref="i134"/></URDFElement></ChildElements><ElementName>joint</ElementName><required>false</required><Axis z:Ref="i113"/><AxisName>Automatically Generate</AxisName><Calibration z:Ref="i120"/><Child z:Ref="i111"/><CoordinateSystemName>Global_1</CoordinateSystemName><Dynamics z:Ref="i123"/><Limit z:Ref="i115"/><Mimic z:Ref="i131"/><NameAttribute z:Ref="i104"/><Origin z:Ref="i106"/><Parent z:Ref="i109"/><Safety z:Ref="i126"/><TypeAttribute z:Ref="i105"/></URDFElement></ChildElements><ElementName>link</ElementName><required>true</required><Children><Link z:Id="i135"><Attributes><Attribute z:Id="i136"><AttributeType>name</AttributeType><IsRequired>true</IsRequired><Value i:type="a:string" xmlns:a="http://www.w3.org/2001/XMLSchema">Left_servo1</Value></Attribute></Attributes><ChildElements><URDFElement z:Id="i137" i:type="Inertial"><Attributes/><ChildElements><URDFElement z:Id="i138" i:type="Origin"><Attributes><Attribute z:Id="i139"><AttributeType>xyz</AttributeType><IsRequired>true</IsRequired><Value i:type="a:ArrayOfdouble" xmlns:a="http://schemas.microsoft.com/2003/10/Serialization/Arrays"><a:double>0</a:double><a:double>0</a:double><a:double>0</a:double></Value></Attribute><Attribute z:Id="i140"><AttributeType>rpy</AttributeType><IsRequired>true</IsRequired><Value i:type="a:ArrayOfdouble" xmlns:a="http://schemas.microsoft.com/2003/10/Serialization/Arrays"><a:double>0</a:double><a:double>0</a:double><a:double>0</a:double></Value></Attribute></Attributes><ChildElements/><ElementName>origin</ElementName><required>false</required><RPYAttribute z:Ref="i140"/><XYZAttribute z:Ref="i139"/><isCustomized>false</isCustomized></URDFElement><URDFElement z:Id="i141" i:type="Mass"><Attributes><Attribute z:Id="i142"><AttributeType>value</AttributeType><IsRequired>true</IsRequired><Value i:type="a:double" xmlns:a="http://www.w3.org/2001/XMLSchema">0</Value></Attribute></Attributes><ChildElements/><ElementName>mass</ElementName><required>false</required><ValueAttribute z:Ref="i142"/></URDFElement><URDFElement z:Id="i143" i:type="Inertia"><Attributes><Attribute z:Id="i144"><AttributeType>ixx</AttributeType><IsRequired>true</IsRequired><Value i:type="a:double" xmlns:a="http://www.w3.org/2001/XMLSchema">0</Value></Attribute><Attribute z:Id="i145"><AttributeType>ixy</AttributeType><IsRequired>true</IsRequired><Value i:type="a:double" xmlns:a="http://www.w3.org/2001/XMLSchema">0</Value></Attribute><Attribute z:Id="i146"><AttributeType>ixz</AttributeType><IsRequired>true</IsRequired><Value i:type="a:double" xmlns:a="http://www.w3.org/2001/XMLSchema">0</Value></Attribute><Attribute z:Id="i147"><AttributeType>iyy</AttributeType><IsRequired>true</IsRequired><Value i:type="a:double" xmlns:a="http://www.w3.org/2001/XMLSchema">0</Value></Attribute><Attribute z:Id="i148"><AttributeType>iyz</AttributeType><IsRequired>true</IsRequired><Value i:type="a:double" xmlns:a="http://www.w3.org/2001/XMLSchema">0</Value></Attribute><Attribute z:Id="i149"><AttributeType>izz</AttributeType><IsRequired>true</IsRequired><Value i:type="a:double" xmlns:a="http://www.w3.org/2001/XMLSchema">0</Value></Attribute></Attributes><ChildElements/><ElementName>inertia</ElementName><required>false</required><IxxAttribute z:Ref="i144"/><IxyAttribute z:Ref="i145"/><IxzAttribute z:Ref="i146"/><IyyAttribute z:Ref="i147"/><IyzAttribute z:Ref="i148"/><IzzAttribute z:Ref="i149"/></URDFElement></ChildElements><ElementName>inertial</ElementName><required>false</required><Inertia z:Ref="i143"/><Mass z:Ref="i141"/><Origin z:Ref="i138"/></URDFElement><URDFElement z:Id="i150" i:type="Visual"><Attributes/><ChildElements><URDFElement z:Id="i151" i:type="Origin"><Attributes><Attribute z:Id="i152"><AttributeType>xyz</AttributeType><IsRequired>true</IsRequired><Value i:type="a:ArrayOfdouble" xmlns:a="http://schemas.microsoft.com/2003/10/Serialization/Arrays"><a:double>0</a:double><a:double>0</a:double><a:double>0</a:double></Value></Attribute><Attribute z:Id="i153"><AttributeType>rpy</AttributeType><IsRequired>true</IsRequired><Value i:type="a:ArrayOfdouble" xmlns:a="http://schemas.microsoft.com/2003/10/Serialization/Arrays"><a:double>0</a:double><a:double>0</a:double><a:double>0</a:double></Value></Attribute></Attributes><ChildElements/><ElementName>origin</ElementName><required>false</required><RPYAttribute z:Ref="i153"/><XYZAttribute z:Ref="i152"/><isCustomized>false</isCustomized></URDFElement><URDFElement z:Id="i154" i:type="Geometry"><Attributes/><ChildElements><URDFElement z:Id="i155" i:type="Mesh"><Attributes><Attribute z:Id="i156"><AttributeType>filename</AttributeType><IsRequired>true</IsRequired><Value i:nil="true"/></Attribute></Attributes><ChildElements/><ElementName>mesh</ElementName><required>false</required><FilenameAttribute z:Ref="i156"/></URDFElement></ChildElements><ElementName>geometry</ElementName><required>true</required><Mesh z:Ref="i155"/></URDFElement><URDFElement z:Id="i157" i:type="Material"><Attributes><Attribute z:Id="i158"><AttributeType>name</AttributeType><IsRequired>true</IsRequired><Value i:type="a:string" xmlns:a="http://www.w3.org/2001/XMLSchema"/></Attribute></Attributes><ChildElements><URDFElement z:Id="i159" i:type="Color"><Attributes><Attribute z:Id="i160"><AttributeType>rgba</AttributeType><IsRequired>true</IsRequired><Value i:type="a:ArrayOfdouble" xmlns:a="http://schemas.microsoft.com/2003/10/Serialization/Arrays"><a:double>1</a:double><a:double>1</a:double><a:double>1</a:double><a:double>1</a:double></Value></Attribute></Attributes><ChildElements/><ElementName>color</ElementName><required>false</required><RGBAAttribute z:Ref="i160"/></URDFElement><URDFElement z:Id="i161" i:type="Texture"><Attributes><Attribute z:Id="i162"><AttributeType>filename</AttributeType><IsRequired>true</IsRequired><Value i:nil="true"/></Attribute></Attributes><ChildElements/><ElementName>texture</ElementName><required>false</required><FilenameAttribute z:Ref="i162"/><wFilename/></URDFElement></ChildElements><ElementName>material</ElementName><required>false</required><Color z:Ref="i159"/><NameAttribute z:Ref="i158"/><Texture z:Ref="i161"/></URDFElement></ChildElements><ElementName>visual</ElementName><required>false</required><Geometry z:Ref="i154"/><Material z:Ref="i157"/><Origin z:Ref="i151"/></URDFElement><URDFElement z:Id="i163" i:type="Collision"><Attributes/><ChildElements><URDFElement z:Id="i164" i:type="Origin"><Attributes><Attribute z:Id="i165"><AttributeType>xyz</AttributeType><IsRequired>true</IsRequired><Value i:type="a:ArrayOfdouble" xmlns:a="http://schemas.microsoft.com/2003/10/Serialization/Arrays"><a:double>0</a:double><a:double>0</a:double><a:double>0</a:double></Value></Attribute><Attribute z:Id="i166"><AttributeType>rpy</AttributeType><IsRequired>true</IsRequired><Value i:type="a:ArrayOfdouble" xmlns:a="http://schemas.microsoft.com/2003/10/Serialization/Arrays"><a:double>0</a:double><a:double>0</a:double><a:double>0</a:double></Value></Attribute></Attributes><ChildElements/><ElementName>origin</ElementName><required>false</required><RPYAttribute z:Ref="i166"/><XYZAttribute z:Ref="i165"/><isCustomized>false</isCustomized></URDFElement><URDFElement z:Id="i167" i:type="Geometry"><Attributes/><ChildElements><URDFElement z:Id="i168" i:type="Mesh"><Attributes><Attribute z:Id="i169"><AttributeType>filename</AttributeType><IsRequired>true</IsRequired><Value i:nil="true"/></Attribute></Attributes><ChildElements/><ElementName>mesh</ElementName><required>false</required><FilenameAttribute z:Ref="i169"/></URDFElement></ChildElements><ElementName>geometry</ElementName><required>true</required><Mesh z:Ref="i168"/></URDFElement></ChildElements><ElementName>collision</ElementName><required>false</required><Geometry z:Ref="i167"/><Origin z:Ref="i164"/></URDFElement><URDFElement z:Id="i170" i:type="Joint"><Attributes><Attribute z:Id="i171"><AttributeType>name</AttributeType><IsRequired>true</IsRequired><Value i:type="a:string" xmlns:a="http://www.w3.org/2001/XMLSchema">Left_servo1_joint</Value></Attribute><Attribute z:Id="i172"><AttributeType>type</AttributeType><IsRequired>true</IsRequired><Value i:type="a:string" xmlns:a="http://www.w3.org/2001/XMLSchema">revolute</Value></Attribute></Attributes><ChildElements><URDFElement z:Id="i173" i:type="Origin"><Attributes><Attribute z:Id="i174"><AttributeType>xyz</AttributeType><IsRequired>true</IsRequired><Value i:type="a:ArrayOfdouble" xmlns:a="http://schemas.microsoft.com/2003/10/Serialization/Arrays"><a:double>0</a:double><a:double>0</a:double><a:double>0</a:double></Value></Attribute><Attribute z:Id="i175"><AttributeType>rpy</AttributeType><IsRequired>true</IsRequired><Value i:type="a:ArrayOfdouble" xmlns:a="http://schemas.microsoft.com/2003/10/Serialization/Arrays"><a:double>0</a:double><a:double>0</a:double><a:double>0</a:double></Value></Attribute></Attributes><ChildElements/><ElementName>origin</ElementName><required>false</required><RPYAttribute z:Ref="i175"/><XYZAttribute z:Ref="i174"/><isCustomized>false</isCustomized></URDFElement><URDFElement z:Id="i176" i:type="ParentLink"><Attributes><Attribute z:Id="i177"><AttributeType>link</AttributeType><IsRequired>true</IsRequired><Value i:type="a:string" xmlns:a="http://www.w3.org/2001/XMLSchema"/></Attribute></Attributes><ChildElements/><ElementName>parent</ElementName><required>true</required><NameAttribute z:Ref="i177"/></URDFElement><URDFElement z:Id="i178" i:type="ChildLink"><Attributes><Attribute z:Id="i179"><AttributeType>link</AttributeType><IsRequired>true</IsRequired><Value i:type="a:string" xmlns:a="http://www.w3.org/2001/XMLSchema"/></Attribute></Attributes><ChildElements/><ElementName>child</ElementName><required>true</required><NameAttribute z:Ref="i179"/></URDFElement><URDFElement z:Id="i180" i:type="Axis"><Attributes><Attribute z:Id="i181"><AttributeType>xyz</AttributeType><IsRequired>true</IsRequired><Value i:type="a:ArrayOfdouble" xmlns:a="http://schemas.microsoft.com/2003/10/Serialization/Arrays"><a:double>0</a:double><a:double>0</a:double><a:double>0</a:double></Value></Attribute></Attributes><ChildElements/><ElementName>axis</ElementName><required>false</required><XYZAttribute z:Ref="i181"/></URDFElement><URDFElement z:Id="i182" i:type="Limit"><Attributes><Attribute z:Id="i183"><AttributeType>lower</AttributeType><IsRequired>false</IsRequired><Value i:nil="true"/></Attribute><Attribute z:Id="i184"><AttributeType>upper</AttributeType><IsRequired>false</IsRequired><Value i:nil="true"/></Attribute><Attribute z:Id="i185"><AttributeType>effort</AttributeType><IsRequired>true</IsRequired><Value i:nil="true"/></Attribute><Attribute z:Id="i186"><AttributeType>velocity</AttributeType><IsRequired>true</IsRequired><Value i:nil="true"/></Attribute></Attributes><ChildElements/><ElementName>limit</ElementName><required>false</required><EffortAttribute z:Ref="i185"/><LowerAttribute z:Ref="i183"/><UpperAttribute z:Ref="i184"/><VelocityAttribute z:Ref="i186"/></URDFElement><URDFElement z:Id="i187" i:type="Calibration"><Attributes><Attribute z:Id="i188"><AttributeType>rising</AttributeType><IsRequired>false</IsRequired><Value i:nil="true"/></Attribute><Attribute z:Id="i189"><AttributeType>falling</AttributeType><IsRequired>false</IsRequired><Value i:nil="true"/></Attribute></Attributes><ChildElements/><ElementName>calibration</ElementName><required>false</required><FallingAttribute z:Ref="i189"/><RisingAttribute z:Ref="i188"/></URDFElement><URDFElement z:Id="i190" i:type="Dynamics"><Attributes><Attribute z:Id="i191"><AttributeType>damping</AttributeType><IsRequired>false</IsRequired><Value i:nil="true"/></Attribute><Attribute z:Id="i192"><AttributeType>friction</AttributeType><IsRequired>false</IsRequired><Value i:nil="true"/></Attribute></Attributes><ChildElements/><ElementName>dynamics</ElementName><required>false</required><DampingAttribute z:Ref="i191"/><FrictionAttribute z:Ref="i192"/></URDFElement><URDFElement z:Id="i193" i:type="SafetyController"><Attributes><Attribute z:Id="i194"><AttributeType>soft_upper</AttributeType><IsRequired>false</IsRequired><Value i:nil="true"/></Attribute><Attribute z:Id="i195"><AttributeType>soft_lower</AttributeType><IsRequired>false</IsRequired><Value i:nil="true"/></Attribute><Attribute z:Id="i196"><AttributeType>k_position</AttributeType><IsRequired>false</IsRequired><Value i:nil="true"/></Attribute><Attribute z:Id="i197"><AttributeType>k_velocity</AttributeType><IsRequired>true</IsRequired><Value i:nil="true"/></Attribute></Attributes><ChildElements/><ElementName>safety_controller</ElementName><required>false</required><KPositionAttribute z:Ref="i196"/><KVelocityAttribute z:Ref="i197"/><SoftLowerAttribute z:Ref="i195"/><SoftUpperAttribute z:Ref="i194"/></URDFElement><URDFElement z:Id="i198" i:type="Mimic"><Attributes><Attribute z:Id="i199"><AttributeType>joint</AttributeType><IsRequired>true</IsRequired><Value i:nil="true"/></Attribute><Attribute z:Id="i200"><AttributeType>multiplier</AttributeType><IsRequired>false</IsRequired><Value i:nil="true"/></Attribute><Attribute z:Id="i201"><AttributeType>offset</AttributeType><IsRequired>false</IsRequired><Value i:nil="true"/></Attribute></Attributes><ChildElements/><ElementName>mimic</ElementName><required>false</required><JointNameAttribute z:Ref="i199"/><MultiplierAttribute z:Ref="i200"/><OffsetAttribute z:Ref="i201"/></URDFElement></ChildElements><ElementName>joint</ElementName><required>false</required><Axis z:Ref="i180"/><AxisName>Automatically Generate</AxisName><Calibration z:Ref="i187"/><Child z:Ref="i178"/><CoordinateSystemName>Left_1</CoordinateSystemName><Dynamics z:Ref="i190"/><Limit z:Ref="i182"/><Mimic z:Ref="i198"/><NameAttribute z:Ref="i171"/><Origin z:Ref="i173"/><Parent z:Ref="i176"/><Safety z:Ref="i193"/><TypeAttribute z:Ref="i172"/></URDFElement></ChildElements><ElementName>link</ElementName><required>true</required><Children><Link z:Id="i202"><Attributes><Attribute z:Id="i203"><AttributeType>name</AttributeType><IsRequired>true</IsRequired><Value i:type="a:string" xmlns:a="http://www.w3.org/2001/XMLSchema">Left_servo2</Value></Attribute></Attributes><ChildElements><URDFElement z:Id="i204" i:type="Inertial"><Attributes/><ChildElements><URDFElement z:Id="i205" i:type="Origin"><Attributes><Attribute z:Id="i206"><AttributeType>xyz</AttributeType><IsRequired>true</IsRequired><Value i:type="a:ArrayOfdouble" xmlns:a="http://schemas.microsoft.com/2003/10/Serialization/Arrays"><a:double>0</a:double><a:double>0</a:double><a:double>0</a:double></Value></Attribute><Attribute z:Id="i207"><AttributeType>rpy</AttributeType><IsRequired>true</IsRequired><Value i:type="a:ArrayOfdouble" xmlns:a="http://schemas.microsoft.com/2003/10/Serialization/Arrays"><a:double>0</a:double><a:double>0</a:double><a:double>0</a:double></Value></Attribute></Attributes><ChildElements/><ElementName>origin</ElementName><required>false</required><RPYAttribute z:Ref="i207"/><XYZAttribute z:Ref="i206"/><isCustomized>false</isCustomized></URDFElement><URDFElement z:Id="i208" i:type="Mass"><Attributes><Attribute z:Id="i209"><AttributeType>value</AttributeType><IsRequired>true</IsRequired><Value i:type="a:double" xmlns:a="http://www.w3.org/2001/XMLSchema">0</Value></Attribute></Attributes><ChildElements/><ElementName>mass</ElementName><required>false</required><ValueAttribute z:Ref="i209"/></URDFElement><URDFElement z:Id="i210" i:type="Inertia"><Attributes><Attribute z:Id="i211"><AttributeType>ixx</AttributeType><IsRequired>true</IsRequired><Value i:type="a:double" xmlns:a="http://www.w3.org/2001/XMLSchema">0</Value></Attribute><Attribute z:Id="i212"><AttributeType>ixy</AttributeType><IsRequired>true</IsRequired><Value i:type="a:double" xmlns:a="http://www.w3.org/2001/XMLSchema">0</Value></Attribute><Attribute z:Id="i213"><AttributeType>ixz</AttributeType><IsRequired>true</IsRequired><Value i:type="a:double" xmlns:a="http://www.w3.org/2001/XMLSchema">0</Value></Attribute><Attribute z:Id="i214"><AttributeType>iyy</AttributeType><IsRequired>true</IsRequired><Value i:type="a:double" xmlns:a="http://www.w3.org/2001/XMLSchema">0</Value></Attribute><Attribute z:Id="i215"><AttributeType>iyz</AttributeType><IsRequired>true</IsRequired><Value i:type="a:double" xmlns:a="http://www.w3.org/2001/XMLSchema">0</Value></Attribute><Attribute z:Id="i216"><AttributeType>izz</AttributeType><IsRequired>true</IsRequired><Value i:type="a:double" xmlns:a="http://www.w3.org/2001/XMLSchema">0</Value></Attribute></Attributes><ChildElements/><ElementName>inertia</ElementName><required>false</required><IxxAttribute z:Ref="i211"/><IxyAttribute z:Ref="i212"/><IxzAttribute z:Ref="i213"/><IyyAttribute z:Ref="i214"/><IyzAttribute z:Ref="i215"/><IzzAttribute z:Ref="i216"/></URDFElement></ChildElements><ElementName>inertial</ElementName><required>false</required><Inertia z:Ref="i210"/><Mass z:Ref="i208"/><Origin z:Ref="i205"/></URDFElement><URDFElement z:Id="i217" i:type="Visual"><Attributes/><ChildElements><URDFElement z:Id="i218" i:type="Origin"><Attributes><Attribute z:Id="i219"><AttributeType>xyz</AttributeType><IsRequired>true</IsRequired><Value i:type="a:ArrayOfdouble" xmlns:a="http://schemas.microsoft.com/2003/10/Serialization/Arrays"><a:double>0</a:double><a:double>0</a:double><a:double>0</a:double></Value></Attribute><Attribute z:Id="i220"><AttributeType>rpy</AttributeType><IsRequired>true</IsRequired><Value i:type="a:ArrayOfdouble" xmlns:a="http://schemas.microsoft.com/2003/10/Serialization/Arrays"><a:double>0</a:double><a:double>0</a:double><a:double>0</a:double></Value></Attribute></Attributes><ChildElements/><ElementName>origin</ElementName><required>false</required><RPYAttribute z:Ref="i220"/><XYZAttribute z:Ref="i219"/><isCustomized>false</isCustomized></URDFElement><URDFElement z:Id="i221" i:type="Geometry"><Attributes/><ChildElements><URDFElement z:Id="i222" i:type="Mesh"><Attributes><Attribute z:Id="i223"><AttributeType>filename</AttributeType><IsRequired>true</IsRequired><Value i:nil="true"/></Attribute></Attributes><ChildElements/><ElementName>mesh</ElementName><required>false</required><FilenameAttribute z:Ref="i223"/></URDFElement></ChildElements><ElementName>geometry</ElementName><required>true</required><Mesh z:Ref="i222"/></URDFElement><URDFElement z:Id="i224" i:type="Material"><Attributes><Attribute z:Id="i225"><AttributeType>name</AttributeType><IsRequired>true</IsRequired><Value i:type="a:string" xmlns:a="http://www.w3.org/2001/XMLSchema"/></Attribute></Attributes><ChildElements><URDFElement z:Id="i226" i:type="Color"><Attributes><Attribute z:Id="i227"><AttributeType>rgba</AttributeType><IsRequired>true</IsRequired><Value i:type="a:ArrayOfdouble" xmlns:a="http://schemas.microsoft.com/2003/10/Serialization/Arrays"><a:double>1</a:double><a:double>1</a:double><a:double>1</a:double><a:double>1</a:double></Value></Attribute></Attributes><ChildElements/><ElementName>color</ElementName><required>false</required><RGBAAttribute z:Ref="i227"/></URDFElement><URDFElement z:Id="i228" i:type="Texture"><Attributes><Attribute z:Id="i229"><AttributeType>filename</AttributeType><IsRequired>true</IsRequired><Value i:nil="true"/></Attribute></Attributes><ChildElements/><ElementName>texture</ElementName><required>false</required><FilenameAttribute z:Ref="i229"/><wFilename/></URDFElement></ChildElements><ElementName>material</ElementName><required>false</required><Color z:Ref="i226"/><NameAttribute z:Ref="i225"/><Texture z:Ref="i228"/></URDFElement></ChildElements><ElementName>visual</ElementName><required>false</required><Geometry z:Ref="i221"/><Material z:Ref="i224"/><Origin z:Ref="i218"/></URDFElement><URDFElement z:Id="i230" i:type="Collision"><Attributes/><ChildElements><URDFElement z:Id="i231" i:type="Origin"><Attributes><Attribute z:Id="i232"><AttributeType>xyz</AttributeType><IsRequired>true</IsRequired><Value i:type="a:ArrayOfdouble" xmlns:a="http://schemas.microsoft.com/2003/10/Serialization/Arrays"><a:double>0</a:double><a:double>0</a:double><a:double>0</a:double></Value></Attribute><Attribute z:Id="i233"><AttributeType>rpy</AttributeType><IsRequired>true</IsRequired><Value i:type="a:ArrayOfdouble" xmlns:a="http://schemas.microsoft.com/2003/10/Serialization/Arrays"><a:double>0</a:double><a:double>0</a:double><a:double>0</a:double></Value></Attribute></Attributes><ChildElements/><ElementName>origin</ElementName><required>false</required><RPYAttribute z:Ref="i233"/><XYZAttribute z:Ref="i232"/><isCustomized>false</isCustomized></URDFElement><URDFElement z:Id="i234" i:type="Geometry"><Attributes/><ChildElements><URDFElement z:Id="i235" i:type="Mesh"><Attributes><Attribute z:Id="i236"><AttributeType>filename</AttributeType><IsRequired>true</IsRequired><Value i:nil="true"/></Attribute></Attributes><ChildElements/><ElementName>mesh</ElementName><required>false</required><FilenameAttribute z:Ref="i236"/></URDFElement></ChildElements><ElementName>geometry</ElementName><required>true</required><Mesh z:Ref="i235"/></URDFElement></ChildElements><ElementName>collision</ElementName><required>false</required><Geometry z:Ref="i234"/><Origin z:Ref="i231"/></URDFElement><URDFElement z:Id="i237" i:type="Joint"><Attributes><Attribute z:Id="i238"><AttributeType>name</AttributeType><IsRequired>true</IsRequired><Value i:type="a:string" xmlns:a="http://www.w3.org/2001/XMLSchema">Left_servo2_joint</Value></Attribute><Attribute z:Id="i239"><AttributeType>type</AttributeType><IsRequired>true</IsRequired><Value i:type="a:string" xmlns:a="http://www.w3.org/2001/XMLSchema">revolute</Value></Attribute></Attributes><ChildElements><URDFElement z:Id="i240" i:type="Origin"><Attributes><Attribute z:Id="i241"><AttributeType>xyz</AttributeType><IsRequired>true</IsRequired><Value i:type="a:ArrayOfdouble" xmlns:a="http://schemas.microsoft.com/2003/10/Serialization/Arrays"><a:double>0</a:double><a:double>0</a:double><a:double>0</a:double></Value></Attribute><Attribute z:Id="i242"><AttributeType>rpy</AttributeType><IsRequired>true</IsRequired><Value i:type="a:ArrayOfdouble" xmlns:a="http://schemas.microsoft.com/2003/10/Serialization/Arrays"><a:double>0</a:double><a:double>0</a:double><a:double>0</a:double></Value></Attribute></Attributes><ChildElements/><ElementName>origin</ElementName><required>false</required><RPYAttribute z:Ref="i242"/><XYZAttribute z:Ref="i241"/><isCustomized>false</isCustomized></URDFElement><URDFElement z:Id="i243" i:type="ParentLink"><Attributes><Attribute z:Id="i244"><AttributeType>link</AttributeType><IsRequired>true</IsRequired><Value i:type="a:string" xmlns:a="http://www.w3.org/2001/XMLSchema"/></Attribute></Attributes><ChildElements/><ElementName>parent</ElementName><required>true</required><NameAttribute z:Ref="i244"/></URDFElement><URDFElement z:Id="i245" i:type="ChildLink"><Attributes><Attribute z:Id="i246"><AttributeType>link</AttributeType><IsRequired>true</IsRequired><Value i:type="a:string" xmlns:a="http://www.w3.org/2001/XMLSchema"/></Attribute></Attributes><ChildElements/><ElementName>child</ElementName><required>true</required><NameAttribute z:Ref="i246"/></URDFElement><URDFElement z:Id="i247" i:type="Axis"><Attributes><Attribute z:Id="i248"><AttributeType>xyz</AttributeType><IsRequired>true</IsRequired><Value i:type="a:ArrayOfdouble" xmlns:a="http://schemas.microsoft.com/2003/10/Serialization/Arrays"><a:double>0</a:double><a:double>0</a:double><a:double>0</a:double></Value></Attribute></Attributes><ChildElements/><ElementName>axis</ElementName><required>false</required><XYZAttribute z:Ref="i248"/></URDFElement><URDFElement z:Id="i249" i:type="Limit"><Attributes><Attribute z:Id="i250"><AttributeType>lower</AttributeType><IsRequired>false</IsRequired><Value i:nil="true"/></Attribute><Attribute z:Id="i251"><AttributeType>upper</AttributeType><IsRequired>false</IsRequired><Value i:nil="true"/></Attribute><Attribute z:Id="i252"><AttributeType>effort</AttributeType><IsRequired>true</IsRequired><Value i:nil="true"/></Attribute><Attribute z:Id="i253"><AttributeType>velocity</AttributeType><IsRequired>true</IsRequired><Value i:nil="true"/></Attribute></Attributes><ChildElements/><ElementName>limit</ElementName><required>false</required><EffortAttribute z:Ref="i252"/><LowerAttribute z:Ref="i250"/><UpperAttribute z:Ref="i251"/><VelocityAttribute z:Ref="i253"/></URDFElement><URDFElement z:Id="i254" i:type="Calibration"><Attributes><Attribute z:Id="i255"><AttributeType>rising</AttributeType><IsRequired>false</IsRequired><Value i:nil="true"/></Attribute><Attribute z:Id="i256"><AttributeType>falling</AttributeType><IsRequired>false</IsRequired><Value i:nil="true"/></Attribute></Attributes><ChildElements/><ElementName>calibration</ElementName><required>false</required><FallingAttribute z:Ref="i256"/><RisingAttribute z:Ref="i255"/></URDFElement><URDFElement z:Id="i257" i:type="Dynamics"><Attributes><Attribute z:Id="i258"><AttributeType>damping</AttributeType><IsRequired>false</IsRequired><Value i:nil="true"/></Attribute><Attribute z:Id="i259"><AttributeType>friction</AttributeType><IsRequired>false</IsRequired><Value i:nil="true"/></Attribute></Attributes><ChildElements/><ElementName>dynamics</ElementName><required>false</required><DampingAttribute z:Ref="i258"/><FrictionAttribute z:Ref="i259"/></URDFElement><URDFElement z:Id="i260" i:type="SafetyController"><Attributes><Attribute z:Id="i261"><AttributeType>soft_upper</AttributeType><IsRequired>false</IsRequired><Value i:nil="true"/></Attribute><Attribute z:Id="i262"><AttributeType>soft_lower</AttributeType><IsRequired>false</IsRequired><Value i:nil="true"/></Attribute><Attribute z:Id="i263"><AttributeType>k_position</AttributeType><IsRequired>false</IsRequired><Value i:nil="true"/></Attribute><Attribute z:Id="i264"><AttributeType>k_velocity</AttributeType><IsRequired>true</IsRequired><Value i:nil="true"/></Attribute></Attributes><ChildElements/><ElementName>safety_controller</ElementName><required>false</required><KPositionAttribute z:Ref="i263"/><KVelocityAttribute z:Ref="i264"/><SoftLowerAttribute z:Ref="i262"/><SoftUpperAttribute z:Ref="i261"/></URDFElement><URDFElement z:Id="i265" i:type="Mimic"><Attributes><Attribute z:Id="i266"><AttributeType>joint</AttributeType><IsRequired>true</IsRequired><Value i:nil="true"/></Attribute><Attribute z:Id="i267"><AttributeType>multiplier</AttributeType><IsRequired>false</IsRequired><Value i:nil="true"/></Attribute><Attribute z:Id="i268"><AttributeType>offset</AttributeType><IsRequired>false</IsRequired><Value i:nil="true"/></Attribute></Attributes><ChildElements/><ElementName>mimic</ElementName><required>false</required><JointNameAttribute z:Ref="i266"/><MultiplierAttribute z:Ref="i267"/><OffsetAttribute z:Ref="i268"/></URDFElement></ChildElements><ElementName>joint</ElementName><required>false</required><Axis z:Ref="i247"/><AxisName>Automatically Generate</AxisName><Calibration z:Ref="i254"/><Child z:Ref="i245"/><CoordinateSystemName>Left_2</CoordinateSystemName><Dynamics z:Ref="i257"/><Limit z:Ref="i249"/><Mimic z:Ref="i265"/><NameAttribute z:Ref="i238"/><Origin z:Ref="i240"/><Parent z:Ref="i243"/><Safety z:Ref="i260"/><TypeAttribute z:Ref="i239"/></URDFElement></ChildElements><ElementName>link</ElementName><required>true</required><Children><Link z:Id="i269"><Attributes><Attribute z:Id="i270"><AttributeType>name</AttributeType><IsRequired>true</IsRequired><Value i:type="a:string" xmlns:a="http://www.w3.org/2001/XMLSchema">Left_prop</Value></Attribute></Attributes><ChildElements><URDFElement z:Id="i271" i:type="Inertial"><Attributes/><ChildElements><URDFElement z:Id="i272" i:type="Origin"><Attributes><Attribute z:Id="i273"><AttributeType>xyz</AttributeType><IsRequired>true</IsRequired><Value i:type="a:ArrayOfdouble" xmlns:a="http://schemas.microsoft.com/2003/10/Serialization/Arrays"><a:double>0</a:double><a:double>0</a:double><a:double>0</a:double></Value></Attribute><Attribute z:Id="i274"><AttributeType>rpy</AttributeType><IsRequired>true</IsRequired><Value i:type="a:ArrayOfdouble" xmlns:a="http://schemas.microsoft.com/2003/10/Serialization/Arrays"><a:double>0</a:double><a:double>0</a:double><a:double>0</a:double></Value></Attribute></Attributes><ChildElements/><ElementName>origin</ElementName><required>false</required><RPYAttribute z:Ref="i274"/><XYZAttribute z:Ref="i273"/><isCustomized>false</isCustomized></URDFElement><URDFElement z:Id="i275" i:type="Mass"><Attributes><Attribute z:Id="i276"><AttributeType>value</AttributeType><IsRequired>true</IsRequired><Value i:type="a:double" xmlns:a="http://www.w3.org/2001/XMLSchema">0</Value></Attribute></Attributes><ChildElements/><ElementName>mass</ElementName><required>false</required><ValueAttribute z:Ref="i276"/></URDFElement><URDFElement z:Id="i277" i:type="Inertia"><Attributes><Attribute z:Id="i278"><AttributeType>ixx</AttributeType><IsRequired>true</IsRequired><Value i:type="a:double" xmlns:a="http://www.w3.org/2001/XMLSchema">0</Value></Attribute><Attribute z:Id="i279"><AttributeType>ixy</AttributeType><IsRequired>true</IsRequired><Value i:type="a:double" xmlns:a="http://www.w3.org/2001/XMLSchema">0</Value></Attribute><Attribute z:Id="i280"><AttributeType>ixz</AttributeType><IsRequired>true</IsRequired><Value i:type="a:double" xmlns:a="http://www.w3.org/2001/XMLSchema">0</Value></Attribute><Attribute z:Id="i281"><AttributeType>iyy</AttributeType><IsRequired>true</IsRequired><Value i:type="a:double" xmlns:a="http://www.w3.org/2001/XMLSchema">0</Value></Attribute><Attribute z:Id="i282"><AttributeType>iyz</AttributeType><IsRequired>true</IsRequired><Value i:type="a:double" xmlns:a="http://www.w3.org/2001/XMLSchema">0</Value></Attribute><Attribute z:Id="i283"><AttributeType>izz</AttributeType><IsRequired>true</IsRequired><Value i:type="a:double" xmlns:a="http://www.w3.org/2001/XMLSchema">0</Value></Attribute></Attributes><ChildElements/><ElementName>inertia</ElementName><required>false</required><IxxAttribute z:Ref="i278"/><IxyAttribute z:Ref="i279"/><IxzAttribute z:Ref="i280"/><IyyAttribute z:Ref="i281"/><IyzAttribute z:Ref="i282"/><IzzAttribute z:Ref="i283"/></URDFElement></ChildElements><ElementName>inertial</ElementName><required>false</required><Inertia z:Ref="i277"/><Mass z:Ref="i275"/><Origin z:Ref="i272"/></URDFElement><URDFElement z:Id="i284" i:type="Visual"><Attributes/><ChildElements><URDFElement z:Id="i285" i:type="Origin"><Attributes><Attribute z:Id="i286"><AttributeType>xyz</AttributeType><IsRequired>true</IsRequired><Value i:type="a:ArrayOfdouble" xmlns:a="http://schemas.microsoft.com/2003/10/Serialization/Arrays"><a:double>0</a:double><a:double>0</a:double><a:double>0</a:double></Value></Attribute><Attribute z:Id="i287"><AttributeType>rpy</AttributeType><IsRequired>true</IsRequired><Value i:type="a:ArrayOfdouble" xmlns:a="http://schemas.microsoft.com/2003/10/Serialization/Arrays"><a:double>0</a:double><a:double>0</a:double><a:double>0</a:double></Value></Attribute></Attributes><ChildElements/><ElementName>origin</ElementName><required>false</required><RPYAttribute z:Ref="i287"/><XYZAttribute z:Ref="i286"/><isCustomized>false</isCustomized></URDFElement><URDFElement z:Id="i288" i:type="Geometry"><Attributes/><ChildElements><URDFElement z:Id="i289" i:type="Mesh"><Attributes><Attribute z:Id="i290"><AttributeType>filename</AttributeType><IsRequired>true</IsRequired><Value i:nil="true"/></Attribute></Attributes><ChildElements/><ElementName>mesh</ElementName><required>false</required><FilenameAttribute z:Ref="i290"/></URDFElement></ChildElements><ElementName>geometry</ElementName><required>true</required><Mesh z:Ref="i289"/></URDFElement><URDFElement z:Id="i291" i:type="Material"><Attributes><Attribute z:Id="i292"><AttributeType>name</AttributeType><IsRequired>true</IsRequired><Value i:type="a:string" xmlns:a="http://www.w3.org/2001/XMLSchema"/></Attribute></Attributes><ChildElements><URDFElement z:Id="i293" i:type="Color"><Attributes><Attribute z:Id="i294"><AttributeType>rgba</AttributeType><IsRequired>true</IsRequired><Value i:type="a:ArrayOfdouble" xmlns:a="http://schemas.microsoft.com/2003/10/Serialization/Arrays"><a:double>1</a:double><a:double>1</a:double><a:double>1</a:double><a:double>1</a:double></Value></Attribute></Attributes><ChildElements/><ElementName>color</ElementName><required>false</required><RGBAAttribute z:Ref="i294"/></URDFElement><URDFElement z:Id="i295" i:type="Texture"><Attributes><Attribute z:Id="i296"><AttributeType>filename</AttributeType><IsRequired>true</IsRequired><Value i:nil="true"/></Attribute></Attributes><ChildElements/><ElementName>texture</ElementName><required>false</required><FilenameAttribute z:Ref="i296"/><wFilename/></URDFElement></ChildElements><ElementName>material</ElementName><required>false</required><Color z:Ref="i293"/><NameAttribute z:Ref="i292"/><Texture z:Ref="i295"/></URDFElement></ChildElements><ElementName>visual</ElementName><required>false</required><Geometry z:Ref="i288"/><Material z:Ref="i291"/><Origin z:Ref="i285"/></URDFElement><URDFElement z:Id="i297" i:type="Collision"><Attributes/><ChildElements><URDFElement z:Id="i298" i:type="Origin"><Attributes><Attribute z:Id="i299"><AttributeType>xyz</AttributeType><IsRequired>true</IsRequired><Value i:type="a:ArrayOfdouble" xmlns:a="http://schemas.microsoft.com/2003/10/Serialization/Arrays"><a:double>0</a:double><a:double>0</a:double><a:double>0</a:double></Value></Attribute><Attribute z:Id="i300"><AttributeType>rpy</AttributeType><IsRequired>true</IsRequired><Value i:type="a:ArrayOfdouble" xmlns:a="http://schemas.microsoft.com/2003/10/Serialization/Arrays"><a:double>0</a:double><a:double>0</a:double><a:double>0</a:double></Value></Attribute></Attributes><ChildElements/><ElementName>origin</ElementName><required>false</required><RPYAttribute z:Ref="i300"/><XYZAttribute z:Ref="i299"/><isCustomized>false</isCustomized></URDFElement><URDFElement z:Id="i301" i:type="Geometry"><Attributes/><ChildElements><URDFElement z:Id="i302" i:type="Mesh"><Attributes><Attribute z:Id="i303"><AttributeType>filename</AttributeType><IsRequired>true</IsRequired><Value i:nil="true"/></Attribute></Attributes><ChildElements/><ElementName>mesh</ElementName><required>false</required><FilenameAttribute z:Ref="i303"/></URDFElement></ChildElements><ElementName>geometry</ElementName><required>true</required><Mesh z:Ref="i302"/></URDFElement></ChildElements><ElementName>collision</ElementName><required>false</required><Geometry z:Ref="i301"/><Origin z:Ref="i298"/></URDFElement><URDFElement z:Id="i304" i:type="Joint"><Attributes><Attribute z:Id="i305"><AttributeType>name</AttributeType><IsRequired>true</IsRequired><Value i:type="a:string" xmlns:a="http://www.w3.org/2001/XMLSchema">Left_prop_joint</Value></Attribute><Attribute z:Id="i306"><AttributeType>type</AttributeType><IsRequired>true</IsRequired><Value i:type="a:string" xmlns:a="http://www.w3.org/2001/XMLSchema">continuous</Value></Attribute></Attributes><ChildElements><URDFElement z:Id="i307" i:type="Origin"><Attributes><Attribute z:Id="i308"><AttributeType>xyz</AttributeType><IsRequired>true</IsRequired><Value i:type="a:ArrayOfdouble" xmlns:a="http://schemas.microsoft.com/2003/10/Serialization/Arrays"><a:double>0</a:double><a:double>0</a:double><a:double>0</a:double></Value></Attribute><Attribute z:Id="i309"><AttributeType>rpy</AttributeType><IsRequired>true</IsRequired><Value i:type="a:ArrayOfdouble" xmlns:a="http://schemas.microsoft.com/2003/10/Serialization/Arrays"><a:double>0</a:double><a:double>0</a:double><a:double>0</a:double></Value></Attribute></Attributes><ChildElements/><ElementName>origin</ElementName><required>false</required><RPYAttribute z:Ref="i309"/><XYZAttribute z:Ref="i308"/><isCustomized>false</isCustomized></URDFElement><URDFElement z:Id="i310" i:type="ParentLink"><Attributes><Attribute z:Id="i311"><AttributeType>link</AttributeType><IsRequired>true</IsRequired><Value i:type="a:string" xmlns:a="http://www.w3.org/2001/XMLSchema"/></Attribute></Attributes><ChildElements/><ElementName>parent</ElementName><required>true</required><NameAttribute z:Ref="i311"/></URDFElement><URDFElement z:Id="i312" i:type="ChildLink"><Attributes><Attribute z:Id="i313"><AttributeType>link</AttributeType><IsRequired>true</IsRequired><Value i:type="a:string" xmlns:a="http://www.w3.org/2001/XMLSchema"/></Attribute></Attributes><ChildElements/><ElementName>child</ElementName><required>true</required><NameAttribute z:Ref="i313"/></URDFElement><URDFElement z:Id="i314" i:type="Axis"><Attributes><Attribute z:Id="i315"><AttributeType>xyz</AttributeType><IsRequired>true</IsRequired><Value i:type="a:ArrayOfdouble" xmlns:a="http://schemas.microsoft.com/2003/10/Serialization/Arrays"><a:double>0</a:double><a:double>0</a:double><a:double>0</a:double></Value></Attribute></Attributes><ChildElements/><ElementName>axis</ElementName><required>false</required><XYZAttribute z:Ref="i315"/></URDFElement><URDFElement z:Id="i316" i:type="Limit"><Attributes><Attribute z:Id="i317"><AttributeType>lower</AttributeType><IsRequired>false</IsRequired><Value i:nil="true"/></Attribute><Attribute z:Id="i318"><AttributeType>upper</AttributeType><IsRequired>false</IsRequired><Value i:nil="true"/></Attribute><Attribute z:Id="i319"><AttributeType>effort</AttributeType><IsRequired>true</IsRequired><Value i:nil="true"/></Attribute><Attribute z:Id="i320"><AttributeType>velocity</AttributeType><IsRequired>true</IsRequired><Value i:nil="true"/></Attribute></Attributes><ChildElements/><ElementName>limit</ElementName><required>false</required><EffortAttribute z:Ref="i319"/><LowerAttribute z:Ref="i317"/><UpperAttribute z:Ref="i318"/><VelocityAttribute z:Ref="i320"/></URDFElement><URDFElement z:Id="i321" i:type="Calibration"><Attributes><Attribute z:Id="i322"><AttributeType>rising</AttributeType><IsRequired>false</IsRequired><Value i:nil="true"/></Attribute><Attribute z:Id="i323"><AttributeType>falling</AttributeType><IsRequired>false</IsRequired><Value i:nil="true"/></Attribute></Attributes><ChildElements/><ElementName>calibration</ElementName><required>false</required><FallingAttribute z:Ref="i323"/><RisingAttribute z:Ref="i322"/></URDFElement><URDFElement z:Id="i324" i:type="Dynamics"><Attributes><Attribute z:Id="i325"><AttributeType>damping</AttributeType><IsRequired>false</IsRequired><Value i:nil="true"/></Attribute><Attribute z:Id="i326"><AttributeType>friction</AttributeType><IsRequired>false</IsRequired><Value i:nil="true"/></Attribute></Attributes><ChildElements/><ElementName>dynamics</ElementName><required>false</required><DampingAttribute z:Ref="i325"/><FrictionAttribute z:Ref="i326"/></URDFElement><URDFElement z:Id="i327" i:type="SafetyController"><Attributes><Attribute z:Id="i328"><AttributeType>soft_upper</AttributeType><IsRequired>false</IsRequired><Value i:nil="true"/></Attribute><Attribute z:Id="i329"><AttributeType>soft_lower</AttributeType><IsRequired>false</IsRequired><Value i:nil="true"/></Attribute><Attribute z:Id="i330"><AttributeType>k_position</AttributeType><IsRequired>false</IsRequired><Value i:nil="true"/></Attribute><Attribute z:Id="i331"><AttributeType>k_velocity</AttributeType><IsRequired>true</IsRequired><Value i:nil="true"/></Attribute></Attributes><ChildElements/><ElementName>safety_controller</ElementName><required>false</required><KPositionAttribute z:Ref="i330"/><KVelocityAttribute z:Ref="i331"/><SoftLowerAttribute z:Ref="i329"/><SoftUpperAttribute z:Ref="i328"/></URDFElement><URDFElement z:Id="i332" i:type="Mimic"><Attributes><Attribute z:Id="i333"><AttributeType>joint</AttributeType><IsRequired>true</IsRequired><Value i:nil="true"/></Attribute><Attribute z:Id="i334"><AttributeType>multiplier</AttributeType><IsRequired>false</IsRequired><Value i:nil="true"/></Attribute><Attribute z:Id="i335"><AttributeType>offset</AttributeType><IsRequired>false</IsRequired><Value i:nil="true"/></Attribute></Attributes><ChildElements/><ElementName>mimic</ElementName><required>false</required><JointNameAttribute z:Ref="i333"/><MultiplierAttribute z:Ref="i334"/><OffsetAttribute z:Ref="i335"/></URDFElement></ChildElements><ElementName>joint</ElementName><required>false</required><Axis z:Ref="i314"/><AxisName>Automatically Generate</AxisName><Calibration z:Ref="i321"/><Child z:Ref="i312"/><CoordinateSystemName>Left_prop</CoordinateSystemName><Dynamics z:Ref="i324"/><Limit z:Ref="i316"/><Mimic z:Ref="i332"/><NameAttribute z:Ref="i305"/><Origin z:Ref="i307"/><Parent z:Ref="i310"/><Safety z:Ref="i327"/><TypeAttribute z:Ref="i306"/></URDFElement></ChildElements><ElementName>link</ElementName><required>true</required><Children/><Collision z:Ref="i297"/><Inertial z:Ref="i271"/><Joint z:Ref="i304"/><NameAttribute z:Ref="i270"/><Parent z:Ref="i202"/><STLQualityFine>false</STLQualityFine><SWComponentPIDs xmlns:a="http://schemas.microsoft.com/2003/10/Serialization/Arrays"><a:base64Binary>ECcAAAUAAAD//v8mUAByAG8AcABlAGwAbABlAHIAIABDAFcAIABQAHUAbABsAGUAcgAtADEAQABCAGkAcgBvAHQAbwByAF8AQQBzAHMAZQBtAGIAbAB5AAQAAAAQAAAAAQAAAAEAAABfAQAA</a:base64Binary></SWComponentPIDs><SWMainComponentPID i:nil="true"/><Visual z:Ref="i284"/><isFixedFrame>false</isFixedFrame><isIncomplete>false</isIncomplete></Link></Children><Collision z:Ref="i230"/><Inertial z:Ref="i204"/><Joint z:Ref="i237"/><NameAttribute z:Ref="i203"/><Parent z:Ref="i135"/><STLQualityFine>false</STLQualityFine><SWComponentPIDs xmlns:a="http://schemas.microsoft.com/2003/10/Serialization/Arrays"><a:base64Binary>ECcAAAUAAAD//v8gTQBHADkAMABTACAAaABvAHIAbgBfAGkAbgAtADIAQABCAGkAcgBvAHQAbwByAF8AQQBzAHMAZQBtAGIAbAB5AAQAAAAQAAAAAQAAAAEAAAD5AAAA</a:base64Binary><a:base64Binary>ECcAAAUAAAD//v8eTQBvAHQAbwByAE0AbwB1AG4AdAAxAC0AMQBAAEIAaQByAG8AdABvAHIAXwBBAHMAcwBlAG0AYgBsAHkABAAAABAAAAABAAAAAQAAAB4AAAA=</a:base64Binary><a:base64Binary>ECcAAAUAAAD//v8cQgBMAEQAQwBNAG8AdABvAHIALQAxAEAAQgBpAHIAbwB0AG8AcgBfAEEAcwBzAGUAbQBiAGwAeQAEAAAAEAAAAAEAAAABAAAAFwAAAA==</a:base64Binary></SWComponentPIDs><SWMainComponentPID i:nil="true"/><Visual z:Ref="i217"/><isFixedFrame>false</isFixedFrame><isIncomplete>false</isIncomplete></Link></Children><Collision z:Ref="i163"/><Inertial z:Ref="i137"/><Joint z:Ref="i170"/><NameAttribute z:Ref="i136"/><Parent z:Ref="i68"/><STLQualityFine>false</STLQualityFine><SWComponentPIDs xmlns:a="http://schemas.microsoft.com/2003/10/Serialization/Arrays"><a:base64Binary>ECcAAAUAAAD//v8iTQBvAHQAbwByAF8ATQBvAHUAbgB0ADIAXwBpAG4ALQAxAEAAQgBpAHIAbwB0AG8AcgBfAEEAcwBzAGUAbQBiAGwAeQAEAAAAEAAAAAEAAAABAAAAHQAAAA==</a:base64Binary><a:base64Binary>ECcAAAUAAAD//v8gTQBHADkAMABTACAAaABvAHIAbgBfAGkAbgAtADEAQABCAGkAcgBvAHQAbwByAF8AQQBzAHMAZQBtAGIAbAB5AAQAAAAQAAAAAQAAAAEAAACmAAAA</a:base64Binary><a:base64Binary>ECcAAAUAAAD//v8dcwBlAHIAdgBvAE0ARwA5ADAAUwAtADQAQABCAGkAcgBvAHQAbwByAF8AQQBzAHMAZQBtAGIAbAB5AAQAAAAQAAAAAQAAAAEAAAD1AAAA</a:base64Binary></SWComponentPIDs><SWMainComponentPID i:nil="true"/><Visual z:Ref="i150"/><isFixedFrame>false</isFixedFrame><isIncomplete>false</isIncomplete></Link><Link z:Id="i336"><Attributes><Attribute z:Id="i337"><AttributeType>name</AttributeType><IsRequired>true</IsRequired><Value i:type="a:string" xmlns:a="http://www.w3.org/2001/XMLSchema">Right_servo1</Value></Attribute></Attributes><ChildElements><URDFElement z:Id="i338" i:type="Inertial"><Attributes/><ChildElements><URDFElement z:Id="i339" i:type="Origin"><Attributes><Attribute z:Id="i340"><AttributeType>xyz</AttributeType><IsRequired>true</IsRequired><Value i:type="a:ArrayOfdouble" xmlns:a="http://schemas.microsoft.com/2003/10/Serialization/Arrays"><a:double>0</a:double><a:double>0</a:double><a:double>0</a:double></Value></Attribute><Attribute z:Id="i341"><AttributeType>rpy</AttributeType><IsRequired>true</IsRequired><Value i:type="a:ArrayOfdouble" xmlns:a="http://schemas.microsoft.com/2003/10/Serialization/Arrays"><a:double>0</a:double><a:double>0</a:double><a:double>0</a:double></Value></Attribute></Attributes><ChildElements/><ElementName>origin</ElementName><required>false</required><RPYAttribute z:Ref="i341"/><XYZAttribute z:Ref="i340"/><isCustomized>false</isCustomized></URDFElement><URDFElement z:Id="i342" i:type="Mass"><Attributes><Attribute z:Id="i343"><AttributeType>value</AttributeType><IsRequired>true</IsRequired><Value i:type="a:double" xmlns:a="http://www.w3.org/2001/XMLSchema">0</Value></Attribute></Attributes><ChildElements/><ElementName>mass</ElementName><required>false</required><ValueAttribute z:Ref="i343"/></URDFElement><URDFElement z:Id="i344" i:type="Inertia"><Attributes><Attribute z:Id="i345"><AttributeType>ixx</AttributeType><IsRequired>true</IsRequired><Value i:type="a:double" xmlns:a="http://www.w3.org/2001/XMLSchema">0</Value></Attribute><Attribute z:Id="i346"><AttributeType>ixy</AttributeType><IsRequired>true</IsRequired><Value i:type="a:double" xmlns:a="http://www.w3.org/2001/XMLSchema">0</Value></Attribute><Attribute z:Id="i347"><AttributeType>ixz</AttributeType><IsRequired>true</IsRequired><Value i:type="a:double" xmlns:a="http://www.w3.org/2001/XMLSchema">0</Value></Attribute><Attribute z:Id="i348"><AttributeType>iyy</AttributeType><IsRequired>true</IsRequired><Value i:type="a:double" xmlns:a="http://www.w3.org/2001/XMLSchema">0</Value></Attribute><Attribute z:Id="i349"><AttributeType>iyz</AttributeType><IsRequired>true</IsRequired><Value i:type="a:double" xmlns:a="http://www.w3.org/2001/XMLSchema">0</Value></Attribute><Attribute z:Id="i350"><AttributeType>izz</AttributeType><IsRequired>true</IsRequired><Value i:type="a:double" xmlns:a="http://www.w3.org/2001/XMLSchema">0</Value></Attribute></Attributes><ChildElements/><ElementName>inertia</ElementName><required>false</required><IxxAttribute z:Ref="i345"/><IxyAttribute z:Ref="i346"/><IxzAttribute z:Ref="i347"/><IyyAttribute z:Ref="i348"/><IyzAttribute z:Ref="i349"/><IzzAttribute z:Ref="i350"/></URDFElement></ChildElements><ElementName>inertial</ElementName><required>false</required><Inertia z:Ref="i344"/><Mass z:Ref="i342"/><Origin z:Ref="i339"/></URDFElement><URDFElement z:Id="i351" i:type="Visual"><Attributes/><ChildElements><URDFElement z:Id="i352" i:type="Origin"><Attributes><Attribute z:Id="i353"><AttributeType>xyz</AttributeType><IsRequired>true</IsRequired><Value i:type="a:ArrayOfdouble" xmlns:a="http://schemas.microsoft.com/2003/10/Serialization/Arrays"><a:double>0</a:double><a:double>0</a:double><a:double>0</a:double></Value></Attribute><Attribute z:Id="i354"><AttributeType>rpy</AttributeType><IsRequired>true</IsRequired><Value i:type="a:ArrayOfdouble" xmlns:a="http://schemas.microsoft.com/2003/10/Serialization/Arrays"><a:double>0</a:double><a:double>0</a:double><a:double>0</a:double></Value></Attribute></Attributes><ChildElements/><ElementName>origin</ElementName><required>false</required><RPYAttribute z:Ref="i354"/><XYZAttribute z:Ref="i353"/><isCustomized>false</isCustomized></URDFElement><URDFElement z:Id="i355" i:type="Geometry"><Attributes/><ChildElements><URDFElement z:Id="i356" i:type="Mesh"><Attributes><Attribute z:Id="i357"><AttributeType>filename</AttributeType><IsRequired>true</IsRequired><Value i:nil="true"/></Attribute></Attributes><ChildElements/><ElementName>mesh</ElementName><required>false</required><FilenameAttribute z:Ref="i357"/></URDFElement></ChildElements><ElementName>geometry</ElementName><required>true</required><Mesh z:Ref="i356"/></URDFElement><URDFElement z:Id="i358" i:type="Material"><Attributes><Attribute z:Id="i359"><AttributeType>name</AttributeType><IsRequired>true</IsRequired><Value i:type="a:string" xmlns:a="http://www.w3.org/2001/XMLSchema"/></Attribute></Attributes><ChildElements><URDFElement z:Id="i360" i:type="Color"><Attributes><Attribute z:Id="i361"><AttributeType>rgba</AttributeType><IsRequired>true</IsRequired><Value i:type="a:ArrayOfdouble" xmlns:a="http://schemas.microsoft.com/2003/10/Serialization/Arrays"><a:double>1</a:double><a:double>1</a:double><a:double>1</a:double><a:double>1</a:double></Value></Attribute></Attributes><ChildElements/><ElementName>color</ElementName><required>false</required><RGBAAttribute z:Ref="i361"/></URDFElement><URDFElement z:Id="i362" i:type="Texture"><Attributes><Attribute z:Id="i363"><AttributeType>filename</AttributeType><IsRequired>true</IsRequired><Value i:nil="true"/></Attribute></Attributes><ChildElements/><ElementName>texture</ElementName><required>false</required><FilenameAttribute z:Ref="i363"/><wFilename/></URDFElement></ChildElements><ElementName>material</ElementName><required>false</required><Color z:Ref="i360"/><NameAttribute z:Ref="i359"/><Texture z:Ref="i362"/></URDFElement></ChildElements><ElementName>visual</ElementName><required>false</required><Geometry z:Ref="i355"/><Material z:Ref="i358"/><Origin z:Ref="i352"/></URDFElement><URDFElement z:Id="i364" i:type="Collision"><Attributes/><ChildElements><URDFElement z:Id="i365" i:type="Origin"><Attributes><Attribute z:Id="i366"><AttributeType>xyz</AttributeType><IsRequired>true</IsRequired><Value i:type="a:ArrayOfdouble" xmlns:a="http://schemas.microsoft.com/2003/10/Serialization/Arrays"><a:double>0</a:double><a:double>0</a:double><a:double>0</a:double></Value></Attribute><Attribute z:Id="i367"><AttributeType>rpy</AttributeType><IsRequired>true</IsRequired><Value i:type="a:ArrayOfdouble" xmlns:a="http://schemas.microsoft.com/2003/10/Serialization/Arrays"><a:double>0</a:double><a:double>0</a:double><a:double>0</a:double></Value></Attribute></Attributes><ChildElements/><ElementName>origin</ElementName><required>false</required><RPYAttribute z:Ref="i367"/><XYZAttribute z:Ref="i366"/><isCustomized>false</isCustomized></URDFElement><URDFElement z:Id="i368" i:type="Geometry"><Attributes/><ChildElements><URDFElement z:Id="i369" i:type="Mesh"><Attributes><Attribute z:Id="i370"><AttributeType>filename</AttributeType><IsRequired>true</IsRequired><Value i:nil="true"/></Attribute></Attributes><ChildElements/><ElementName>mesh</ElementName><required>false</required><FilenameAttribute z:Ref="i370"/></URDFElement></ChildElements><ElementName>geometry</ElementName><required>true</required><Mesh z:Ref="i369"/></URDFElement></ChildElements><ElementName>collision</ElementName><required>false</required><Geometry z:Ref="i368"/><Origin z:Ref="i365"/></URDFElement><URDFElement z:Id="i371" i:type="Joint"><Attributes><Attribute z:Id="i372"><AttributeType>name</AttributeType><IsRequired>true</IsRequired><Value i:type="a:string" xmlns:a="http://www.w3.org/2001/XMLSchema">Right_servo1_joint</Value></Attribute><Attribute z:Id="i373"><AttributeType>type</AttributeType><IsRequired>true</IsRequired><Value i:type="a:string" xmlns:a="http://www.w3.org/2001/XMLSchema">revolute</Value></Attribute></Attributes><ChildElements><URDFElement z:Id="i374" i:type="Origin"><Attributes><Attribute z:Id="i375"><AttributeType>xyz</AttributeType><IsRequired>true</IsRequired><Value i:type="a:ArrayOfdouble" xmlns:a="http://schemas.microsoft.com/2003/10/Serialization/Arrays"><a:double>0</a:double><a:double>0</a:double><a:double>0</a:double></Value></Attribute><Attribute z:Id="i376"><AttributeType>rpy</AttributeType><IsRequired>true</IsRequired><Value i:type="a:ArrayOfdouble" xmlns:a="http://schemas.microsoft.com/2003/10/Serialization/Arrays"><a:double>0</a:double><a:double>0</a:double><a:double>0</a:double></Value></Attribute></Attributes><ChildElements/><ElementName>origin</ElementName><required>false</required><RPYAttribute z:Ref="i376"/><XYZAttribute z:Ref="i375"/><isCustomized>false</isCustomized></URDFElement><URDFElement z:Id="i377" i:type="ParentLink"><Attributes><Attribute z:Id="i378"><AttributeType>link</AttributeType><IsRequired>true</IsRequired><Value i:type="a:string" xmlns:a="http://www.w3.org/2001/XMLSchema"/></Attribute></Attributes><ChildElements/><ElementName>parent</ElementName><required>true</required><NameAttribute z:Ref="i378"/></URDFElement><URDFElement z:Id="i379" i:type="ChildLink"><Attributes><Attribute z:Id="i380"><AttributeType>link</AttributeType><IsRequired>true</IsRequired><Value i:type="a:string" xmlns:a="http://www.w3.org/2001/XMLSchema"/></Attribute></Attributes><ChildElements/><ElementName>child</ElementName><required>true</required><NameAttribute z:Ref="i380"/></URDFElement><URDFElement z:Id="i381" i:type="Axis"><Attributes><Attribute z:Id="i382"><AttributeType>xyz</AttributeType><IsRequired>true</IsRequired><Value i:type="a:ArrayOfdouble" xmlns:a="http://schemas.microsoft.com/2003/10/Serialization/Arrays"><a:double>0</a:double><a:double>0</a:double><a:double>0</a:double></Value></Attribute></Attributes><ChildElements/><ElementName>axis</ElementName><required>false</required><XYZAttribute z:Ref="i382"/></URDFElement><URDFElement z:Id="i383" i:type="Limit"><Attributes><Attribute z:Id="i384"><AttributeType>lower</AttributeType><IsRequired>false</IsRequired><Value i:nil="true"/></Attribute><Attribute z:Id="i385"><AttributeType>upper</AttributeType><IsRequired>false</IsRequired><Value i:nil="true"/></Attribute><Attribute z:Id="i386"><AttributeType>effort</AttributeType><IsRequired>true</IsRequired><Value i:nil="true"/></Attribute><Attribute z:Id="i387"><AttributeType>velocity</AttributeType><IsRequired>true</IsRequired><Value i:nil="true"/></Attribute></Attributes><ChildElements/><ElementName>limit</ElementName><required>false</required><EffortAttribute z:Ref="i386"/><LowerAttribute z:Ref="i384"/><UpperAttribute z:Ref="i385"/><VelocityAttribute z:Ref="i387"/></URDFElement><URDFElement z:Id="i388" i:type="Calibration"><Attributes><Attribute z:Id="i389"><AttributeType>rising</AttributeType><IsRequired>false</IsRequired><Value i:nil="true"/></Attribute><Attribute z:Id="i390"><AttributeType>falling</AttributeType><IsRequired>false</IsRequired><Value i:nil="true"/></Attribute></Attributes><ChildElements/><ElementName>calibration</ElementName><required>false</required><FallingAttribute z:Ref="i390"/><RisingAttribute z:Ref="i389"/></URDFElement><URDFElement z:Id="i391" i:type="Dynamics"><Attributes><Attribute z:Id="i392"><AttributeType>damping</AttributeType><IsRequired>false</IsRequired><Value i:nil="true"/></Attribute><Attribute z:Id="i393"><AttributeType>friction</AttributeType><IsRequired>false</IsRequired><Value i:nil="true"/></Attribute></Attributes><ChildElements/><ElementName>dynamics</ElementName><required>false</required><DampingAttribute z:Ref="i392"/><FrictionAttribute z:Ref="i393"/></URDFElement><URDFElement z:Id="i394" i:type="SafetyController"><Attributes><Attribute z:Id="i395"><AttributeType>soft_upper</AttributeType><IsRequired>false</IsRequired><Value i:nil="true"/></Attribute><Attribute z:Id="i396"><AttributeType>soft_lower</AttributeType><IsRequired>false</IsRequired><Value i:nil="true"/></Attribute><Attribute z:Id="i397"><AttributeType>k_position</AttributeType><IsRequired>false</IsRequired><Value i:nil="true"/></Attribute><Attribute z:Id="i398"><AttributeType>k_velocity</AttributeType><IsRequired>true</IsRequired><Value i:nil="true"/></Attribute></Attributes><ChildElements/><ElementName>safety_controller</ElementName><required>false</required><KPositionAttribute z:Ref="i397"/><KVelocityAttribute z:Ref="i398"/><SoftLowerAttribute z:Ref="i396"/><SoftUpperAttribute z:Ref="i395"/></URDFElement><URDFElement z:Id="i399" i:type="Mimic"><Attributes><Attribute z:Id="i400"><AttributeType>joint</AttributeType><IsRequired>true</IsRequired><Value i:nil="true"/></Attribute><Attribute z:Id="i401"><AttributeType>multiplier</AttributeType><IsRequired>false</IsRequired><Value i:nil="true"/></Attribute><Attribute z:Id="i402"><AttributeType>offset</AttributeType><IsRequired>false</IsRequired><Value i:nil="true"/></Attribute></Attributes><ChildElements/><ElementName>mimic</ElementName><required>false</required><JointNameAttribute z:Ref="i400"/><MultiplierAttribute z:Ref="i401"/><OffsetAttribute z:Ref="i402"/></URDFElement></ChildElements><ElementName>joint</ElementName><required>false</required><Axis z:Ref="i381"/><AxisName>Automatically Generate</AxisName><Calibration z:Ref="i388"/><Child z:Ref="i379"/><CoordinateSystemName>Right_1</CoordinateSystemName><Dynamics z:Ref="i391"/><Limit z:Ref="i383"/><Mimic z:Ref="i399"/><NameAttribute z:Ref="i372"/><Origin z:Ref="i374"/><Parent z:Ref="i377"/><Safety z:Ref="i394"/><TypeAttribute z:Ref="i373"/></URDFElement></ChildElements><ElementName>link</ElementName><required>true</required><Children><Link z:Id="i403"><Attributes><Attribute z:Id="i404"><AttributeType>name</AttributeType><IsRequired>true</IsRequired><Value i:type="a:string" xmlns:a="http://www.w3.org/2001/XMLSchema">Right_servo2</Value></Attribute></Attributes><ChildElements><URDFElement z:Id="i405" i:type="Inertial"><Attributes/><ChildElements><URDFElement z:Id="i406" i:type="Origin"><Attributes><Attribute z:Id="i407"><AttributeType>xyz</AttributeType><IsRequired>true</IsRequired><Value i:type="a:ArrayOfdouble" xmlns:a="http://schemas.microsoft.com/2003/10/Serialization/Arrays"><a:double>0</a:double><a:double>0</a:double><a:double>0</a:double></Value></Attribute><Attribute z:Id="i408"><AttributeType>rpy</AttributeType><IsRequired>true</IsRequired><Value i:type="a:ArrayOfdouble" xmlns:a="http://schemas.microsoft.com/2003/10/Serialization/Arrays"><a:double>0</a:double><a:double>0</a:double><a:double>0</a:double></Value></Attribute></Attributes><ChildElements/><ElementName>origin</ElementName><required>false</required><RPYAttribute z:Ref="i408"/><XYZAttribute z:Ref="i407"/><isCustomized>false</isCustomized></URDFElement><URDFElement z:Id="i409" i:type="Mass"><Attributes><Attribute z:Id="i410"><AttributeType>value</AttributeType><IsRequired>true</IsRequired><Value i:type="a:double" xmlns:a="http://www.w3.org/2001/XMLSchema">0</Value></Attribute></Attributes><ChildElements/><ElementName>mass</ElementName><required>false</required><ValueAttribute z:Ref="i410"/></URDFElement><URDFElement z:Id="i411" i:type="Inertia"><Attributes><Attribute z:Id="i412"><AttributeType>ixx</AttributeType><IsRequired>true</IsRequired><Value i:type="a:double" xmlns:a="http://www.w3.org/2001/XMLSchema">0</Value></Attribute><Attribute z:Id="i413"><AttributeType>ixy</AttributeType><IsRequired>true</IsRequired><Value i:type="a:double" xmlns:a="http://www.w3.org/2001/XMLSchema">0</Value></Attribute><Attribute z:Id="i414"><AttributeType>ixz</AttributeType><IsRequired>true</IsRequired><Value i:type="a:double" xmlns:a="http://www.w3.org/2001/XMLSchema">0</Value></Attribute><Attribute z:Id="i415"><AttributeType>iyy</AttributeType><IsRequired>true</IsRequired><Value i:type="a:double" xmlns:a="http://www.w3.org/2001/XMLSchema">0</Value></Attribute><Attribute z:Id="i416"><AttributeType>iyz</AttributeType><IsRequired>true</IsRequired><Value i:type="a:double" xmlns:a="http://www.w3.org/2001/XMLSchema">0</Value></Attribute><Attribute z:Id="i417"><AttributeType>izz</AttributeType><IsRequired>true</IsRequired><Value i:type="a:double" xmlns:a="http://www.w3.org/2001/XMLSchema">0</Value></Attribute></Attributes><ChildElements/><ElementName>inertia</ElementName><required>false</required><IxxAttribute z:Ref="i412"/><IxyAttribute z:Ref="i413"/><IxzAttribute z:Ref="i414"/><IyyAttribute z:Ref="i415"/><IyzAttribute z:Ref="i416"/><IzzAttribute z:Ref="i417"/></URDFElement></ChildElements><ElementName>inertial</ElementName><required>false</required><Inertia z:Ref="i411"/><Mass z:Ref="i409"/><Origin z:Ref="i406"/></URDFElement><URDFElement z:Id="i418" i:type="Visual"><Attributes/><ChildElements><URDFElement z:Id="i419" i:type="Origin"><Attributes><Attribute z:Id="i420"><AttributeType>xyz</AttributeType><IsRequired>true</IsRequired><Value i:type="a:ArrayOfdouble" xmlns:a="http://schemas.microsoft.com/2003/10/Serialization/Arrays"><a:double>0</a:double><a:double>0</a:double><a:double>0</a:double></Value></Attribute><Attribute z:Id="i421"><AttributeType>rpy</AttributeType><IsRequired>true</IsRequired><Value i:type="a:ArrayOfdouble" xmlns:a="http://schemas.microsoft.com/2003/10/Serialization/Arrays"><a:double>0</a:double><a:double>0</a:double><a:double>0</a:double></Value></Attribute></Attributes><ChildElements/><ElementName>origin</ElementName><required>false</required><RPYAttribute z:Ref="i421"/><XYZAttribute z:Ref="i420"/><isCustomized>false</isCustomized></URDFElement><URDFElement z:Id="i422" i:type="Geometry"><Attributes/><ChildElements><URDFElement z:Id="i423" i:type="Mesh"><Attributes><Attribute z:Id="i424"><AttributeType>filename</AttributeType><IsRequired>true</IsRequired><Value i:nil="true"/></Attribute></Attributes><ChildElements/><ElementName>mesh</ElementName><required>false</required><FilenameAttribute z:Ref="i424"/></URDFElement></ChildElements><ElementName>geometry</ElementName><required>true</required><Mesh z:Ref="i423"/></URDFElement><URDFElement z:Id="i425" i:type="Material"><Attributes><Attribute z:Id="i426"><AttributeType>name</AttributeType><IsRequired>true</IsRequired><Value i:type="a:string" xmlns:a="http://www.w3.org/2001/XMLSchema"/></Attribute></Attributes><ChildElements><URDFElement z:Id="i427" i:type="Color"><Attributes><Attribute z:Id="i428"><AttributeType>rgba</AttributeType><IsRequired>true</IsRequired><Value i:type="a:ArrayOfdouble" xmlns:a="http://schemas.microsoft.com/2003/10/Serialization/Arrays"><a:double>1</a:double><a:double>1</a:double><a:double>1</a:double><a:double>1</a:double></Value></Attribute></Attributes><ChildElements/><ElementName>color</ElementName><required>false</required><RGBAAttribute z:Ref="i428"/></URDFElement><URDFElement z:Id="i429" i:type="Texture"><Attributes><Attribute z:Id="i430"><AttributeType>filename</AttributeType><IsRequired>true</IsRequired><Value i:nil="true"/></Attribute></Attributes><ChildElements/><ElementName>texture</ElementName><required>false</required><FilenameAttribute z:Ref="i430"/><wFilename/></URDFElement></ChildElements><ElementName>material</ElementName><required>false</required><Color z:Ref="i427"/><NameAttribute z:Ref="i426"/><Texture z:Ref="i429"/></URDFElement></ChildElements><ElementName>visual</ElementName><required>false</required><Geometry z:Ref="i422"/><Material z:Ref="i425"/><Origin z:Ref="i419"/></URDFElement><URDFElement z:Id="i431" i:type="Collision"><Attributes/><ChildElements><URDFElement z:Id="i432" i:type="Origin"><Attributes><Attribute z:Id="i433"><AttributeType>xyz</AttributeType><IsRequired>true</IsRequired><Value i:type="a:ArrayOfdouble" xmlns:a="http://schemas.microsoft.com/2003/10/Serialization/Arrays"><a:double>0</a:double><a:double>0</a:double><a:double>0</a:double></Value></Attribute><Attribute z:Id="i434"><AttributeType>rpy</AttributeType><IsRequired>true</IsRequired><Value i:type="a:ArrayOfdouble" xmlns:a="http://schemas.microsoft.com/2003/10/Serialization/Arrays"><a:double>0</a:double><a:double>0</a:double><a:double>0</a:double></Value></Attribute></Attributes><ChildElements/><ElementName>origin</ElementName><required>false</required><RPYAttribute z:Ref="i434"/><XYZAttribute z:Ref="i433"/><isCustomized>false</isCustomized></URDFElement><URDFElement z:Id="i435" i:type="Geometry"><Attributes/><ChildElements><URDFElement z:Id="i436" i:type="Mesh"><Attributes><Attribute z:Id="i437"><AttributeType>filename</AttributeType><IsRequired>true</IsRequired><Value i:nil="true"/></Attribute></Attributes><ChildElements/><ElementName>mesh</ElementName><required>false</required><FilenameAttribute z:Ref="i437"/></URDFElement></ChildElements><ElementName>geometry</ElementName><required>true</required><Mesh z:Ref="i436"/></URDFElement></ChildElements><ElementName>collision</ElementName><required>false</required><Geometry z:Ref="i435"/><Origin z:Ref="i432"/></URDFElement><URDFElement z:Id="i438" i:type="Joint"><Attributes><Attribute z:Id="i439"><AttributeType>name</AttributeType><IsRequired>true</IsRequired><Value i:type="a:string" xmlns:a="http://www.w3.org/2001/XMLSchema">Right_servo2_joint</Value></Attribute><Attribute z:Id="i440"><AttributeType>type</AttributeType><IsRequired>true</IsRequired><Value i:type="a:string" xmlns:a="http://www.w3.org/2001/XMLSchema">revolute</Value></Attribute></Attributes><ChildElements><URDFElement z:Id="i441" i:type="Origin"><Attributes><Attribute z:Id="i442"><AttributeType>xyz</AttributeType><IsRequired>true</IsRequired><Value i:type="a:ArrayOfdouble" xmlns:a="http://schemas.microsoft.com/2003/10/Serialization/Arrays"><a:double>0</a:double><a:double>0</a:double><a:double>0</a:double></Value></Attribute><Attribute z:Id="i443"><AttributeType>rpy</AttributeType><IsRequired>true</IsRequired><Value i:type="a:ArrayOfdouble" xmlns:a="http://schemas.microsoft.com/2003/10/Serialization/Arrays"><a:double>0</a:double><a:double>0</a:double><a:double>0</a:double></Value></Attribute></Attributes><ChildElements/><ElementName>origin</ElementName><required>false</required><RPYAttribute z:Ref="i443"/><XYZAttribute z:Ref="i442"/><isCustomized>false</isCustomized></URDFElement><URDFElement z:Id="i444" i:type="ParentLink"><Attributes><Attribute z:Id="i445"><AttributeType>link</AttributeType><IsRequired>true</IsRequired><Value i:type="a:string" xmlns:a="http://www.w3.org/2001/XMLSchema"/></Attribute></Attributes><ChildElements/><ElementName>parent</ElementName><required>true</required><NameAttribute z:Ref="i445"/></URDFElement><URDFElement z:Id="i446" i:type="ChildLink"><Attributes><Attribute z:Id="i447"><AttributeType>link</AttributeType><IsRequired>true</IsRequired><Value i:type="a:string" xmlns:a="http://www.w3.org/2001/XMLSchema"/></Attribute></Attributes><ChildElements/><ElementName>child</ElementName><required>true</required><NameAttribute z:Ref="i447"/></URDFElement><URDFElement z:Id="i448" i:type="Axis"><Attributes><Attribute z:Id="i449"><AttributeType>xyz</AttributeType><IsRequired>true</IsRequired><Value i:type="a:ArrayOfdouble" xmlns:a="http://schemas.microsoft.com/2003/10/Serialization/Arrays"><a:double>0</a:double><a:double>0</a:double><a:double>0</a:double></Value></Attribute></Attributes><ChildElements/><ElementName>axis</ElementName><required>false</required><XYZAttribute z:Ref="i449"/></URDFElement><URDFElement z:Id="i450" i:type="Limit"><Attributes><Attribute z:Id="i451"><AttributeType>lower</AttributeType><IsRequired>false</IsRequired><Value i:nil="true"/></Attribute><Attribute z:Id="i452"><AttributeType>upper</AttributeType><IsRequired>false</IsRequired><Value i:nil="true"/></Attribute><Attribute z:Id="i453"><AttributeType>effort</AttributeType><IsRequired>true</IsRequired><Value i:nil="true"/></Attribute><Attribute z:Id="i454"><AttributeType>velocity</AttributeType><IsRequired>true</IsRequired><Value i:nil="true"/></Attribute></Attributes><ChildElements/><ElementName>limit</ElementName><required>false</required><EffortAttribute z:Ref="i453"/><LowerAttribute z:Ref="i451"/><UpperAttribute z:Ref="i452"/><VelocityAttribute z:Ref="i454"/></URDFElement><URDFElement z:Id="i455" i:type="Calibration"><Attributes><Attribute z:Id="i456"><AttributeType>rising</AttributeType><IsRequired>false</IsRequired><Value i:nil="true"/></Attribute><Attribute z:Id="i457"><AttributeType>falling</AttributeType><IsRequired>false</IsRequired><Value i:nil="true"/></Attribute></Attributes><ChildElements/><ElementName>calibration</ElementName><required>false</required><FallingAttribute z:Ref="i457"/><RisingAttribute z:Ref="i456"/></URDFElement><URDFElement z:Id="i458" i:type="Dynamics"><Attributes><Attribute z:Id="i459"><AttributeType>damping</AttributeType><IsRequired>false</IsRequired><Value i:nil="true"/></Attribute><Attribute z:Id="i460"><AttributeType>friction</AttributeType><IsRequired>false</IsRequired><Value i:nil="true"/></Attribute></Attributes><ChildElements/><ElementName>dynamics</ElementName><required>false</required><DampingAttribute z:Ref="i459"/><FrictionAttribute z:Ref="i460"/></URDFElement><URDFElement z:Id="i461" i:type="SafetyController"><Attributes><Attribute z:Id="i462"><AttributeType>soft_upper</AttributeType><IsRequired>false</IsRequired><Value i:nil="true"/></Attribute><Attribute z:Id="i463"><AttributeType>soft_lower</AttributeType><IsRequired>false</IsRequired><Value i:nil="true"/></Attribute><Attribute z:Id="i464"><AttributeType>k_position</AttributeType><IsRequired>false</IsRequired><Value i:nil="true"/></Attribute><Attribute z:Id="i465"><AttributeType>k_velocity</AttributeType><IsRequired>true</IsRequired><Value i:nil="true"/></Attribute></Attributes><ChildElements/><ElementName>safety_controller</ElementName><required>false</required><KPositionAttribute z:Ref="i464"/><KVelocityAttribute z:Ref="i465"/><SoftLowerAttribute z:Ref="i463"/><SoftUpperAttribute z:Ref="i462"/></URDFElement><URDFElement z:Id="i466" i:type="Mimic"><Attributes><Attribute z:Id="i467"><AttributeType>joint</AttributeType><IsRequired>true</IsRequired><Value i:nil="true"/></Attribute><Attribute z:Id="i468"><AttributeType>multiplier</AttributeType><IsRequired>false</IsRequired><Value i:nil="true"/></Attribute><Attribute z:Id="i469"><AttributeType>offset</AttributeType><IsRequired>false</IsRequired><Value i:nil="true"/></Attribute></Attributes><ChildElements/><ElementName>mimic</ElementName><required>false</required><JointNameAttribute z:Ref="i467"/><MultiplierAttribute z:Ref="i468"/><OffsetAttribute z:Ref="i469"/></URDFElement></ChildElements><ElementName>joint</ElementName><required>false</required><Axis z:Ref="i448"/><AxisName>Automatically Generate</AxisName><Calibration z:Ref="i455"/><Child z:Ref="i446"/><CoordinateSystemName>Right_2</CoordinateSystemName><Dynamics z:Ref="i458"/><Limit z:Ref="i450"/><Mimic z:Ref="i466"/><NameAttribute z:Ref="i439"/><Origin z:Ref="i441"/><Parent z:Ref="i444"/><Safety z:Ref="i461"/><TypeAttribute z:Ref="i440"/></URDFElement></ChildElements><ElementName>link</ElementName><required>true</required><Children><Link z:Id="i470"><Attributes><Attribute z:Id="i471"><AttributeType>name</AttributeType><IsRequired>true</IsRequired><Value i:type="a:string" xmlns:a="http://www.w3.org/2001/XMLSchema">Right_prop</Value></Attribute></Attributes><ChildElements><URDFElement z:Id="i472" i:type="Inertial"><Attributes/><ChildElements><URDFElement z:Id="i473" i:type="Origin"><Attributes><Attribute z:Id="i474"><AttributeType>xyz</AttributeType><IsRequired>true</IsRequired><Value i:type="a:ArrayOfdouble" xmlns:a="http://schemas.microsoft.com/2003/10/Serialization/Arrays"><a:double>0</a:double><a:double>0</a:double><a:double>0</a:double></Value></Attribute><Attribute z:Id="i475"><AttributeType>rpy</AttributeType><IsRequired>true</IsRequired><Value i:type="a:ArrayOfdouble" xmlns:a="http://schemas.microsoft.com/2003/10/Serialization/Arrays"><a:double>0</a:double><a:double>0</a:double><a:double>0</a:double></Value></Attribute></Attributes><ChildElements/><ElementName>origin</ElementName><required>false</required><RPYAttribute z:Ref="i475"/><XYZAttribute z:Ref="i474"/><isCustomized>false</isCustomized></URDFElement><URDFElement z:Id="i476" i:type="Mass"><Attributes><Attribute z:Id="i477"><AttributeType>value</AttributeType><IsRequired>true</IsRequired><Value i:type="a:double" xmlns:a="http://www.w3.org/2001/XMLSchema">0</Value></Attribute></Attributes><ChildElements/><ElementName>mass</ElementName><required>false</required><ValueAttribute z:Ref="i477"/></URDFElement><URDFElement z:Id="i478" i:type="Inertia"><Attributes><Attribute z:Id="i479"><AttributeType>ixx</AttributeType><IsRequired>true</IsRequired><Value i:type="a:double" xmlns:a="http://www.w3.org/2001/XMLSchema">0</Value></Attribute><Attribute z:Id="i480"><AttributeType>ixy</AttributeType><IsRequired>true</IsRequired><Value i:type="a:double" xmlns:a="http://www.w3.org/2001/XMLSchema">0</Value></Attribute><Attribute z:Id="i481"><AttributeType>ixz</AttributeType><IsRequired>true</IsRequired><Value i:type="a:double" xmlns:a="http://www.w3.org/2001/XMLSchema">0</Value></Attribute><Attribute z:Id="i482"><AttributeType>iyy</AttributeType><IsRequired>true</IsRequired><Value i:type="a:double" xmlns:a="http://www.w3.org/2001/XMLSchema">0</Value></Attribute><Attribute z:Id="i483"><AttributeType>iyz</AttributeType><IsRequired>true</IsRequired><Value i:type="a:double" xmlns:a="http://www.w3.org/2001/XMLSchema">0</Value></Attribute><Attribute z:Id="i484"><AttributeType>izz</AttributeType><IsRequired>true</IsRequired><Value i:type="a:double" xmlns:a="http://www.w3.org/2001/XMLSchema">0</Value></Attribute></Attributes><ChildElements/><ElementName>inertia</ElementName><required>false</required><IxxAttribute z:Ref="i479"/><IxyAttribute z:Ref="i480"/><IxzAttribute z:Ref="i481"/><IyyAttribute z:Ref="i482"/><IyzAttribute z:Ref="i483"/><IzzAttribute z:Ref="i484"/></URDFElement></ChildElements><ElementName>inertial</ElementName><required>false</required><Inertia z:Ref="i478"/><Mass z:Ref="i476"/><Origin z:Ref="i473"/></URDFElement><URDFElement z:Id="i485" i:type="Visual"><Attributes/><ChildElements><URDFElement z:Id="i486" i:type="Origin"><Attributes><Attribute z:Id="i487"><AttributeType>xyz</AttributeType><IsRequired>true</IsRequired><Value i:type="a:ArrayOfdouble" xmlns:a="http://schemas.microsoft.com/2003/10/Serialization/Arrays"><a:double>0</a:double><a:double>0</a:double><a:double>0</a:double></Value></Attribute><Attribute z:Id="i488"><AttributeType>rpy</AttributeType><IsRequired>true</IsRequired><Value i:type="a:ArrayOfdouble" xmlns:a="http://schemas.microsoft.com/2003/10/Serialization/Arrays"><a:double>0</a:double><a:double>0</a:double><a:double>0</a:double></Value></Attribute></Attributes><ChildElements/><ElementName>origin</ElementName><required>false</required><RPYAttribute z:Ref="i488"/><XYZAttribute z:Ref="i487"/><isCustomized>false</isCustomized></URDFElement><URDFElement z:Id="i489" i:type="Geometry"><Attributes/><ChildElements><URDFElement z:Id="i490" i:type="Mesh"><Attributes><Attribute z:Id="i491"><AttributeType>filename</AttributeType><IsRequired>true</IsRequired><Value i:nil="true"/></Attribute></Attributes><ChildElements/><ElementName>mesh</ElementName><required>false</required><FilenameAttribute z:Ref="i491"/></URDFElement></ChildElements><ElementName>geometry</ElementName><required>true</required><Mesh z:Ref="i490"/></URDFElement><URDFElement z:Id="i492" i:type="Material"><Attributes><Attribute z:Id="i493"><AttributeType>name</AttributeType><IsRequired>true</IsRequired><Value i:type="a:string" xmlns:a="http://www.w3.org/2001/XMLSchema"/></Attribute></Attributes><ChildElements><URDFElement z:Id="i494" i:type="Color"><Attributes><Attribute z:Id="i495"><AttributeType>rgba</AttributeType><IsRequired>true</IsRequired><Value i:type="a:ArrayOfdouble" xmlns:a="http://schemas.microsoft.com/2003/10/Serialization/Arrays"><a:double>1</a:double><a:double>1</a:double><a:double>1</a:double><a:double>1</a:double></Value></Attribute></Attributes><ChildElements/><ElementName>color</ElementName><required>false</required><RGBAAttribute z:Ref="i495"/></URDFElement><URDFElement z:Id="i496" i:type="Texture"><Attributes><Attribute z:Id="i497"><AttributeType>filename</AttributeType><IsRequired>true</IsRequired><Value i:nil="true"/></Attribute></Attributes><ChildElements/><ElementName>texture</ElementName><required>false</required><FilenameAttribute z:Ref="i497"/><wFilename/></URDFElement></ChildElements><ElementName>material</ElementName><required>false</required><Color z:Ref="i494"/><NameAttribute z:Ref="i493"/><Texture z:Ref="i496"/></URDFElement></ChildElements><ElementName>visual</ElementName><required>false</required><Geometry z:Ref="i489"/><Material z:Ref="i492"/><Origin z:Ref="i486"/></URDFElement><URDFElement z:Id="i498" i:type="Collision"><Attributes/><ChildElements><URDFElement z:Id="i499" i:type="Origin"><Attributes><Attribute z:Id="i500"><AttributeType>xyz</AttributeType><IsRequired>true</IsRequired><Value i:type="a:ArrayOfdouble" xmlns:a="http://schemas.microsoft.com/2003/10/Serialization/Arrays"><a:double>0</a:double><a:double>0</a:double><a:double>0</a:double></Value></Attribute><Attribute z:Id="i501"><AttributeType>rpy</AttributeType><IsRequired>true</IsRequired><Value i:type="a:ArrayOfdouble" xmlns:a="http://schemas.microsoft.com/2003/10/Serialization/Arrays"><a:double>0</a:double><a:double>0</a:double><a:double>0</a:double></Value></Attribute></Attributes><ChildElements/><ElementName>origin</ElementName><required>false</required><RPYAttribute z:Ref="i501"/><XYZAttribute z:Ref="i500"/><isCustomized>false</isCustomized></URDFElement><URDFElement z:Id="i502" i:type="Geometry"><Attributes/><ChildElements><URDFElement z:Id="i503" i:type="Mesh"><Attributes><Attribute z:Id="i504"><AttributeType>filename</AttributeType><IsRequired>true</IsRequired><Value i:nil="true"/></Attribute></Attributes><ChildElements/><ElementName>mesh</ElementName><required>false</required><FilenameAttribute z:Ref="i504"/></URDFElement></ChildElements><ElementName>geometry</ElementName><required>true</required><Mesh z:Ref="i503"/></URDFElement></ChildElements><ElementName>collision</ElementName><required>false</required><Geometry z:Ref="i502"/><Origin z:Ref="i499"/></URDFElement><URDFElement z:Id="i505" i:type="Joint"><Attributes><Attribute z:Id="i506"><AttributeType>name</AttributeType><IsRequired>true</IsRequired><Value i:type="a:string" xmlns:a="http://www.w3.org/2001/XMLSchema">Right_prop_joint</Value></Attribute><Attribute z:Id="i507"><AttributeType>type</AttributeType><IsRequired>true</IsRequired><Value i:type="a:string" xmlns:a="http://www.w3.org/2001/XMLSchema">revolute</Value></Attribute></Attributes><ChildElements><URDFElement z:Id="i508" i:type="Origin"><Attributes><Attribute z:Id="i509"><AttributeType>xyz</AttributeType><IsRequired>true</IsRequired><Value i:type="a:ArrayOfdouble" xmlns:a="http://schemas.microsoft.com/2003/10/Serialization/Arrays"><a:double>0</a:double><a:double>0</a:double><a:double>0</a:double></Value></Attribute><Attribute z:Id="i510"><AttributeType>rpy</AttributeType><IsRequired>true</IsRequired><Value i:type="a:ArrayOfdouble" xmlns:a="http://schemas.microsoft.com/2003/10/Serialization/Arrays"><a:double>0</a:double><a:double>0</a:double><a:double>0</a:double></Value></Attribute></Attributes><ChildElements/><ElementName>origin</ElementName><required>false</required><RPYAttribute z:Ref="i510"/><XYZAttribute z:Ref="i509"/><isCustomized>false</isCustomized></URDFElement><URDFElement z:Id="i511" i:type="ParentLink"><Attributes><Attribute z:Id="i512"><AttributeType>link</AttributeType><IsRequired>true</IsRequired><Value i:type="a:string" xmlns:a="http://www.w3.org/2001/XMLSchema"/></Attribute></Attributes><ChildElements/><ElementName>parent</ElementName><required>true</required><NameAttribute z:Ref="i512"/></URDFElement><URDFElement z:Id="i513" i:type="ChildLink"><Attributes><Attribute z:Id="i514"><AttributeType>link</AttributeType><IsRequired>true</IsRequired><Value i:type="a:string" xmlns:a="http://www.w3.org/2001/XMLSchema"/></Attribute></Attributes><ChildElements/><ElementName>child</ElementName><required>true</required><NameAttribute z:Ref="i514"/></URDFElement><URDFElement z:Id="i515" i:type="Axis"><Attributes><Attribute z:Id="i516"><AttributeType>xyz</AttributeType><IsRequired>true</IsRequired><Value i:type="a:ArrayOfdouble" xmlns:a="http://schemas.microsoft.com/2003/10/Serialization/Arrays"><a:double>0</a:double><a:double>0</a:double><a:double>0</a:double></Value></Attribute></Attributes><ChildElements/><ElementName>axis</ElementName><required>false</required><XYZAttribute z:Ref="i516"/></URDFElement><URDFElement z:Id="i517" i:type="Limit"><Attributes><Attribute z:Id="i518"><AttributeType>lower</AttributeType><IsRequired>false</IsRequired><Value i:nil="true"/></Attribute><Attribute z:Id="i519"><AttributeType>upper</AttributeType><IsRequired>false</IsRequired><Value i:nil="true"/></Attribute><Attribute z:Id="i520"><AttributeType>effort</AttributeType><IsRequired>true</IsRequired><Value i:nil="true"/></Attribute><Attribute z:Id="i521"><AttributeType>velocity</AttributeType><IsRequired>true</IsRequired><Value i:nil="true"/></Attribute></Attributes><ChildElements/><ElementName>limit</ElementName><required>false</required><EffortAttribute z:Ref="i520"/><LowerAttribute z:Ref="i518"/><UpperAttribute z:Ref="i519"/><VelocityAttribute z:Ref="i521"/></URDFElement><URDFElement z:Id="i522" i:type="Calibration"><Attributes><Attribute z:Id="i523"><AttributeType>rising</AttributeType><IsRequired>false</IsRequired><Value i:nil="true"/></Attribute><Attribute z:Id="i524"><AttributeType>falling</AttributeType><IsRequired>false</IsRequired><Value i:nil="true"/></Attribute></Attributes><ChildElements/><ElementName>calibration</ElementName><required>false</required><FallingAttribute z:Ref="i524"/><RisingAttribute z:Ref="i523"/></URDFElement><URDFElement z:Id="i525" i:type="Dynamics"><Attributes><Attribute z:Id="i526"><AttributeType>damping</AttributeType><IsRequired>false</IsRequired><Value i:nil="true"/></Attribute><Attribute z:Id="i527"><AttributeType>friction</AttributeType><IsRequired>false</IsRequired><Value i:nil="true"/></Attribute></Attributes><ChildElements/><ElementName>dynamics</ElementName><required>false</required><DampingAttribute z:Ref="i526"/><FrictionAttribute z:Ref="i527"/></URDFElement><URDFElement z:Id="i528" i:type="SafetyController"><Attributes><Attribute z:Id="i529"><AttributeType>soft_upper</AttributeType><IsRequired>false</IsRequired><Value i:nil="true"/></Attribute><Attribute z:Id="i530"><AttributeType>soft_lower</AttributeType><IsRequired>false</IsRequired><Value i:nil="true"/></Attribute><Attribute z:Id="i531"><AttributeType>k_position</AttributeType><IsRequired>false</IsRequired><Value i:nil="true"/></Attribute><Attribute z:Id="i532"><AttributeType>k_velocity</AttributeType><IsRequired>true</IsRequired><Value i:nil="true"/></Attribute></Attributes><ChildElements/><ElementName>safety_controller</ElementName><required>false</required><KPositionAttribute z:Ref="i531"/><KVelocityAttribute z:Ref="i532"/><SoftLowerAttribute z:Ref="i530"/><SoftUpperAttribute z:Ref="i529"/></URDFElement><URDFElement z:Id="i533" i:type="Mimic"><Attributes><Attribute z:Id="i534"><AttributeType>joint</AttributeType><IsRequired>true</IsRequired><Value i:nil="true"/></Attribute><Attribute z:Id="i535"><AttributeType>multiplier</AttributeType><IsRequired>false</IsRequired><Value i:nil="true"/></Attribute><Attribute z:Id="i536"><AttributeType>offset</AttributeType><IsRequired>false</IsRequired><Value i:nil="true"/></Attribute></Attributes><ChildElements/><ElementName>mimic</ElementName><required>false</required><JointNameAttribute z:Ref="i534"/><MultiplierAttribute z:Ref="i535"/><OffsetAttribute z:Ref="i536"/></URDFElement></ChildElements><ElementName>joint</ElementName><required>false</required><Axis z:Ref="i515"/><AxisName>Automatically Generate</AxisName><Calibration z:Ref="i522"/><Child z:Ref="i513"/><CoordinateSystemName>Right_prop</CoordinateSystemName><Dynamics z:Ref="i525"/><Limit z:Ref="i517"/><Mimic z:Ref="i533"/><NameAttribute z:Ref="i506"/><Origin z:Ref="i508"/><Parent z:Ref="i511"/><Safety z:Ref="i528"/><TypeAttribute z:Ref="i507"/></URDFElement></ChildElements><ElementName>link</ElementName><required>true</required><Children/><Collision z:Ref="i498"/><Inertial z:Ref="i472"/><Joint z:Ref="i505"/><NameAttribute z:Ref="i471"/><Parent z:Ref="i403"/><STLQualityFine>false</STLQualityFine><SWComponentPIDs xmlns:a="http://schemas.microsoft.com/2003/10/Serialization/Arrays"><a:base64Binary>ECcAAAUAAAD//v8nUAByAG8AcABlAGwAbABlAHIAIABDAEMAVwAgAFAAdQBsAGwAZQByAC0AMQBAAEIAaQByAG8AdABvAHIAXwBBAHMAcwBlAG0AYgBsAHkABAAAABAAAAABAAAAAQAAAF4BAAA=</a:base64Binary></SWComponentPIDs><SWMainComponentPID i:nil="true"/><Visual z:Ref="i485"/><isFixedFrame>false</isFixedFrame><isIncomplete>false</isIncomplete></Link></Children><Collision z:Ref="i431"/><Inertial z:Ref="i405"/><Joint z:Ref="i438"/><NameAttribute z:Ref="i404"/><Parent z:Ref="i336"/><STLQualityFine>false</STLQualityFine><SWComponentPIDs xmlns:a="http://schemas.microsoft.com/2003/10/Serialization/Arrays"><a:base64Binary>ECcAAAUAAAD//v8eTQBvAHQAbwByAE0AbwB1AG4AdAAxAC0ANABAAEIAaQByAG8AdABvAHIAXwBBAHMAcwBlAG0AYgBsAHkABAAAABAAAAABAAAAAQAAAFgBAAA=</a:base64Binary><a:base64Binary>ECcAAAUAAAD//v8fQgBMAEQAQwBNAG8AdABvAHIAXwBpAG4ALQAzAEAAQgBpAHIAbwB0AG8AcgBfAEEAcwBzAGUAbQBiAGwAeQAEAAAAEAAAAAEAAAABAAAAWwEAAA==</a:base64Binary><a:base64Binary>ECcAAAUAAAD//v8gTQBHADkAMABTACAAaABvAHIAbgBfAGkAbgAtADcAQABCAGkAcgBvAHQAbwByAF8AQQBzAHMAZQBtAGIAbAB5AAQAAAAQAAAAAQAAAAEAAABVAQAA</a:base64Binary></SWComponentPIDs><SWMainComponentPID i:nil="true"/><Visual z:Ref="i418"/><isFixedFrame>false</isFixedFrame><isIncomplete>false</isIncomplete></Link></Children><Collision z:Ref="i364"/><Inertial z:Ref="i338"/><Joint z:Ref="i371"/><NameAttribute z:Ref="i337"/><Parent z:Ref="i68"/><STLQualityFine>false</STLQualityFine><SWComponentPIDs xmlns:a="http://schemas.microsoft.com/2003/10/Serialization/Arrays"><a:base64Binary>ECcAAAUAAAD//v8gTQBHADkAMABTACAAaABvAHIAbgBfAGkAbgAtADUAQABCAGkAcgBvAHQAbwByAF8AQQBzAHMAZQBtAGIAbAB5AAQAAAAQAAAAAQAAAAEAAAAuAQAA</a:base64Binary><a:base64Binary>ECcAAAUAAAD//v8fTQBvAHQAbwByAF8ATQBvAHUAbgB0ADIALQAyAEAAQgBpAHIAbwB0AG8AcgBfAEEAcwBzAGUAbQBiAGwAeQAEAAAAEAAAAAEAAAABAAAALQEAAA==</a:base64Binary><a:base64Binary>ECcAAAUAAAD//v8dcwBlAHIAdgBvAE0ARwA5ADAAUwAtADcAQABCAGkAcgBvAHQAbwByAF8AQQBzAHMAZQBtAGIAbAB5AAQAAAAQAAAAAQAAAAEAAABPAQAA</a:base64Binary></SWComponentPIDs><SWMainComponentPID i:nil="true"/><Visual z:Ref="i351"/><isFixedFrame>false</isFixedFrame><isIncomplete>false</isIncomplete></Link></Children><Collision z:Ref="i96"/><Inertial z:Ref="i70"/><Joint z:Ref="i103"/><NameAttribute z:Ref="i69"/><Parent z:Ref="i1"/><STLQualityFine>false</STLQualityFine><SWComponentPIDs xmlns:a="http://schemas.microsoft.com/2003/10/Serialization/Arrays"><a:base64Binary>ECcAAAUAAAD//v8eQgBvAHQAdABvAG0AUABsAGEAdABlAC0AMwBAAEIAaQByAG8AdABvAHIAXwBBAHMAcwBlAG0AYgBsAHkABAAAABAAAAABAAAAAQAAACsAAAA=</a:base64Binary><a:base64Binary>ECcAAAUAAAD//v8zVAB1AHIAbgBpAGcAeQBfADIAMgAwADAAbQBBAGgAXwAzAFMAXwAyADAAQwBfAEwAaQBwAG8AXwBQAGEAYwBrAC0AMQBAAEIAaQByAG8AdABvAHIAXwBBAHMAcwBlAG0AYgBsAHkABAAAABAAAAABAAAAAQAAAJIBAAA=</a:base64Binary><a:base64Binary>ECcAAAUAAAD//v8hVgBlAHIAdABpAGMAYQBsAFMAcABhAGMAZQByAC0AMgBAAEIAaQByAG8AdABvAHIAXwBBAHMAcwBlAG0AYgBsAHkABAAAABAAAAABAAAAAQAAADEAAAA=</a:base64Binary><a:base64Binary>ECcAAAUAAAD//v8XVAB1AGIAZQAtADEAQABCAGkAcgBvAHQAbwByAF8AQQBzAHMAZQBtAGIAbAB5AAQAAAAQAAAAAQAAAAEAAAAkAAAA</a:base64Binary><a:base64Binary>ECcAAAUAAAD//v8hTQBvAHQAbwByAE0AbwB1AG4AdABCAGEAcwBlAC0AMQBAAEIAaQByAG8AdABvAHIAXwBBAHMAcwBlAG0AYgBsAHkABAAAABAAAAABAAAAAQAAACEAAAA=</a:base64Binary><a:base64Binary>ECcAAAUAAAD//v8eTQBvAHQAbwByAE0AbwB1AG4AdAAzAC0AMQBAAEIAaQByAG8AdABvAHIAXwBBAHMAcwBlAG0AYgBsAHkABAAAABAAAAABAAAAAQAAACAAAAA=</a:base64Binary><a:base64Binary>ECcAAAUAAAD//v8dcwBlAHIAdgBvAE0ARwA5ADAAUwAtADEAQABCAGkAcgBvAHQAbwByAF8AQQBzAHMAZQBtAGIAbAB5AAQAAAAQAAAAAQAAAAEAAAAiAAAA</a:base64Binary><a:base64Binary>ECcAAAUAAAD//v8hTQBvAHQAbwByAE0AbwB1AG4AdABCAGEAcwBlAC0AMgBAAEIAaQByAG8AdABvAHIAXwBBAHMAcwBlAG0AYgBsAHkABAAAABAAAAABAAAAAQAAAF8AAAA=</a:base64Binary><a:base64Binary>ECcAAAUAAAD//v8eTQBvAHQAbwByAE0AbwB1AG4AdAAzAC0AMgBAAEIAaQByAG8AdABvAHIAXwBBAHMAcwBlAG0AYgBsAHkABAAAABAAAAABAAAAAQAAAF4AAAA=</a:base64Binary><a:base64Binary>ECcAAAUAAAD//v8dcwBlAHIAdgBvAE0ARwA5ADAAUwAtADIAQABCAGkAcgBvAHQAbwByAF8AQQBzAHMAZQBtAGIAbAB5AAQAAAAQAAAAAQAAAAEAAABpAAAA</a:base64Binary><a:base64Binary>ECcAAAUAAAD//v8hUABpAHgAaABhAHcAawAgAFAAcgBvACAARgBDAC0AMQBAAEIAaQByAG8AdABvAHIAXwBBAHMAcwBlAG0AYgBsAHkABAAAABAAAAABAAAAAQAAAJwBAAA=</a:base64Binary><a:base64Binary>ECcAAAUAAAD//v8eQwBsAGEAbQBwAEIAbwB0AHQAbwBtAC0AMQBAAEIAaQByAG8AdABvAHIAXwBBAHMAcwBlAG0AYgBsAHkABAAAABAAAAABAAAAAQAAABkAAAA=</a:base64Binary><a:base64Binary>ECcAAAUAAAD//v8bQwBsAGEAbQBwAFQAbwBwAC0AMgBAAEIAaQByAG8AdABvAHIAXwBBAHMAcwBlAG0AYgBsAHkABAAAABAAAAABAAAAAQAAADcAAAA=</a:base64Binary><a:base64Binary>ECcAAAUAAAD//v8bVABvAHAAUABsAGEAdABlAC0AMwBAAEIAaQByAG8AdABvAHIAXwBBAHMAcwBlAG0AYgBsAHkABAAAABAAAAABAAAAAQAAACwAAAA=</a:base64Binary><a:base64Binary>ECcAAAUAAAD//v8cRwBQAFMAQgBvAHQAdABvAG0ALQAxAEAAQgBpAHIAbwB0AG8AcgBfAEEAcwBzAGUAbQBiAGwAeQAEAAAAEAAAAAEAAAABAAAAHAAAAA==</a:base64Binary><a:base64Binary>ECcAAAUAAAD//v8pUABhAHIAdAAyAF4AQgBpAHIAbwB0AG8AcgBfAEEAcwBzAGUAbQBiAGwAeQAtADEAQABCAGkAcgBvAHQAbwByAF8AQQBzAHMAZQBtAGIAbAB5AAQAAAAQAAAAAQAAAAEAAABFAQAA</a:base64Binary><a:base64Binary>ECcAAAUAAAD//v8aRwBQAFMAQgBhAHMAZQAtADEAQABCAGkAcgBvAHQAbwByAF8AQQBzAHMAZQBtAGIAbAB5AAQAAAAQAAAAAQAAAAEAAAAbAAAA</a:base64Binary></SWComponentPIDs><SWMainComponentPID i:nil="true"/><Visual z:Ref="i83"/><isFixedFrame>false</isFixedFrame><isIncomplete>false</isIncomplete></Link></Children><Collision z:Ref="i29"/><Inertial z:Ref="i3"/><Joint z:Ref="i36"/><NameAttribute z:Ref="i2"/><Parent i:nil="true"/><STLQualityFine>false</STLQualityFine><SWComponentPIDs xmlns:a="http://schemas.microsoft.com/2003/10/Serialization/Arrays"><a:base64Binary>ECcAAAUAAAD//v8iTABhAG4AZABpAG4AZwBfAEcAZQBhAHIAXwBpAG4ALQA0AEAAQgBpAHIAbwB0AG8AcgBfAEEAcwBzAGUAbQBiAGwAeQAEAAAAEAAAAAEAAAABAAAAiwEAAA==</a:base64Binary><a:base64Binary>ECcAAAUAAAD//v8iTABhAG4AZABpAG4AZwBfAEcAZQBhAHIAXwBpAG4ALQAzAEAAQgBpAHIAbwB0AG8AcgBfAEEAcwBzAGUAbQBiAGwAeQAEAAAAEAAAAAEAAAABAAAAhwEAAA==</a:base64Binary><a:base64Binary>ECcAAAUAAAD//v8iTABhAG4AZABpAG4AZwBfAEcAZQBhAHIAXwBpAG4ALQAyAEAAQgBpAHIAbwB0AG8AcgBfAEEAcwBzAGUAbQBiAGwAeQAEAAAAEAAAAAEAAAABAAAAhAEAAA==</a:base64Binary><a:base64Binary>ECcAAAUAAAD//v8iTABhAG4AZABpAG4AZwBfAEcAZQBhAHIAXwBpAG4ALQA1AEAAQgBpAHIAbwB0AG8AcgBfAEEAcwBzAGUAbQBiAGwAeQAEAAAAEAAAAAEAAAABAAAAjwEAAA==</a:base64Binary></SWComponentPIDs><SWMainComponentPID i:nil="true"/><Visual z:Ref="i16"/><isFixedFrame>false</isFixedFrame><isIncomplete>false</isIncomplete></Link>
2026-04-10 18:14:56,355 INFO  ExportHelperExtension.cs: 338 - Creating joint Bottom_plate_chassis
2026-04-10 18:14:56,362 INFO  ExportHelperExtension.cs: 1409 - Fixing components for base_link
2026-04-10 18:14:56,362 INFO  ExportHelperExtension.cs: 1414 - Fixing 395
2026-04-10 18:14:56,377 INFO  ExportHelperExtension.cs: 1414 - Fixing 391
2026-04-10 18:14:56,377 INFO  ExportHelperExtension.cs: 1414 - Fixing 388
2026-04-10 18:14:56,377 INFO  ExportHelperExtension.cs: 1414 - Fixing 399
2026-04-10 18:14:56,794 INFO  ExportHelperExtension.cs: 835 - R1: 0, 0
2026-04-10 18:14:56,794 INFO  ExportHelperExtension.cs: 844 - R2: 0, 0
2026-04-10 18:14:56,794 INFO  ExportHelperExtension.cs: 852 - L1: 0
2026-04-10 18:14:56,794 INFO  ExportHelperExtension.cs: 860 - L2: 0
2026-04-10 18:14:57,342 INFO  ExportHelperExtension.cs: 1364 - Unfixing component 395
2026-04-10 18:14:57,342 INFO  ExportHelperExtension.cs: 1364 - Unfixing component 391
2026-04-10 18:14:57,342 INFO  ExportHelperExtension.cs: 1364 - Unfixing component 388
2026-04-10 18:14:57,342 INFO  ExportHelperExtension.cs: 1364 - Unfixing component 399
2026-04-10 18:14:57,828 WARN  ExportHelperExtension.cs: 342 - Creating joint from parent base_link to child Bottom_plate_chassis failed
2026-04-10 18:14:57,928 INFO  ExportHelperExtension.cs: 338 - Creating joint Left_servo1
2026-04-10 18:14:57,928 INFO  ExportHelperExtension.cs: 1409 - Fixing components for Bottom_plate_chassis
2026-04-10 18:14:57,928 INFO  ExportHelperExtension.cs: 1414 - Fixing 43
2026-04-10 18:14:57,928 INFO  ExportHelperExtension.cs: 1414 - Fixing 402
2026-04-10 18:14:57,928 INFO  ExportHelperExtension.cs: 1414 - Fixing 49
2026-04-10 18:14:57,928 INFO  ExportHelperExtension.cs: 1414 - Fixing 36
2026-04-10 18:14:57,928 INFO  ExportHelperExtension.cs: 1414 - Fixing 33
2026-04-10 18:14:57,928 INFO  ExportHelperExtension.cs: 1414 - Fixing 32
2026-04-10 18:14:57,928 INFO  ExportHelperExtension.cs: 1422 - Component 32 is already fixed
2026-04-10 18:14:57,928 INFO  ExportHelperExtension.cs: 1414 - Fixing 34
2026-04-10 18:14:57,928 INFO  ExportHelperExtension.cs: 1414 - Fixing 95
2026-04-10 18:14:57,928 INFO  ExportHelperExtension.cs: 1414 - Fixing 94
2026-04-10 18:14:57,928 INFO  ExportHelperExtension.cs: 1414 - Fixing 105
2026-04-10 18:14:57,928 INFO  ExportHelperExtension.cs: 1414 - Fixing 412
2026-04-10 18:14:57,928 INFO  ExportHelperExtension.cs: 1414 - Fixing 25
2026-04-10 18:14:57,928 INFO  ExportHelperExtension.cs: 1414 - Fixing 55
2026-04-10 18:14:57,928 INFO  ExportHelperExtension.cs: 1414 - Fixing 44
2026-04-10 18:14:57,928 INFO  ExportHelperExtension.cs: 1414 - Fixing 28
2026-04-10 18:14:57,928 INFO  ExportHelperExtension.cs: 1414 - Fixing 325
2026-04-10 18:14:57,928 INFO  ExportHelperExtension.cs: 1422 - Component 325 is already fixed
2026-04-10 18:14:57,928 INFO  ExportHelperExtension.cs: 1414 - Fixing 27
2026-04-10 18:14:57,928 INFO  ExportHelperExtension.cs: 1414 - Fixing 395
2026-04-10 18:14:57,928 INFO  ExportHelperExtension.cs: 1414 - Fixing 391
2026-04-10 18:14:57,944 INFO  ExportHelperExtension.cs: 1414 - Fixing 388
2026-04-10 18:14:57,944 INFO  ExportHelperExtension.cs: 1414 - Fixing 399
2026-04-10 18:14:58,884 INFO  ExportHelperExtension.cs: 835 - R1: 0, 0
2026-04-10 18:14:58,884 INFO  ExportHelperExtension.cs: 844 - R2: 0, 0
2026-04-10 18:14:58,884 INFO  ExportHelperExtension.cs: 852 - L1: 0
2026-04-10 18:14:58,884 INFO  ExportHelperExtension.cs: 860 - L2: 0
2026-04-10 18:14:58,884 INFO  ExportHelperExtension.cs: 1364 - Unfixing component 43
2026-04-10 18:14:58,884 INFO  ExportHelperExtension.cs: 1364 - Unfixing component 402
2026-04-10 18:14:58,884 INFO  ExportHelperExtension.cs: 1364 - Unfixing component 49
2026-04-10 18:14:58,884 INFO  ExportHelperExtension.cs: 1364 - Unfixing component 36
2026-04-10 18:14:58,884 INFO  ExportHelperExtension.cs: 1364 - Unfixing component 33
2026-04-10 18:14:58,884 INFO  ExportHelperExtension.cs: 1364 - Unfixing component 34
2026-04-10 18:14:58,884 INFO  ExportHelperExtension.cs: 1364 - Unfixing component 95
2026-04-10 18:14:58,884 INFO  ExportHelperExtension.cs: 1364 - Unfixing component 94
2026-04-10 18:14:58,884 INFO  ExportHelperExtension.cs: 1364 - Unfixing component 105
2026-04-10 18:14:58,884 INFO  ExportHelperExtension.cs: 1364 - Unfixing component 412
2026-04-10 18:14:58,884 INFO  ExportHelperExtension.cs: 1364 - Unfixing component 25
2026-04-10 18:14:58,884 INFO  ExportHelperExtension.cs: 1364 - Unfixing component 55
2026-04-10 18:14:58,884 INFO  ExportHelperExtension.cs: 1364 - Unfixing component 44
2026-04-10 18:14:58,884 INFO  ExportHelperExtension.cs: 1364 - Unfixing component 28
2026-04-10 18:14:58,884 INFO  ExportHelperExtension.cs: 1364 - Unfixing component 27
2026-04-10 18:14:58,900 INFO  ExportHelperExtension.cs: 1364 - Unfixing component 395
2026-04-10 18:14:58,900 INFO  ExportHelperExtension.cs: 1364 - Unfixing component 391
2026-04-10 18:14:58,900 INFO  ExportHelperExtension.cs: 1364 - Unfixing component 388
2026-04-10 18:14:58,900 INFO  ExportHelperExtension.cs: 1364 - Unfixing component 399
2026-04-10 18:14:59,771 WARN  ExportHelperExtension.cs: 342 - Creating joint from parent Bottom_plate_chassis to child Left_servo1 failed
2026-04-10 18:14:59,786 INFO  ExportHelperExtension.cs: 338 - Creating joint Left_servo2
2026-04-10 18:14:59,786 INFO  ExportHelperExtension.cs: 1409 - Fixing components for Left_servo1
2026-04-10 18:14:59,786 INFO  ExportHelperExtension.cs: 1414 - Fixing 29
2026-04-10 18:14:59,786 INFO  ExportHelperExtension.cs: 1414 - Fixing 166
2026-04-10 18:14:59,786 INFO  ExportHelperExtension.cs: 1414 - Fixing 245
2026-04-10 18:14:59,786 INFO  ExportHelperExtension.cs: 1414 - Fixing 43
2026-04-10 18:14:59,786 INFO  ExportHelperExtension.cs: 1414 - Fixing 402
2026-04-10 18:14:59,786 INFO  ExportHelperExtension.cs: 1414 - Fixing 49
2026-04-10 18:14:59,786 INFO  ExportHelperExtension.cs: 1414 - Fixing 36
2026-04-10 18:14:59,786 INFO  ExportHelperExtension.cs: 1414 - Fixing 33
2026-04-10 18:14:59,786 INFO  ExportHelperExtension.cs: 1414 - Fixing 32
2026-04-10 18:14:59,786 INFO  ExportHelperExtension.cs: 1422 - Component 32 is already fixed
2026-04-10 18:14:59,786 INFO  ExportHelperExtension.cs: 1414 - Fixing 34
2026-04-10 18:14:59,786 INFO  ExportHelperExtension.cs: 1414 - Fixing 95
2026-04-10 18:14:59,786 INFO  ExportHelperExtension.cs: 1414 - Fixing 94
2026-04-10 18:14:59,786 INFO  ExportHelperExtension.cs: 1414 - Fixing 105
2026-04-10 18:14:59,802 INFO  ExportHelperExtension.cs: 1414 - Fixing 412
2026-04-10 18:14:59,802 INFO  ExportHelperExtension.cs: 1414 - Fixing 25
2026-04-10 18:14:59,802 INFO  ExportHelperExtension.cs: 1414 - Fixing 55
2026-04-10 18:14:59,802 INFO  ExportHelperExtension.cs: 1414 - Fixing 44
2026-04-10 18:14:59,802 INFO  ExportHelperExtension.cs: 1414 - Fixing 28
2026-04-10 18:14:59,802 INFO  ExportHelperExtension.cs: 1414 - Fixing 325
2026-04-10 18:14:59,802 INFO  ExportHelperExtension.cs: 1422 - Component 325 is already fixed
2026-04-10 18:14:59,802 INFO  ExportHelperExtension.cs: 1414 - Fixing 27
2026-04-10 18:14:59,802 INFO  ExportHelperExtension.cs: 1414 - Fixing 395
2026-04-10 18:14:59,802 INFO  ExportHelperExtension.cs: 1414 - Fixing 391
2026-04-10 18:14:59,802 INFO  ExportHelperExtension.cs: 1414 - Fixing 388
2026-04-10 18:14:59,802 INFO  ExportHelperExtension.cs: 1414 - Fixing 399
2026-04-10 18:15:00,974 INFO  ExportHelperExtension.cs: 835 - R1: 0, 0
2026-04-10 18:15:00,974 INFO  ExportHelperExtension.cs: 844 - R2: 0, 0
2026-04-10 18:15:00,974 INFO  ExportHelperExtension.cs: 852 - L1: 0
2026-04-10 18:15:00,974 INFO  ExportHelperExtension.cs: 860 - L2: 0
2026-04-10 18:15:00,974 INFO  ExportHelperExtension.cs: 1364 - Unfixing component 29
2026-04-10 18:15:00,974 INFO  ExportHelperExtension.cs: 1364 - Unfixing component 166
2026-04-10 18:15:00,974 INFO  ExportHelperExtension.cs: 1364 - Unfixing component 245
2026-04-10 18:15:00,974 INFO  ExportHelperExtension.cs: 1364 - Unfixing component 43
2026-04-10 18:15:00,974 INFO  ExportHelperExtension.cs: 1364 - Unfixing component 402
2026-04-10 18:15:00,974 INFO  ExportHelperExtension.cs: 1364 - Unfixing component 49
2026-04-10 18:15:00,974 INFO  ExportHelperExtension.cs: 1364 - Unfixing component 36
2026-04-10 18:15:00,989 INFO  ExportHelperExtension.cs: 1364 - Unfixing component 33
2026-04-10 18:15:00,989 INFO  ExportHelperExtension.cs: 1364 - Unfixing component 34
2026-04-10 18:15:00,989 INFO  ExportHelperExtension.cs: 1364 - Unfixing component 95
2026-04-10 18:15:00,989 INFO  ExportHelperExtension.cs: 1364 - Unfixing component 94
2026-04-10 18:15:00,989 INFO  ExportHelperExtension.cs: 1364 - Unfixing component 105
2026-04-10 18:15:00,989 INFO  ExportHelperExtension.cs: 1364 - Unfixing component 412
2026-04-10 18:15:00,989 INFO  ExportHelperExtension.cs: 1364 - Unfixing component 25
2026-04-10 18:15:00,989 INFO  ExportHelperExtension.cs: 1364 - Unfixing component 55
2026-04-10 18:15:00,989 INFO  ExportHelperExtension.cs: 1364 - Unfixing component 44
2026-04-10 18:15:00,989 INFO  ExportHelperExtension.cs: 1364 - Unfixing component 28
2026-04-10 18:15:00,989 INFO  ExportHelperExtension.cs: 1364 - Unfixing component 27
2026-04-10 18:15:00,989 INFO  ExportHelperExtension.cs: 1364 - Unfixing component 395
2026-04-10 18:15:00,989 INFO  ExportHelperExtension.cs: 1364 - Unfixing component 391
2026-04-10 18:15:00,989 INFO  ExportHelperExtension.cs: 1364 - Unfixing component 388
2026-04-10 18:15:00,989 INFO  ExportHelperExtension.cs: 1364 - Unfixing component 399
2026-04-10 18:15:02,030 WARN  ExportHelperExtension.cs: 342 - Creating joint from parent Left_servo1 to child Left_servo2 failed
2026-04-10 18:15:02,079 INFO  ExportHelperExtension.cs: 338 - Creating joint Left_prop
2026-04-10 18:15:02,079 INFO  ExportHelperExtension.cs: 1409 - Fixing components for Left_servo2
2026-04-10 18:15:02,079 INFO  ExportHelperExtension.cs: 1414 - Fixing 249
2026-04-10 18:15:02,079 INFO  ExportHelperExtension.cs: 1414 - Fixing 30
2026-04-10 18:15:02,079 INFO  ExportHelperExtension.cs: 1414 - Fixing 23
2026-04-10 18:15:02,079 INFO  ExportHelperExtension.cs: 1414 - Fixing 29
2026-04-10 18:15:02,079 INFO  ExportHelperExtension.cs: 1414 - Fixing 166
2026-04-10 18:15:02,079 INFO  ExportHelperExtension.cs: 1414 - Fixing 245
2026-04-10 18:15:02,079 INFO  ExportHelperExtension.cs: 1414 - Fixing 43
2026-04-10 18:15:02,079 INFO  ExportHelperExtension.cs: 1414 - Fixing 402
2026-04-10 18:15:02,079 INFO  ExportHelperExtension.cs: 1414 - Fixing 49
2026-04-10 18:15:02,079 INFO  ExportHelperExtension.cs: 1414 - Fixing 36
2026-04-10 18:15:02,079 INFO  ExportHelperExtension.cs: 1414 - Fixing 33
2026-04-10 18:15:02,079 INFO  ExportHelperExtension.cs: 1414 - Fixing 32
2026-04-10 18:15:02,079 INFO  ExportHelperExtension.cs: 1422 - Component 32 is already fixed
2026-04-10 18:15:02,079 INFO  ExportHelperExtension.cs: 1414 - Fixing 34
2026-04-10 18:15:02,079 INFO  ExportHelperExtension.cs: 1414 - Fixing 95
2026-04-10 18:15:02,079 INFO  ExportHelperExtension.cs: 1414 - Fixing 94
2026-04-10 18:15:02,079 INFO  ExportHelperExtension.cs: 1414 - Fixing 105
2026-04-10 18:15:02,079 INFO  ExportHelperExtension.cs: 1414 - Fixing 412
2026-04-10 18:15:02,095 INFO  ExportHelperExtension.cs: 1414 - Fixing 25
2026-04-10 18:15:02,095 INFO  ExportHelperExtension.cs: 1414 - Fixing 55
2026-04-10 18:15:02,095 INFO  ExportHelperExtension.cs: 1414 - Fixing 44
2026-04-10 18:15:02,095 INFO  ExportHelperExtension.cs: 1414 - Fixing 28
2026-04-10 18:15:02,095 INFO  ExportHelperExtension.cs: 1414 - Fixing 325
2026-04-10 18:15:02,095 INFO  ExportHelperExtension.cs: 1422 - Component 325 is already fixed
2026-04-10 18:15:02,095 INFO  ExportHelperExtension.cs: 1414 - Fixing 27
2026-04-10 18:15:02,095 INFO  ExportHelperExtension.cs: 1414 - Fixing 395
2026-04-10 18:15:02,095 INFO  ExportHelperExtension.cs: 1414 - Fixing 391
2026-04-10 18:15:02,095 INFO  ExportHelperExtension.cs: 1414 - Fixing 388
2026-04-10 18:15:02,095 INFO  ExportHelperExtension.cs: 1414 - Fixing 399
2026-04-10 18:15:03,413 INFO  ExportHelperExtension.cs: 835 - R1: 0, 0
2026-04-10 18:15:03,413 INFO  ExportHelperExtension.cs: 844 - R2: 0, 0
2026-04-10 18:15:03,413 INFO  ExportHelperExtension.cs: 852 - L1: 0
2026-04-10 18:15:03,413 INFO  ExportHelperExtension.cs: 860 - L2: 0
2026-04-10 18:15:03,413 INFO  ExportHelperExtension.cs: 1364 - Unfixing component 249
2026-04-10 18:15:03,413 INFO  ExportHelperExtension.cs: 1364 - Unfixing component 30
2026-04-10 18:15:03,413 INFO  ExportHelperExtension.cs: 1364 - Unfixing component 23
2026-04-10 18:15:03,413 INFO  ExportHelperExtension.cs: 1364 - Unfixing component 29
2026-04-10 18:15:03,413 INFO  ExportHelperExtension.cs: 1364 - Unfixing component 166
2026-04-10 18:15:03,413 INFO  ExportHelperExtension.cs: 1364 - Unfixing component 245
2026-04-10 18:15:03,413 INFO  ExportHelperExtension.cs: 1364 - Unfixing component 43
2026-04-10 18:15:03,413 INFO  ExportHelperExtension.cs: 1364 - Unfixing component 402
2026-04-10 18:15:03,413 INFO  ExportHelperExtension.cs: 1364 - Unfixing component 49
2026-04-10 18:15:03,413 INFO  ExportHelperExtension.cs: 1364 - Unfixing component 36
2026-04-10 18:15:03,413 INFO  ExportHelperExtension.cs: 1364 - Unfixing component 33
2026-04-10 18:15:03,413 INFO  ExportHelperExtension.cs: 1364 - Unfixing component 34
2026-04-10 18:15:03,413 INFO  ExportHelperExtension.cs: 1364 - Unfixing component 95
2026-04-10 18:15:03,413 INFO  ExportHelperExtension.cs: 1364 - Unfixing component 94
2026-04-10 18:15:03,413 INFO  ExportHelperExtension.cs: 1364 - Unfixing component 105
2026-04-10 18:15:03,413 INFO  ExportHelperExtension.cs: 1364 - Unfixing component 412
2026-04-10 18:15:03,413 INFO  ExportHelperExtension.cs: 1364 - Unfixing component 25
2026-04-10 18:15:03,413 INFO  ExportHelperExtension.cs: 1364 - Unfixing component 55
2026-04-10 18:15:03,413 INFO  ExportHelperExtension.cs: 1364 - Unfixing component 44
2026-04-10 18:15:03,413 INFO  ExportHelperExtension.cs: 1364 - Unfixing component 28
2026-04-10 18:15:03,413 INFO  ExportHelperExtension.cs: 1364 - Unfixing component 27
2026-04-10 18:15:03,413 INFO  ExportHelperExtension.cs: 1364 - Unfixing component 395
2026-04-10 18:15:03,413 INFO  ExportHelperExtension.cs: 1364 - Unfixing component 391
2026-04-10 18:15:03,413 INFO  ExportHelperExtension.cs: 1364 - Unfixing component 388
2026-04-10 18:15:03,413 INFO  ExportHelperExtension.cs: 1364 - Unfixing component 399
2026-04-10 18:15:04,602 WARN  ExportHelperExtension.cs: 342 - Creating joint from parent Left_servo2 to child Left_prop failed
2026-04-10 18:15:05,366 INFO  ExportHelperExtension.cs: 338 - Creating joint Right_servo1
2026-04-10 18:15:05,366 INFO  ExportHelperExtension.cs: 1409 - Fixing components for Bottom_plate_chassis
2026-04-10 18:15:05,366 INFO  ExportHelperExtension.cs: 1414 - Fixing 43
2026-04-10 18:15:05,366 INFO  ExportHelperExtension.cs: 1414 - Fixing 402
2026-04-10 18:15:05,366 INFO  ExportHelperExtension.cs: 1414 - Fixing 49
2026-04-10 18:15:05,381 INFO  ExportHelperExtension.cs: 1414 - Fixing 36
2026-04-10 18:15:05,381 INFO  ExportHelperExtension.cs: 1414 - Fixing 33
2026-04-10 18:15:05,381 INFO  ExportHelperExtension.cs: 1414 - Fixing 32
2026-04-10 18:15:05,381 INFO  ExportHelperExtension.cs: 1422 - Component 32 is already fixed
2026-04-10 18:15:05,381 INFO  ExportHelperExtension.cs: 1414 - Fixing 34
2026-04-10 18:15:05,381 INFO  ExportHelperExtension.cs: 1414 - Fixing 95
2026-04-10 18:15:05,381 INFO  ExportHelperExtension.cs: 1414 - Fixing 94
2026-04-10 18:15:05,381 INFO  ExportHelperExtension.cs: 1414 - Fixing 105
2026-04-10 18:15:05,381 INFO  ExportHelperExtension.cs: 1414 - Fixing 412
2026-04-10 18:15:05,381 INFO  ExportHelperExtension.cs: 1414 - Fixing 25
2026-04-10 18:15:05,381 INFO  ExportHelperExtension.cs: 1414 - Fixing 55
2026-04-10 18:15:05,381 INFO  ExportHelperExtension.cs: 1414 - Fixing 44
2026-04-10 18:15:05,381 INFO  ExportHelperExtension.cs: 1414 - Fixing 28
2026-04-10 18:15:05,388 INFO  ExportHelperExtension.cs: 1414 - Fixing 325
2026-04-10 18:15:05,388 INFO  ExportHelperExtension.cs: 1422 - Component 325 is already fixed
2026-04-10 18:15:05,388 INFO  ExportHelperExtension.cs: 1414 - Fixing 27
2026-04-10 18:15:05,388 INFO  ExportHelperExtension.cs: 1414 - Fixing 395
2026-04-10 18:15:05,388 INFO  ExportHelperExtension.cs: 1414 - Fixing 391
2026-04-10 18:15:05,388 INFO  ExportHelperExtension.cs: 1414 - Fixing 388
2026-04-10 18:15:05,388 INFO  ExportHelperExtension.cs: 1414 - Fixing 399
2026-04-10 18:15:06,390 INFO  ExportHelperExtension.cs: 835 - R1: 0, 0
2026-04-10 18:15:06,390 INFO  ExportHelperExtension.cs: 844 - R2: 0, 0
2026-04-10 18:15:06,390 INFO  ExportHelperExtension.cs: 852 - L1: 0
2026-04-10 18:15:06,390 INFO  ExportHelperExtension.cs: 860 - L2: 0
2026-04-10 18:15:06,390 INFO  ExportHelperExtension.cs: 1364 - Unfixing component 43
2026-04-10 18:15:06,390 INFO  ExportHelperExtension.cs: 1364 - Unfixing component 402
2026-04-10 18:15:06,390 INFO  ExportHelperExtension.cs: 1364 - Unfixing component 49
2026-04-10 18:15:06,390 INFO  ExportHelperExtension.cs: 1364 - Unfixing component 36
2026-04-10 18:15:06,390 INFO  ExportHelperExtension.cs: 1364 - Unfixing component 33
2026-04-10 18:15:06,390 INFO  ExportHelperExtension.cs: 1364 - Unfixing component 34
2026-04-10 18:15:06,390 INFO  ExportHelperExtension.cs: 1364 - Unfixing component 95
2026-04-10 18:15:06,390 INFO  ExportHelperExtension.cs: 1364 - Unfixing component 94
2026-04-10 18:15:06,390 INFO  ExportHelperExtension.cs: 1364 - Unfixing component 105
2026-04-10 18:15:06,390 INFO  ExportHelperExtension.cs: 1364 - Unfixing component 412
2026-04-10 18:15:06,390 INFO  ExportHelperExtension.cs: 1364 - Unfixing component 25
2026-04-10 18:15:06,390 INFO  ExportHelperExtension.cs: 1364 - Unfixing component 55
2026-04-10 18:15:06,390 INFO  ExportHelperExtension.cs: 1364 - Unfixing component 44
2026-04-10 18:15:06,390 INFO  ExportHelperExtension.cs: 1364 - Unfixing component 28
2026-04-10 18:15:06,390 INFO  ExportHelperExtension.cs: 1364 - Unfixing component 27
2026-04-10 18:15:06,390 INFO  ExportHelperExtension.cs: 1364 - Unfixing component 395
2026-04-10 18:15:06,390 INFO  ExportHelperExtension.cs: 1364 - Unfixing component 391
2026-04-10 18:15:06,390 INFO  ExportHelperExtension.cs: 1364 - Unfixing component 388
2026-04-10 18:15:06,390 INFO  ExportHelperExtension.cs: 1364 - Unfixing component 399
2026-04-10 18:15:07,275 WARN  ExportHelperExtension.cs: 342 - Creating joint from parent Bottom_plate_chassis to child Right_servo1 failed
2026-04-10 18:15:07,285 INFO  ExportHelperExtension.cs: 338 - Creating joint Right_servo2
2026-04-10 18:15:07,285 INFO  ExportHelperExtension.cs: 1409 - Fixing components for Right_servo1
2026-04-10 18:15:07,285 INFO  ExportHelperExtension.cs: 1414 - Fixing 302
2026-04-10 18:15:07,285 INFO  ExportHelperExtension.cs: 1414 - Fixing 301
2026-04-10 18:15:07,285 INFO  ExportHelperExtension.cs: 1414 - Fixing 335
2026-04-10 18:15:07,285 INFO  ExportHelperExtension.cs: 1414 - Fixing 43
2026-04-10 18:15:07,285 INFO  ExportHelperExtension.cs: 1414 - Fixing 402
2026-04-10 18:15:07,285 INFO  ExportHelperExtension.cs: 1414 - Fixing 49
2026-04-10 18:15:07,285 INFO  ExportHelperExtension.cs: 1414 - Fixing 36
2026-04-10 18:15:07,285 INFO  ExportHelperExtension.cs: 1414 - Fixing 33
2026-04-10 18:15:07,285 INFO  ExportHelperExtension.cs: 1414 - Fixing 32
2026-04-10 18:15:07,285 INFO  ExportHelperExtension.cs: 1422 - Component 32 is already fixed
2026-04-10 18:15:07,285 INFO  ExportHelperExtension.cs: 1414 - Fixing 34
2026-04-10 18:15:07,285 INFO  ExportHelperExtension.cs: 1414 - Fixing 95
2026-04-10 18:15:07,285 INFO  ExportHelperExtension.cs: 1414 - Fixing 94
2026-04-10 18:15:07,285 INFO  ExportHelperExtension.cs: 1414 - Fixing 105
2026-04-10 18:15:07,300 INFO  ExportHelperExtension.cs: 1414 - Fixing 412
2026-04-10 18:15:07,300 INFO  ExportHelperExtension.cs: 1414 - Fixing 25
2026-04-10 18:15:07,300 INFO  ExportHelperExtension.cs: 1414 - Fixing 55
2026-04-10 18:15:07,300 INFO  ExportHelperExtension.cs: 1414 - Fixing 44
2026-04-10 18:15:07,300 INFO  ExportHelperExtension.cs: 1414 - Fixing 28
2026-04-10 18:15:07,300 INFO  ExportHelperExtension.cs: 1414 - Fixing 325
2026-04-10 18:15:07,300 INFO  ExportHelperExtension.cs: 1422 - Component 325 is already fixed
2026-04-10 18:15:07,300 INFO  ExportHelperExtension.cs: 1414 - Fixing 27
2026-04-10 18:15:07,300 INFO  ExportHelperExtension.cs: 1414 - Fixing 395
2026-04-10 18:15:07,300 INFO  ExportHelperExtension.cs: 1414 - Fixing 391
2026-04-10 18:15:07,300 INFO  ExportHelperExtension.cs: 1414 - Fixing 388
2026-04-10 18:15:07,300 INFO  ExportHelperExtension.cs: 1414 - Fixing 399
2026-04-10 18:15:08,403 INFO  ExportHelperExtension.cs: 835 - R1: 0, 0
2026-04-10 18:15:08,403 INFO  ExportHelperExtension.cs: 844 - R2: 0, 0
2026-04-10 18:15:08,403 INFO  ExportHelperExtension.cs: 852 - L1: 0
2026-04-10 18:15:08,403 INFO  ExportHelperExtension.cs: 860 - L2: 0
2026-04-10 18:15:08,403 INFO  ExportHelperExtension.cs: 1364 - Unfixing component 302
2026-04-10 18:15:08,403 INFO  ExportHelperExtension.cs: 1364 - Unfixing component 301
2026-04-10 18:15:08,403 INFO  ExportHelperExtension.cs: 1364 - Unfixing component 335
2026-04-10 18:15:08,403 INFO  ExportHelperExtension.cs: 1364 - Unfixing component 43
2026-04-10 18:15:08,403 INFO  ExportHelperExtension.cs: 1364 - Unfixing component 402
2026-04-10 18:15:08,403 INFO  ExportHelperExtension.cs: 1364 - Unfixing component 49
2026-04-10 18:15:08,403 INFO  ExportHelperExtension.cs: 1364 - Unfixing component 36
2026-04-10 18:15:08,403 INFO  ExportHelperExtension.cs: 1364 - Unfixing component 33
2026-04-10 18:15:08,403 INFO  ExportHelperExtension.cs: 1364 - Unfixing component 34
2026-04-10 18:15:08,403 INFO  ExportHelperExtension.cs: 1364 - Unfixing component 95
2026-04-10 18:15:08,403 INFO  ExportHelperExtension.cs: 1364 - Unfixing component 94
2026-04-10 18:15:08,403 INFO  ExportHelperExtension.cs: 1364 - Unfixing component 105
2026-04-10 18:15:08,403 INFO  ExportHelperExtension.cs: 1364 - Unfixing component 412
2026-04-10 18:15:08,403 INFO  ExportHelperExtension.cs: 1364 - Unfixing component 25
2026-04-10 18:15:08,403 INFO  ExportHelperExtension.cs: 1364 - Unfixing component 55
2026-04-10 18:15:08,419 INFO  ExportHelperExtension.cs: 1364 - Unfixing component 44
2026-04-10 18:15:08,419 INFO  ExportHelperExtension.cs: 1364 - Unfixing component 28
2026-04-10 18:15:08,419 INFO  ExportHelperExtension.cs: 1364 - Unfixing component 27
2026-04-10 18:15:08,419 INFO  ExportHelperExtension.cs: 1364 - Unfixing component 395
2026-04-10 18:15:08,419 INFO  ExportHelperExtension.cs: 1364 - Unfixing component 391
2026-04-10 18:15:08,419 INFO  ExportHelperExtension.cs: 1364 - Unfixing component 388
2026-04-10 18:15:08,419 INFO  ExportHelperExtension.cs: 1364 - Unfixing component 399
2026-04-10 18:15:09,437 WARN  ExportHelperExtension.cs: 342 - Creating joint from parent Right_servo1 to child Right_servo2 failed
2026-04-10 18:15:09,490 INFO  ExportHelperExtension.cs: 338 - Creating joint Right_prop
2026-04-10 18:15:09,490 INFO  ExportHelperExtension.cs: 1409 - Fixing components for Right_servo2
2026-04-10 18:15:09,490 INFO  ExportHelperExtension.cs: 1414 - Fixing 344
2026-04-10 18:15:09,490 INFO  ExportHelperExtension.cs: 1414 - Fixing 347
2026-04-10 18:15:09,490 INFO  ExportHelperExtension.cs: 1414 - Fixing 341
2026-04-10 18:15:09,490 INFO  ExportHelperExtension.cs: 1414 - Fixing 302
2026-04-10 18:15:09,490 INFO  ExportHelperExtension.cs: 1414 - Fixing 301
2026-04-10 18:15:09,490 INFO  ExportHelperExtension.cs: 1414 - Fixing 335
2026-04-10 18:15:09,490 INFO  ExportHelperExtension.cs: 1414 - Fixing 43
2026-04-10 18:15:09,490 INFO  ExportHelperExtension.cs: 1414 - Fixing 402
2026-04-10 18:15:09,490 INFO  ExportHelperExtension.cs: 1414 - Fixing 49
2026-04-10 18:15:09,490 INFO  ExportHelperExtension.cs: 1414 - Fixing 36
2026-04-10 18:15:09,490 INFO  ExportHelperExtension.cs: 1414 - Fixing 33
2026-04-10 18:15:09,490 INFO  ExportHelperExtension.cs: 1414 - Fixing 32
2026-04-10 18:15:09,490 INFO  ExportHelperExtension.cs: 1422 - Component 32 is already fixed
2026-04-10 18:15:09,490 INFO  ExportHelperExtension.cs: 1414 - Fixing 34
2026-04-10 18:15:09,490 INFO  ExportHelperExtension.cs: 1414 - Fixing 95
2026-04-10 18:15:09,490 INFO  ExportHelperExtension.cs: 1414 - Fixing 94
2026-04-10 18:15:09,490 INFO  ExportHelperExtension.cs: 1414 - Fixing 105
2026-04-10 18:15:09,490 INFO  ExportHelperExtension.cs: 1414 - Fixing 412
2026-04-10 18:15:09,490 INFO  ExportHelperExtension.cs: 1414 - Fixing 25
2026-04-10 18:15:09,490 INFO  ExportHelperExtension.cs: 1414 - Fixing 55
2026-04-10 18:15:09,490 INFO  ExportHelperExtension.cs: 1414 - Fixing 44
2026-04-10 18:15:09,490 INFO  ExportHelperExtension.cs: 1414 - Fixing 28
2026-04-10 18:15:09,490 INFO  ExportHelperExtension.cs: 1414 - Fixing 325
2026-04-10 18:15:09,490 INFO  ExportHelperExtension.cs: 1422 - Component 325 is already fixed
2026-04-10 18:15:09,490 INFO  ExportHelperExtension.cs: 1414 - Fixing 27
2026-04-10 18:15:09,490 INFO  ExportHelperExtension.cs: 1414 - Fixing 395
2026-04-10 18:15:09,490 INFO  ExportHelperExtension.cs: 1414 - Fixing 391
2026-04-10 18:15:09,490 INFO  ExportHelperExtension.cs: 1414 - Fixing 388
2026-04-10 18:15:09,506 INFO  ExportHelperExtension.cs: 1414 - Fixing 399
2026-04-10 18:15:10,825 INFO  ExportHelperExtension.cs: 835 - R1: 0, 0
2026-04-10 18:15:10,825 INFO  ExportHelperExtension.cs: 844 - R2: 0, 0
2026-04-10 18:15:10,825 INFO  ExportHelperExtension.cs: 852 - L1: 0
2026-04-10 18:15:10,825 INFO  ExportHelperExtension.cs: 860 - L2: 0
2026-04-10 18:15:10,825 INFO  ExportHelperExtension.cs: 1364 - Unfixing component 344
2026-04-10 18:15:10,825 INFO  ExportHelperExtension.cs: 1364 - Unfixing component 347
2026-04-10 18:15:10,825 INFO  ExportHelperExtension.cs: 1364 - Unfixing component 341
2026-04-10 18:15:10,825 INFO  ExportHelperExtension.cs: 1364 - Unfixing component 302
2026-04-10 18:15:10,825 INFO  ExportHelperExtension.cs: 1364 - Unfixing component 301
2026-04-10 18:15:10,825 INFO  ExportHelperExtension.cs: 1364 - Unfixing component 335
2026-04-10 18:15:10,825 INFO  ExportHelperExtension.cs: 1364 - Unfixing component 43
2026-04-10 18:15:10,825 INFO  ExportHelperExtension.cs: 1364 - Unfixing component 402
2026-04-10 18:15:10,825 INFO  ExportHelperExtension.cs: 1364 - Unfixing component 49
2026-04-10 18:15:10,825 INFO  ExportHelperExtension.cs: 1364 - Unfixing component 36
2026-04-10 18:15:10,825 INFO  ExportHelperExtension.cs: 1364 - Unfixing component 33
2026-04-10 18:15:10,841 INFO  ExportHelperExtension.cs: 1364 - Unfixing component 34
2026-04-10 18:15:10,841 INFO  ExportHelperExtension.cs: 1364 - Unfixing component 95
2026-04-10 18:15:10,841 INFO  ExportHelperExtension.cs: 1364 - Unfixing component 94
2026-04-10 18:15:10,841 INFO  ExportHelperExtension.cs: 1364 - Unfixing component 105
2026-04-10 18:15:10,841 INFO  ExportHelperExtension.cs: 1364 - Unfixing component 412
2026-04-10 18:15:10,841 INFO  ExportHelperExtension.cs: 1364 - Unfixing component 25
2026-04-10 18:15:10,841 INFO  ExportHelperExtension.cs: 1364 - Unfixing component 55
2026-04-10 18:15:10,841 INFO  ExportHelperExtension.cs: 1364 - Unfixing component 44
2026-04-10 18:15:10,841 INFO  ExportHelperExtension.cs: 1364 - Unfixing component 28
2026-04-10 18:15:10,841 INFO  ExportHelperExtension.cs: 1364 - Unfixing component 27
2026-04-10 18:15:10,841 INFO  ExportHelperExtension.cs: 1364 - Unfixing component 395
2026-04-10 18:15:10,841 INFO  ExportHelperExtension.cs: 1364 - Unfixing component 391
2026-04-10 18:15:10,841 INFO  ExportHelperExtension.cs: 1364 - Unfixing component 388
2026-04-10 18:15:10,841 INFO  ExportHelperExtension.cs: 1364 - Unfixing component 399
2026-04-10 18:15:12,012 WARN  ExportHelperExtension.cs: 342 - Creating joint from parent Right_servo2 to child Right_prop failed
2026-04-10 18:15:12,846 INFO  ExportHelperExtension.cs: 1131 - Retrieving features of type [CoordSys] from Birotor_Assembly.SLDASM
2026-04-10 18:15:12,877 INFO  ExportHelperExtension.cs: 1142 - Found 147 in Birotor_Assembly.SLDASM
2026-04-10 18:15:12,877 INFO  ExportHelperExtension.cs: 1152 - Found 7 features of type [CoordSys] in Birotor_Assembly.SLDASM
2026-04-10 18:15:12,877 INFO  ExportHelperExtension.cs: 1155 - Proceeding through assembly components
2026-04-10 18:15:12,877 INFO  ExportHelperExtension.cs: 1167 - 36 components to check
2026-04-10 18:15:12,877 INFO  ExportHelperExtension.cs: 1131 - Retrieving features of type [CoordSys] from Landing_Gear_in-2
2026-04-10 18:15:12,877 INFO  ExportHelperExtension.cs: 1142 - Found 30 in Landing_Gear_in-2
2026-04-10 18:15:12,877 INFO  ExportHelperExtension.cs: 1152 - Found 0 features of type [CoordSys] in Landing_Gear_in-2
2026-04-10 18:15:12,877 INFO  ExportHelperExtension.cs: 1131 - Retrieving features of type [CoordSys] from Pixhawk Pro FC-1
2026-04-10 18:15:12,877 INFO  ExportHelperExtension.cs: 1142 - Found 23 in Pixhawk Pro FC-1
2026-04-10 18:15:12,877 INFO  ExportHelperExtension.cs: 1152 - Found 0 features of type [CoordSys] in Pixhawk Pro FC-1
2026-04-10 18:15:12,877 INFO  ExportHelperExtension.cs: 1131 - Retrieving features of type [CoordSys] from Landing_Gear_in-5
2026-04-10 18:15:12,877 INFO  ExportHelperExtension.cs: 1142 - Found 30 in Landing_Gear_in-5
2026-04-10 18:15:12,877 INFO  ExportHelperExtension.cs: 1152 - Found 0 features of type [CoordSys] in Landing_Gear_in-5
2026-04-10 18:15:12,877 INFO  ExportHelperExtension.cs: 1131 - Retrieving features of type [CoordSys] from Landing_Gear_in-4
2026-04-10 18:15:12,877 INFO  ExportHelperExtension.cs: 1142 - Found 30 in Landing_Gear_in-4
2026-04-10 18:15:12,877 INFO  ExportHelperExtension.cs: 1152 - Found 0 features of type [CoordSys] in Landing_Gear_in-4
2026-04-10 18:15:12,877 INFO  ExportHelperExtension.cs: 1131 - Retrieving features of type [CoordSys] from Turnigy_2200mAh_3S_20C_Lipo_Pack-1
2026-04-10 18:15:12,877 INFO  ExportHelperExtension.cs: 1142 - Found 29 in Turnigy_2200mAh_3S_20C_Lipo_Pack-1
2026-04-10 18:15:12,877 INFO  ExportHelperExtension.cs: 1152 - Found 0 features of type [CoordSys] in Turnigy_2200mAh_3S_20C_Lipo_Pack-1
2026-04-10 18:15:12,877 INFO  ExportHelperExtension.cs: 1131 - Retrieving features of type [CoordSys] from Landing_Gear_in-3
2026-04-10 18:15:12,877 INFO  ExportHelperExtension.cs: 1142 - Found 30 in Landing_Gear_in-3
2026-04-10 18:15:12,877 INFO  ExportHelperExtension.cs: 1152 - Found 0 features of type [CoordSys] in Landing_Gear_in-3
2026-04-10 18:15:12,877 INFO  ExportHelperExtension.cs: 1131 - Retrieving features of type [CoordSys] from BLDCMotor-1
2026-04-10 18:15:12,877 INFO  ExportHelperExtension.cs: 1142 - Found 70 in BLDCMotor-1
2026-04-10 18:15:12,877 INFO  ExportHelperExtension.cs: 1152 - Found 0 features of type [CoordSys] in BLDCMotor-1
2026-04-10 18:15:12,877 INFO  ExportHelperExtension.cs: 1131 - Retrieving features of type [CoordSys] from GPSBase-1
2026-04-10 18:15:12,877 INFO  ExportHelperExtension.cs: 1142 - Found 23 in GPSBase-1
2026-04-10 18:15:12,877 INFO  ExportHelperExtension.cs: 1152 - Found 0 features of type [CoordSys] in GPSBase-1
2026-04-10 18:15:12,877 INFO  ExportHelperExtension.cs: 1131 - Retrieving features of type [CoordSys] from ClampBottom-1
2026-04-10 18:15:12,930 INFO  ExportHelperExtension.cs: 1142 - Found 23 in ClampBottom-1
2026-04-10 18:15:12,930 INFO  ExportHelperExtension.cs: 1152 - Found 0 features of type [CoordSys] in ClampBottom-1
2026-04-10 18:15:12,930 INFO  ExportHelperExtension.cs: 1131 - Retrieving features of type [CoordSys] from GPSBottom-1
2026-04-10 18:15:12,930 INFO  ExportHelperExtension.cs: 1142 - Found 34 in GPSBottom-1
2026-04-10 18:15:12,930 INFO  ExportHelperExtension.cs: 1152 - Found 0 features of type [CoordSys] in GPSBottom-1
2026-04-10 18:15:12,930 INFO  ExportHelperExtension.cs: 1131 - Retrieving features of type [CoordSys] from Tube-1
2026-04-10 18:15:12,930 INFO  ExportHelperExtension.cs: 1142 - Found 26 in Tube-1
2026-04-10 18:15:12,930 INFO  ExportHelperExtension.cs: 1152 - Found 0 features of type [CoordSys] in Tube-1
2026-04-10 18:15:12,930 INFO  ExportHelperExtension.cs: 1131 - Retrieving features of type [CoordSys] from MotorMountBase-1
2026-04-10 18:15:12,930 INFO  ExportHelperExtension.cs: 1142 - Found 30 in MotorMountBase-1
2026-04-10 18:15:12,930 INFO  ExportHelperExtension.cs: 1152 - Found 0 features of type [CoordSys] in MotorMountBase-1
2026-04-10 18:15:12,930 INFO  ExportHelperExtension.cs: 1131 - Retrieving features of type [CoordSys] from VerticalSpacer-2
2026-04-10 18:15:12,930 INFO  ExportHelperExtension.cs: 1142 - Found 23 in VerticalSpacer-2
2026-04-10 18:15:12,930 INFO  ExportHelperExtension.cs: 1152 - Found 0 features of type [CoordSys] in VerticalSpacer-2
2026-04-10 18:15:12,930 INFO  ExportHelperExtension.cs: 1131 - Retrieving features of type [CoordSys] from BottomPlate-3
2026-04-10 18:15:12,930 INFO  ExportHelperExtension.cs: 1142 - Found 23 in BottomPlate-3
2026-04-10 18:15:12,930 INFO  ExportHelperExtension.cs: 1152 - Found 0 features of type [CoordSys] in BottomPlate-3
2026-04-10 18:15:12,930 INFO  ExportHelperExtension.cs: 1131 - Retrieving features of type [CoordSys] from Motor_Mount2_in-1
2026-04-10 18:15:12,930 INFO  ExportHelperExtension.cs: 1142 - Found 53 in Motor_Mount2_in-1
2026-04-10 18:15:12,930 INFO  ExportHelperExtension.cs: 1152 - Found 0 features of type [CoordSys] in Motor_Mount2_in-1
2026-04-10 18:15:12,930 INFO  ExportHelperExtension.cs: 1131 - Retrieving features of type [CoordSys] from VerticalSpacer-1
2026-04-10 18:15:12,930 INFO  ExportHelperExtension.cs: 1142 - Found 23 in VerticalSpacer-1
2026-04-10 18:15:12,930 INFO  ExportHelperExtension.cs: 1152 - Found 0 features of type [CoordSys] in VerticalSpacer-1
2026-04-10 18:15:12,930 INFO  ExportHelperExtension.cs: 1131 - Retrieving features of type [CoordSys] from TopPlate-3
2026-04-10 18:15:12,930 INFO  ExportHelperExtension.cs: 1142 - Found 25 in TopPlate-3
2026-04-10 18:15:12,930 INFO  ExportHelperExtension.cs: 1152 - Found 0 features of type [CoordSys] in TopPlate-3
2026-04-10 18:15:12,930 INFO  ExportHelperExtension.cs: 1131 - Retrieving features of type [CoordSys] from ClampTop-2
2026-04-10 18:15:12,930 INFO  ExportHelperExtension.cs: 1142 - Found 23 in ClampTop-2
2026-04-10 18:15:12,930 INFO  ExportHelperExtension.cs: 1152 - Found 0 features of type [CoordSys] in ClampTop-2
2026-04-10 18:15:12,930 INFO  ExportHelperExtension.cs: 1131 - Retrieving features of type [CoordSys] from MotorMount3-2
2026-04-10 18:15:12,930 INFO  ExportHelperExtension.cs: 1142 - Found 35 in MotorMount3-2
2026-04-10 18:15:12,930 INFO  ExportHelperExtension.cs: 1152 - Found 0 features of type [CoordSys] in MotorMount3-2
2026-04-10 18:15:12,930 INFO  ExportHelperExtension.cs: 1131 - Retrieving features of type [CoordSys] from MotorMountBase-2
2026-04-10 18:15:12,946 INFO  ExportHelperExtension.cs: 1142 - Found 30 in MotorMountBase-2
2026-04-10 18:15:12,946 INFO  ExportHelperExtension.cs: 1152 - Found 0 features of type [CoordSys] in MotorMountBase-2
2026-04-10 18:15:12,946 INFO  ExportHelperExtension.cs: 1131 - Retrieving features of type [CoordSys] from MotorMount3-1
2026-04-10 18:15:12,946 INFO  ExportHelperExtension.cs: 1142 - Found 35 in MotorMount3-1
2026-04-10 18:15:12,946 INFO  ExportHelperExtension.cs: 1152 - Found 0 features of type [CoordSys] in MotorMount3-1
2026-04-10 18:15:12,946 INFO  ExportHelperExtension.cs: 1131 - Retrieving features of type [CoordSys] from servoMG90S-1
2026-04-10 18:15:12,946 INFO  ExportHelperExtension.cs: 1142 - Found 53 in servoMG90S-1
2026-04-10 18:15:12,946 INFO  ExportHelperExtension.cs: 1152 - Found 0 features of type [CoordSys] in servoMG90S-1
2026-04-10 18:15:12,946 INFO  ExportHelperExtension.cs: 1131 - Retrieving features of type [CoordSys] from MotorMount1-1
2026-04-10 18:15:12,946 INFO  ExportHelperExtension.cs: 1142 - Found 23 in MotorMount1-1
2026-04-10 18:15:12,946 INFO  ExportHelperExtension.cs: 1152 - Found 0 features of type [CoordSys] in MotorMount1-1
2026-04-10 18:15:12,946 INFO  ExportHelperExtension.cs: 1131 - Retrieving features of type [CoordSys] from MotorMount1-4
2026-04-10 18:15:12,946 INFO  ExportHelperExtension.cs: 1142 - Found 23 in MotorMount1-4
2026-04-10 18:15:12,946 INFO  ExportHelperExtension.cs: 1152 - Found 0 features of type [CoordSys] in MotorMount1-4
2026-04-10 18:15:12,946 INFO  ExportHelperExtension.cs: 1131 - Retrieving features of type [CoordSys] from servoMG90S-7
2026-04-10 18:15:12,946 INFO  ExportHelperExtension.cs: 1142 - Found 53 in servoMG90S-7
2026-04-10 18:15:12,946 INFO  ExportHelperExtension.cs: 1152 - Found 0 features of type [CoordSys] in servoMG90S-7
2026-04-10 18:15:12,946 INFO  ExportHelperExtension.cs: 1131 - Retrieving features of type [CoordSys] from BLDCMotor_in-3
2026-04-10 18:15:12,946 INFO  ExportHelperExtension.cs: 1142 - Found 70 in BLDCMotor_in-3
2026-04-10 18:15:12,946 INFO  ExportHelperExtension.cs: 1152 - Found 0 features of type [CoordSys] in BLDCMotor_in-3
2026-04-10 18:15:12,946 INFO  ExportHelperExtension.cs: 1131 - Retrieving features of type [CoordSys] from Part2^Birotor_Assembly-1
2026-04-10 18:15:12,946 INFO  ExportHelperExtension.cs: 1142 - Found 24 in Part2^Birotor_Assembly-1
2026-04-10 18:15:12,946 INFO  ExportHelperExtension.cs: 1152 - Found 0 features of type [CoordSys] in Part2^Birotor_Assembly-1
2026-04-10 18:15:12,946 INFO  ExportHelperExtension.cs: 1131 - Retrieving features of type [CoordSys] from Propeller CCW Puller-1
2026-04-10 18:15:12,946 INFO  ExportHelperExtension.cs: 1142 - Found 23 in Propeller CCW Puller-1
2026-04-10 18:15:12,946 INFO  ExportHelperExtension.cs: 1152 - Found 0 features of type [CoordSys] in Propeller CCW Puller-1
2026-04-10 18:15:12,946 INFO  ExportHelperExtension.cs: 1131 - Retrieving features of type [CoordSys] from Propeller CW Puller-1
2026-04-10 18:15:12,946 INFO  ExportHelperExtension.cs: 1142 - Found 23 in Propeller CW Puller-1
2026-04-10 18:15:12,946 INFO  ExportHelperExtension.cs: 1152 - Found 0 features of type [CoordSys] in Propeller CW Puller-1
2026-04-10 18:15:12,946 INFO  ExportHelperExtension.cs: 1131 - Retrieving features of type [CoordSys] from MG90S horn_in-1
2026-04-10 18:15:12,946 INFO  ExportHelperExtension.cs: 1142 - Found 23 in MG90S horn_in-1
2026-04-10 18:15:12,946 INFO  ExportHelperExtension.cs: 1152 - Found 0 features of type [CoordSys] in MG90S horn_in-1
2026-04-10 18:15:12,946 INFO  ExportHelperExtension.cs: 1131 - Retrieving features of type [CoordSys] from MG90S horn_in-2
2026-04-10 18:15:12,946 INFO  ExportHelperExtension.cs: 1142 - Found 23 in MG90S horn_in-2
2026-04-10 18:15:12,946 INFO  ExportHelperExtension.cs: 1152 - Found 0 features of type [CoordSys] in MG90S horn_in-2
2026-04-10 18:15:12,962 INFO  ExportHelperExtension.cs: 1131 - Retrieving features of type [CoordSys] from servoMG90S-4
2026-04-10 18:15:12,962 INFO  ExportHelperExtension.cs: 1142 - Found 53 in servoMG90S-4
2026-04-10 18:15:12,962 INFO  ExportHelperExtension.cs: 1152 - Found 0 features of type [CoordSys] in servoMG90S-4
2026-04-10 18:15:12,962 INFO  ExportHelperExtension.cs: 1131 - Retrieving features of type [CoordSys] from MG90S horn_in-5
2026-04-10 18:15:12,962 INFO  ExportHelperExtension.cs: 1142 - Found 23 in MG90S horn_in-5
2026-04-10 18:15:12,962 INFO  ExportHelperExtension.cs: 1152 - Found 0 features of type [CoordSys] in MG90S horn_in-5
2026-04-10 18:15:12,962 INFO  ExportHelperExtension.cs: 1131 - Retrieving features of type [CoordSys] from MG90S horn_in-7
2026-04-10 18:15:12,962 INFO  ExportHelperExtension.cs: 1142 - Found 23 in MG90S horn_in-7
2026-04-10 18:15:12,962 INFO  ExportHelperExtension.cs: 1152 - Found 0 features of type [CoordSys] in MG90S horn_in-7
2026-04-10 18:15:12,962 INFO  ExportHelperExtension.cs: 1131 - Retrieving features of type [CoordSys] from Motor_Mount2-2
2026-04-10 18:15:12,962 INFO  ExportHelperExtension.cs: 1142 - Found 53 in Motor_Mount2-2
2026-04-10 18:15:12,962 INFO  ExportHelperExtension.cs: 1152 - Found 0 features of type [CoordSys] in Motor_Mount2-2
2026-04-10 18:15:12,962 INFO  ExportHelperExtension.cs: 1131 - Retrieving features of type [CoordSys] from servoMG90S-2
2026-04-10 18:15:12,962 INFO  ExportHelperExtension.cs: 1142 - Found 53 in servoMG90S-2
2026-04-10 18:15:12,962 INFO  ExportHelperExtension.cs: 1152 - Found 0 features of type [CoordSys] in servoMG90S-2
2026-04-10 18:15:12,962 INFO  ExportHelperExtension.cs: 1131 - Retrieving features of type [RefAxis] from Birotor_Assembly.SLDASM
2026-04-10 18:15:12,962 INFO  ExportHelperExtension.cs: 1142 - Found 147 in Birotor_Assembly.SLDASM
2026-04-10 18:15:12,962 INFO  ExportHelperExtension.cs: 1152 - Found 0 features of type [RefAxis] in Birotor_Assembly.SLDASM
2026-04-10 18:15:12,962 INFO  ExportHelperExtension.cs: 1155 - Proceeding through assembly components
2026-04-10 18:15:12,962 INFO  ExportHelperExtension.cs: 1167 - 36 components to check
2026-04-10 18:15:12,962 INFO  ExportHelperExtension.cs: 1131 - Retrieving features of type [RefAxis] from Landing_Gear_in-2
2026-04-10 18:15:12,962 INFO  ExportHelperExtension.cs: 1142 - Found 30 in Landing_Gear_in-2
2026-04-10 18:15:12,962 INFO  ExportHelperExtension.cs: 1152 - Found 0 features of type [RefAxis] in Landing_Gear_in-2
2026-04-10 18:15:12,962 INFO  ExportHelperExtension.cs: 1131 - Retrieving features of type [RefAxis] from Pixhawk Pro FC-1
2026-04-10 18:15:12,962 INFO  ExportHelperExtension.cs: 1142 - Found 23 in Pixhawk Pro FC-1
2026-04-10 18:15:12,962 INFO  ExportHelperExtension.cs: 1152 - Found 0 features of type [RefAxis] in Pixhawk Pro FC-1
2026-04-10 18:15:12,962 INFO  ExportHelperExtension.cs: 1131 - Retrieving features of type [RefAxis] from Landing_Gear_in-5
2026-04-10 18:15:12,962 INFO  ExportHelperExtension.cs: 1142 - Found 30 in Landing_Gear_in-5
2026-04-10 18:15:12,962 INFO  ExportHelperExtension.cs: 1152 - Found 0 features of type [RefAxis] in Landing_Gear_in-5
2026-04-10 18:15:12,962 INFO  ExportHelperExtension.cs: 1131 - Retrieving features of type [RefAxis] from Landing_Gear_in-4
2026-04-10 18:15:12,962 INFO  ExportHelperExtension.cs: 1142 - Found 30 in Landing_Gear_in-4
2026-04-10 18:15:12,962 INFO  ExportHelperExtension.cs: 1152 - Found 0 features of type [RefAxis] in Landing_Gear_in-4
2026-04-10 18:15:12,962 INFO  ExportHelperExtension.cs: 1131 - Retrieving features of type [RefAxis] from Turnigy_2200mAh_3S_20C_Lipo_Pack-1
2026-04-10 18:15:12,962 INFO  ExportHelperExtension.cs: 1142 - Found 29 in Turnigy_2200mAh_3S_20C_Lipo_Pack-1
2026-04-10 18:15:12,962 INFO  ExportHelperExtension.cs: 1152 - Found 0 features of type [RefAxis] in Turnigy_2200mAh_3S_20C_Lipo_Pack-1
2026-04-10 18:15:12,977 INFO  ExportHelperExtension.cs: 1131 - Retrieving features of type [RefAxis] from Landing_Gear_in-3
2026-04-10 18:15:12,977 INFO  ExportHelperExtension.cs: 1142 - Found 30 in Landing_Gear_in-3
2026-04-10 18:15:12,977 INFO  ExportHelperExtension.cs: 1152 - Found 0 features of type [RefAxis] in Landing_Gear_in-3
2026-04-10 18:15:12,977 INFO  ExportHelperExtension.cs: 1131 - Retrieving features of type [RefAxis] from BLDCMotor-1
2026-04-10 18:15:12,977 INFO  ExportHelperExtension.cs: 1142 - Found 70 in BLDCMotor-1
2026-04-10 18:15:12,977 INFO  ExportHelperExtension.cs: 1152 - Found 0 features of type [RefAxis] in BLDCMotor-1
2026-04-10 18:15:12,977 INFO  ExportHelperExtension.cs: 1131 - Retrieving features of type [RefAxis] from GPSBase-1
2026-04-10 18:15:12,977 INFO  ExportHelperExtension.cs: 1142 - Found 23 in GPSBase-1
2026-04-10 18:15:12,977 INFO  ExportHelperExtension.cs: 1152 - Found 0 features of type [RefAxis] in GPSBase-1
2026-04-10 18:15:12,977 INFO  ExportHelperExtension.cs: 1131 - Retrieving features of type [RefAxis] from ClampBottom-1
2026-04-10 18:15:12,993 INFO  ExportHelperExtension.cs: 1142 - Found 23 in ClampBottom-1
2026-04-10 18:15:12,993 INFO  ExportHelperExtension.cs: 1152 - Found 0 features of type [RefAxis] in ClampBottom-1
2026-04-10 18:15:12,993 INFO  ExportHelperExtension.cs: 1131 - Retrieving features of type [RefAxis] from GPSBottom-1
2026-04-10 18:15:12,993 INFO  ExportHelperExtension.cs: 1142 - Found 34 in GPSBottom-1
2026-04-10 18:15:12,993 INFO  ExportHelperExtension.cs: 1152 - Found 0 features of type [RefAxis] in GPSBottom-1
2026-04-10 18:15:12,993 INFO  ExportHelperExtension.cs: 1131 - Retrieving features of type [RefAxis] from Tube-1
2026-04-10 18:15:12,993 INFO  ExportHelperExtension.cs: 1142 - Found 26 in Tube-1
2026-04-10 18:15:12,993 INFO  ExportHelperExtension.cs: 1152 - Found 0 features of type [RefAxis] in Tube-1
2026-04-10 18:15:12,993 INFO  ExportHelperExtension.cs: 1131 - Retrieving features of type [RefAxis] from MotorMountBase-1
2026-04-10 18:15:12,993 INFO  ExportHelperExtension.cs: 1142 - Found 30 in MotorMountBase-1
2026-04-10 18:15:12,993 INFO  ExportHelperExtension.cs: 1152 - Found 0 features of type [RefAxis] in MotorMountBase-1
2026-04-10 18:15:12,993 INFO  ExportHelperExtension.cs: 1131 - Retrieving features of type [RefAxis] from VerticalSpacer-2
2026-04-10 18:15:12,993 INFO  ExportHelperExtension.cs: 1142 - Found 23 in VerticalSpacer-2
2026-04-10 18:15:12,993 INFO  ExportHelperExtension.cs: 1152 - Found 0 features of type [RefAxis] in VerticalSpacer-2
2026-04-10 18:15:12,993 INFO  ExportHelperExtension.cs: 1131 - Retrieving features of type [RefAxis] from BottomPlate-3
2026-04-10 18:15:12,993 INFO  ExportHelperExtension.cs: 1142 - Found 23 in BottomPlate-3
2026-04-10 18:15:12,993 INFO  ExportHelperExtension.cs: 1152 - Found 0 features of type [RefAxis] in BottomPlate-3
2026-04-10 18:15:12,993 INFO  ExportHelperExtension.cs: 1131 - Retrieving features of type [RefAxis] from Motor_Mount2_in-1
2026-04-10 18:15:12,999 INFO  ExportHelperExtension.cs: 1142 - Found 53 in Motor_Mount2_in-1
2026-04-10 18:15:12,999 INFO  ExportHelperExtension.cs: 1152 - Found 0 features of type [RefAxis] in Motor_Mount2_in-1
2026-04-10 18:15:12,999 INFO  ExportHelperExtension.cs: 1131 - Retrieving features of type [RefAxis] from VerticalSpacer-1
2026-04-10 18:15:12,999 INFO  ExportHelperExtension.cs: 1142 - Found 23 in VerticalSpacer-1
2026-04-10 18:15:12,999 INFO  ExportHelperExtension.cs: 1152 - Found 0 features of type [RefAxis] in VerticalSpacer-1
2026-04-10 18:15:12,999 INFO  ExportHelperExtension.cs: 1131 - Retrieving features of type [RefAxis] from TopPlate-3
2026-04-10 18:15:12,999 INFO  ExportHelperExtension.cs: 1142 - Found 25 in TopPlate-3
2026-04-10 18:15:12,999 INFO  ExportHelperExtension.cs: 1152 - Found 0 features of type [RefAxis] in TopPlate-3
2026-04-10 18:15:12,999 INFO  ExportHelperExtension.cs: 1131 - Retrieving features of type [RefAxis] from ClampTop-2
2026-04-10 18:15:12,999 INFO  ExportHelperExtension.cs: 1142 - Found 23 in ClampTop-2
2026-04-10 18:15:12,999 INFO  ExportHelperExtension.cs: 1152 - Found 0 features of type [RefAxis] in ClampTop-2
2026-04-10 18:15:12,999 INFO  ExportHelperExtension.cs: 1131 - Retrieving features of type [RefAxis] from MotorMount3-2
2026-04-10 18:15:12,999 INFO  ExportHelperExtension.cs: 1142 - Found 35 in MotorMount3-2
2026-04-10 18:15:12,999 INFO  ExportHelperExtension.cs: 1152 - Found 0 features of type [RefAxis] in MotorMount3-2
2026-04-10 18:15:12,999 INFO  ExportHelperExtension.cs: 1131 - Retrieving features of type [RefAxis] from MotorMountBase-2
2026-04-10 18:15:12,999 INFO  ExportHelperExtension.cs: 1142 - Found 30 in MotorMountBase-2
2026-04-10 18:15:12,999 INFO  ExportHelperExtension.cs: 1152 - Found 0 features of type [RefAxis] in MotorMountBase-2
2026-04-10 18:15:12,999 INFO  ExportHelperExtension.cs: 1131 - Retrieving features of type [RefAxis] from MotorMount3-1
2026-04-10 18:15:12,999 INFO  ExportHelperExtension.cs: 1142 - Found 35 in MotorMount3-1
2026-04-10 18:15:12,999 INFO  ExportHelperExtension.cs: 1152 - Found 0 features of type [RefAxis] in MotorMount3-1
2026-04-10 18:15:12,999 INFO  ExportHelperExtension.cs: 1131 - Retrieving features of type [RefAxis] from servoMG90S-1
2026-04-10 18:15:12,999 INFO  ExportHelperExtension.cs: 1142 - Found 53 in servoMG90S-1
2026-04-10 18:15:12,999 INFO  ExportHelperExtension.cs: 1152 - Found 0 features of type [RefAxis] in servoMG90S-1
2026-04-10 18:15:12,999 INFO  ExportHelperExtension.cs: 1131 - Retrieving features of type [RefAxis] from MotorMount1-1
2026-04-10 18:15:12,999 INFO  ExportHelperExtension.cs: 1142 - Found 23 in MotorMount1-1
2026-04-10 18:15:12,999 INFO  ExportHelperExtension.cs: 1152 - Found 0 features of type [RefAxis] in MotorMount1-1
2026-04-10 18:15:12,999 INFO  ExportHelperExtension.cs: 1131 - Retrieving features of type [RefAxis] from MotorMount1-4
2026-04-10 18:15:12,999 INFO  ExportHelperExtension.cs: 1142 - Found 23 in MotorMount1-4
2026-04-10 18:15:12,999 INFO  ExportHelperExtension.cs: 1152 - Found 0 features of type [RefAxis] in MotorMount1-4
2026-04-10 18:15:12,999 INFO  ExportHelperExtension.cs: 1131 - Retrieving features of type [RefAxis] from servoMG90S-7
2026-04-10 18:15:12,999 INFO  ExportHelperExtension.cs: 1142 - Found 53 in servoMG90S-7
2026-04-10 18:15:12,999 INFO  ExportHelperExtension.cs: 1152 - Found 0 features of type [RefAxis] in servoMG90S-7
2026-04-10 18:15:12,999 INFO  ExportHelperExtension.cs: 1131 - Retrieving features of type [RefAxis] from BLDCMotor_in-3
2026-04-10 18:15:12,999 INFO  ExportHelperExtension.cs: 1142 - Found 70 in BLDCMotor_in-3
2026-04-10 18:15:12,999 INFO  ExportHelperExtension.cs: 1152 - Found 0 features of type [RefAxis] in BLDCMotor_in-3
2026-04-10 18:15:12,999 INFO  ExportHelperExtension.cs: 1131 - Retrieving features of type [RefAxis] from Part2^Birotor_Assembly-1
2026-04-10 18:15:12,999 INFO  ExportHelperExtension.cs: 1142 - Found 24 in Part2^Birotor_Assembly-1
2026-04-10 18:15:12,999 INFO  ExportHelperExtension.cs: 1152 - Found 0 features of type [RefAxis] in Part2^Birotor_Assembly-1
2026-04-10 18:15:12,999 INFO  ExportHelperExtension.cs: 1131 - Retrieving features of type [RefAxis] from Propeller CCW Puller-1
2026-04-10 18:15:12,999 INFO  ExportHelperExtension.cs: 1142 - Found 23 in Propeller CCW Puller-1
2026-04-10 18:15:12,999 INFO  ExportHelperExtension.cs: 1152 - Found 0 features of type [RefAxis] in Propeller CCW Puller-1
2026-04-10 18:15:12,999 INFO  ExportHelperExtension.cs: 1131 - Retrieving features of type [RefAxis] from Propeller CW Puller-1
2026-04-10 18:15:12,999 INFO  ExportHelperExtension.cs: 1142 - Found 23 in Propeller CW Puller-1
2026-04-10 18:15:13,015 INFO  ExportHelperExtension.cs: 1152 - Found 0 features of type [RefAxis] in Propeller CW Puller-1
2026-04-10 18:15:13,015 INFO  ExportHelperExtension.cs: 1131 - Retrieving features of type [RefAxis] from MG90S horn_in-1
2026-04-10 18:15:13,015 INFO  ExportHelperExtension.cs: 1142 - Found 23 in MG90S horn_in-1
2026-04-10 18:15:13,015 INFO  ExportHelperExtension.cs: 1152 - Found 0 features of type [RefAxis] in MG90S horn_in-1
2026-04-10 18:15:13,015 INFO  ExportHelperExtension.cs: 1131 - Retrieving features of type [RefAxis] from MG90S horn_in-2
2026-04-10 18:15:13,015 INFO  ExportHelperExtension.cs: 1142 - Found 23 in MG90S horn_in-2
2026-04-10 18:15:13,015 INFO  ExportHelperExtension.cs: 1152 - Found 0 features of type [RefAxis] in MG90S horn_in-2
2026-04-10 18:15:13,015 INFO  ExportHelperExtension.cs: 1131 - Retrieving features of type [RefAxis] from servoMG90S-4
2026-04-10 18:15:13,015 INFO  ExportHelperExtension.cs: 1142 - Found 53 in servoMG90S-4
2026-04-10 18:15:13,015 INFO  ExportHelperExtension.cs: 1152 - Found 0 features of type [RefAxis] in servoMG90S-4
2026-04-10 18:15:13,015 INFO  ExportHelperExtension.cs: 1131 - Retrieving features of type [RefAxis] from MG90S horn_in-5
2026-04-10 18:15:13,015 INFO  ExportHelperExtension.cs: 1142 - Found 23 in MG90S horn_in-5
2026-04-10 18:15:13,015 INFO  ExportHelperExtension.cs: 1152 - Found 0 features of type [RefAxis] in MG90S horn_in-5
2026-04-10 18:15:13,015 INFO  ExportHelperExtension.cs: 1131 - Retrieving features of type [RefAxis] from MG90S horn_in-7
2026-04-10 18:15:13,015 INFO  ExportHelperExtension.cs: 1142 - Found 23 in MG90S horn_in-7
2026-04-10 18:15:13,015 INFO  ExportHelperExtension.cs: 1152 - Found 0 features of type [RefAxis] in MG90S horn_in-7
2026-04-10 18:15:13,015 INFO  ExportHelperExtension.cs: 1131 - Retrieving features of type [RefAxis] from Motor_Mount2-2
2026-04-10 18:15:13,015 INFO  ExportHelperExtension.cs: 1142 - Found 53 in Motor_Mount2-2
2026-04-10 18:15:13,015 INFO  ExportHelperExtension.cs: 1152 - Found 0 features of type [RefAxis] in Motor_Mount2-2
2026-04-10 18:15:13,015 INFO  ExportHelperExtension.cs: 1131 - Retrieving features of type [RefAxis] from servoMG90S-2
2026-04-10 18:15:13,015 INFO  ExportHelperExtension.cs: 1142 - Found 53 in servoMG90S-2
2026-04-10 18:15:13,015 INFO  ExportHelperExtension.cs: 1152 - Found 0 features of type [RefAxis] in servoMG90S-2
2026-04-10 18:15:13,078 INFO  ExportPropertyManager.cs: 1184 - AfterClose called. This method no longer throws an Exception. It just silently does nothing. Ok, except for this logging message
2026-04-10 18:20:25,975 INFO  AssemblyExportForm.cs: 254 - Completing URDF export
2026-04-10 18:20:26,006 INFO  Serialization.cs: 275 - URDF Configuration found
<Link z:Id="i1" xmlns="http://schemas.datacontract.org/2004/07/SW2URDF" xmlns:i="http://www.w3.org/2001/XMLSchema-instance" xmlns:z="http://schemas.microsoft.com/2003/10/Serialization/"><Attributes><Attribute z:Id="i2"><AttributeType>name</AttributeType><IsRequired>true</IsRequired><Value i:type="a:string" xmlns:a="http://www.w3.org/2001/XMLSchema">base_link</Value></Attribute></Attributes><ChildElements><URDFElement z:Id="i3" i:type="Inertial"><Attributes/><ChildElements><URDFElement z:Id="i4" i:type="Origin"><Attributes><Attribute z:Id="i5"><AttributeType>xyz</AttributeType><IsRequired>true</IsRequired><Value i:type="a:ArrayOfdouble" xmlns:a="http://schemas.microsoft.com/2003/10/Serialization/Arrays"><a:double>0</a:double><a:double>0</a:double><a:double>0</a:double></Value></Attribute><Attribute z:Id="i6"><AttributeType>rpy</AttributeType><IsRequired>true</IsRequired><Value i:type="a:ArrayOfdouble" xmlns:a="http://schemas.microsoft.com/2003/10/Serialization/Arrays"><a:double>0</a:double><a:double>0</a:double><a:double>0</a:double></Value></Attribute></Attributes><ChildElements/><ElementName>origin</ElementName><required>false</required><RPYAttribute z:Ref="i6"/><XYZAttribute z:Ref="i5"/><isCustomized>false</isCustomized></URDFElement><URDFElement z:Id="i7" i:type="Mass"><Attributes><Attribute z:Id="i8"><AttributeType>value</AttributeType><IsRequired>true</IsRequired><Value i:type="a:double" xmlns:a="http://www.w3.org/2001/XMLSchema">0</Value></Attribute></Attributes><ChildElements/><ElementName>mass</ElementName><required>false</required><ValueAttribute z:Ref="i8"/></URDFElement><URDFElement z:Id="i9" i:type="Inertia"><Attributes><Attribute z:Id="i10"><AttributeType>ixx</AttributeType><IsRequired>true</IsRequired><Value i:type="a:double" xmlns:a="http://www.w3.org/2001/XMLSchema">0</Value></Attribute><Attribute z:Id="i11"><AttributeType>ixy</AttributeType><IsRequired>true</IsRequired><Value i:type="a:double" xmlns:a="http://www.w3.org/2001/XMLSchema">0</Value></Attribute><Attribute z:Id="i12"><AttributeType>ixz</AttributeType><IsRequired>true</IsRequired><Value i:type="a:double" xmlns:a="http://www.w3.org/2001/XMLSchema">0</Value></Attribute><Attribute z:Id="i13"><AttributeType>iyy</AttributeType><IsRequired>true</IsRequired><Value i:type="a:double" xmlns:a="http://www.w3.org/2001/XMLSchema">0</Value></Attribute><Attribute z:Id="i14"><AttributeType>iyz</AttributeType><IsRequired>true</IsRequired><Value i:type="a:double" xmlns:a="http://www.w3.org/2001/XMLSchema">0</Value></Attribute><Attribute z:Id="i15"><AttributeType>izz</AttributeType><IsRequired>true</IsRequired><Value i:type="a:double" xmlns:a="http://www.w3.org/2001/XMLSchema">0</Value></Attribute></Attributes><ChildElements/><ElementName>inertia</ElementName><required>false</required><IxxAttribute z:Ref="i10"/><IxyAttribute z:Ref="i11"/><IxzAttribute z:Ref="i12"/><IyyAttribute z:Ref="i13"/><IyzAttribute z:Ref="i14"/><IzzAttribute z:Ref="i15"/></URDFElement></ChildElements><ElementName>inertial</ElementName><required>false</required><Inertia z:Ref="i9"/><Mass z:Ref="i7"/><Origin z:Ref="i4"/></URDFElement><URDFElement z:Id="i16" i:type="Visual"><Attributes/><ChildElements><URDFElement z:Id="i17" i:type="Origin"><Attributes><Attribute z:Id="i18"><AttributeType>xyz</AttributeType><IsRequired>true</IsRequired><Value i:type="a:ArrayOfdouble" xmlns:a="http://schemas.microsoft.com/2003/10/Serialization/Arrays"><a:double>0</a:double><a:double>0</a:double><a:double>0</a:double></Value></Attribute><Attribute z:Id="i19"><AttributeType>rpy</AttributeType><IsRequired>true</IsRequired><Value i:type="a:ArrayOfdouble" xmlns:a="http://schemas.microsoft.com/2003/10/Serialization/Arrays"><a:double>0</a:double><a:double>0</a:double><a:double>0</a:double></Value></Attribute></Attributes><ChildElements/><ElementName>origin</ElementName><required>false</required><RPYAttribute z:Ref="i19"/><XYZAttribute z:Ref="i18"/><isCustomized>false</isCustomized></URDFElement><URDFElement z:Id="i20" i:type="Geometry"><Attributes/><ChildElements><URDFElement z:Id="i21" i:type="Mesh"><Attributes><Attribute z:Id="i22"><AttributeType>filename</AttributeType><IsRequired>true</IsRequired><Value i:nil="true"/></Attribute></Attributes><ChildElements/><ElementName>mesh</ElementName><required>false</required><FilenameAttribute z:Ref="i22"/></URDFElement></ChildElements><ElementName>geometry</ElementName><required>true</required><Mesh z:Ref="i21"/></URDFElement><URDFElement z:Id="i23" i:type="Material"><Attributes><Attribute z:Id="i24"><AttributeType>name</AttributeType><IsRequired>true</IsRequired><Value i:type="a:string" xmlns:a="http://www.w3.org/2001/XMLSchema"/></Attribute></Attributes><ChildElements><URDFElement z:Id="i25" i:type="Color"><Attributes><Attribute z:Id="i26"><AttributeType>rgba</AttributeType><IsRequired>true</IsRequired><Value i:type="a:ArrayOfdouble" xmlns:a="http://schemas.microsoft.com/2003/10/Serialization/Arrays"><a:double>1</a:double><a:double>1</a:double><a:double>1</a:double><a:double>1</a:double></Value></Attribute></Attributes><ChildElements/><ElementName>color</ElementName><required>false</required><RGBAAttribute z:Ref="i26"/></URDFElement><URDFElement z:Id="i27" i:type="Texture"><Attributes><Attribute z:Id="i28"><AttributeType>filename</AttributeType><IsRequired>true</IsRequired><Value i:nil="true"/></Attribute></Attributes><ChildElements/><ElementName>texture</ElementName><required>false</required><FilenameAttribute z:Ref="i28"/><wFilename/></URDFElement></ChildElements><ElementName>material</ElementName><required>false</required><Color z:Ref="i25"/><NameAttribute z:Ref="i24"/><Texture z:Ref="i27"/></URDFElement></ChildElements><ElementName>visual</ElementName><required>false</required><Geometry z:Ref="i20"/><Material z:Ref="i23"/><Origin z:Ref="i17"/></URDFElement><URDFElement z:Id="i29" i:type="Collision"><Attributes/><ChildElements><URDFElement z:Id="i30" i:type="Origin"><Attributes><Attribute z:Id="i31"><AttributeType>xyz</AttributeType><IsRequired>true</IsRequired><Value i:type="a:ArrayOfdouble" xmlns:a="http://schemas.microsoft.com/2003/10/Serialization/Arrays"><a:double>0</a:double><a:double>0</a:double><a:double>0</a:double></Value></Attribute><Attribute z:Id="i32"><AttributeType>rpy</AttributeType><IsRequired>true</IsRequired><Value i:type="a:ArrayOfdouble" xmlns:a="http://schemas.microsoft.com/2003/10/Serialization/Arrays"><a:double>0</a:double><a:double>0</a:double><a:double>0</a:double></Value></Attribute></Attributes><ChildElements/><ElementName>origin</ElementName><required>false</required><RPYAttribute z:Ref="i32"/><XYZAttribute z:Ref="i31"/><isCustomized>false</isCustomized></URDFElement><URDFElement z:Id="i33" i:type="Geometry"><Attributes/><ChildElements><URDFElement z:Id="i34" i:type="Mesh"><Attributes><Attribute z:Id="i35"><AttributeType>filename</AttributeType><IsRequired>true</IsRequired><Value i:nil="true"/></Attribute></Attributes><ChildElements/><ElementName>mesh</ElementName><required>false</required><FilenameAttribute z:Ref="i35"/></URDFElement></ChildElements><ElementName>geometry</ElementName><required>true</required><Mesh z:Ref="i34"/></URDFElement></ChildElements><ElementName>collision</ElementName><required>false</required><Geometry z:Ref="i33"/><Origin z:Ref="i30"/></URDFElement><URDFElement z:Id="i36" i:type="Joint"><Attributes><Attribute z:Id="i37"><AttributeType>name</AttributeType><IsRequired>true</IsRequired><Value i:type="a:string" xmlns:a="http://www.w3.org/2001/XMLSchema"/></Attribute><Attribute z:Id="i38"><AttributeType>type</AttributeType><IsRequired>true</IsRequired><Value i:type="a:string" xmlns:a="http://www.w3.org/2001/XMLSchema"/></Attribute></Attributes><ChildElements><URDFElement z:Id="i39" i:type="Origin"><Attributes><Attribute z:Id="i40"><AttributeType>xyz</AttributeType><IsRequired>true</IsRequired><Value i:type="a:ArrayOfdouble" xmlns:a="http://schemas.microsoft.com/2003/10/Serialization/Arrays"><a:double>0</a:double><a:double>0</a:double><a:double>0</a:double></Value></Attribute><Attribute z:Id="i41"><AttributeType>rpy</AttributeType><IsRequired>true</IsRequired><Value i:type="a:ArrayOfdouble" xmlns:a="http://schemas.microsoft.com/2003/10/Serialization/Arrays"><a:double>0</a:double><a:double>0</a:double><a:double>0</a:double></Value></Attribute></Attributes><ChildElements/><ElementName>origin</ElementName><required>false</required><RPYAttribute z:Ref="i41"/><XYZAttribute z:Ref="i40"/><isCustomized>false</isCustomized></URDFElement><URDFElement z:Id="i42" i:type="ParentLink"><Attributes><Attribute z:Id="i43"><AttributeType>link</AttributeType><IsRequired>true</IsRequired><Value i:type="a:string" xmlns:a="http://www.w3.org/2001/XMLSchema"/></Attribute></Attributes><ChildElements/><ElementName>parent</ElementName><required>true</required><NameAttribute z:Ref="i43"/></URDFElement><URDFElement z:Id="i44" i:type="ChildLink"><Attributes><Attribute z:Id="i45"><AttributeType>link</AttributeType><IsRequired>true</IsRequired><Value i:type="a:string" xmlns:a="http://www.w3.org/2001/XMLSchema"/></Attribute></Attributes><ChildElements/><ElementName>child</ElementName><required>true</required><NameAttribute z:Ref="i45"/></URDFElement><URDFElement z:Id="i46" i:type="Axis"><Attributes><Attribute z:Id="i47"><AttributeType>xyz</AttributeType><IsRequired>true</IsRequired><Value i:type="a:ArrayOfdouble" xmlns:a="http://schemas.microsoft.com/2003/10/Serialization/Arrays"><a:double>0</a:double><a:double>0</a:double><a:double>0</a:double></Value></Attribute></Attributes><ChildElements/><ElementName>axis</ElementName><required>false</required><XYZAttribute z:Ref="i47"/></URDFElement><URDFElement z:Id="i48" i:type="Limit"><Attributes><Attribute z:Id="i49"><AttributeType>lower</AttributeType><IsRequired>false</IsRequired><Value i:nil="true"/></Attribute><Attribute z:Id="i50"><AttributeType>upper</AttributeType><IsRequired>false</IsRequired><Value i:nil="true"/></Attribute><Attribute z:Id="i51"><AttributeType>effort</AttributeType><IsRequired>true</IsRequired><Value i:nil="true"/></Attribute><Attribute z:Id="i52"><AttributeType>velocity</AttributeType><IsRequired>true</IsRequired><Value i:nil="true"/></Attribute></Attributes><ChildElements/><ElementName>limit</ElementName><required>false</required><EffortAttribute z:Ref="i51"/><LowerAttribute z:Ref="i49"/><UpperAttribute z:Ref="i50"/><VelocityAttribute z:Ref="i52"/></URDFElement><URDFElement z:Id="i53" i:type="Calibration"><Attributes><Attribute z:Id="i54"><AttributeType>rising</AttributeType><IsRequired>false</IsRequired><Value i:nil="true"/></Attribute><Attribute z:Id="i55"><AttributeType>falling</AttributeType><IsRequired>false</IsRequired><Value i:nil="true"/></Attribute></Attributes><ChildElements/><ElementName>calibration</ElementName><required>false</required><FallingAttribute z:Ref="i55"/><RisingAttribute z:Ref="i54"/></URDFElement><URDFElement z:Id="i56" i:type="Dynamics"><Attributes><Attribute z:Id="i57"><AttributeType>damping</AttributeType><IsRequired>false</IsRequired><Value i:nil="true"/></Attribute><Attribute z:Id="i58"><AttributeType>friction</AttributeType><IsRequired>false</IsRequired><Value i:nil="true"/></Attribute></Attributes><ChildElements/><ElementName>dynamics</ElementName><required>false</required><DampingAttribute z:Ref="i57"/><FrictionAttribute z:Ref="i58"/></URDFElement><URDFElement z:Id="i59" i:type="SafetyController"><Attributes><Attribute z:Id="i60"><AttributeType>soft_upper</AttributeType><IsRequired>false</IsRequired><Value i:nil="true"/></Attribute><Attribute z:Id="i61"><AttributeType>soft_lower</AttributeType><IsRequired>false</IsRequired><Value i:nil="true"/></Attribute><Attribute z:Id="i62"><AttributeType>k_position</AttributeType><IsRequired>false</IsRequired><Value i:nil="true"/></Attribute><Attribute z:Id="i63"><AttributeType>k_velocity</AttributeType><IsRequired>true</IsRequired><Value i:nil="true"/></Attribute></Attributes><ChildElements/><ElementName>safety_controller</ElementName><required>false</required><KPositionAttribute z:Ref="i62"/><KVelocityAttribute z:Ref="i63"/><SoftLowerAttribute z:Ref="i61"/><SoftUpperAttribute z:Ref="i60"/></URDFElement><URDFElement z:Id="i64" i:type="Mimic"><Attributes><Attribute z:Id="i65"><AttributeType>joint</AttributeType><IsRequired>true</IsRequired><Value i:nil="true"/></Attribute><Attribute z:Id="i66"><AttributeType>multiplier</AttributeType><IsRequired>false</IsRequired><Value i:nil="true"/></Attribute><Attribute z:Id="i67"><AttributeType>offset</AttributeType><IsRequired>false</IsRequired><Value i:nil="true"/></Attribute></Attributes><ChildElements/><ElementName>mimic</ElementName><required>false</required><JointNameAttribute z:Ref="i65"/><MultiplierAttribute z:Ref="i66"/><OffsetAttribute z:Ref="i67"/></URDFElement></ChildElements><ElementName>joint</ElementName><required>false</required><Axis z:Ref="i46"/><AxisName/><Calibration z:Ref="i53"/><Child z:Ref="i44"/><CoordinateSystemName>Global_1</CoordinateSystemName><Dynamics z:Ref="i56"/><Limit z:Ref="i48"/><Mimic z:Ref="i64"/><NameAttribute z:Ref="i37"/><Origin z:Ref="i39"/><Parent z:Ref="i42"/><Safety z:Ref="i59"/><TypeAttribute z:Ref="i38"/></URDFElement></ChildElements><ElementName>link</ElementName><required>true</required><Children><Link z:Id="i68"><Attributes><Attribute z:Id="i69"><AttributeType>name</AttributeType><IsRequired>true</IsRequired><Value i:type="a:string" xmlns:a="http://www.w3.org/2001/XMLSchema">Bottom_plate_chassis</Value></Attribute></Attributes><ChildElements><URDFElement z:Id="i70" i:type="Inertial"><Attributes/><ChildElements><URDFElement z:Id="i71" i:type="Origin"><Attributes><Attribute z:Id="i72"><AttributeType>xyz</AttributeType><IsRequired>true</IsRequired><Value i:type="a:ArrayOfdouble" xmlns:a="http://schemas.microsoft.com/2003/10/Serialization/Arrays"><a:double>0</a:double><a:double>0</a:double><a:double>0</a:double></Value></Attribute><Attribute z:Id="i73"><AttributeType>rpy</AttributeType><IsRequired>true</IsRequired><Value i:type="a:ArrayOfdouble" xmlns:a="http://schemas.microsoft.com/2003/10/Serialization/Arrays"><a:double>0</a:double><a:double>0</a:double><a:double>0</a:double></Value></Attribute></Attributes><ChildElements/><ElementName>origin</ElementName><required>false</required><RPYAttribute z:Ref="i73"/><XYZAttribute z:Ref="i72"/><isCustomized>false</isCustomized></URDFElement><URDFElement z:Id="i74" i:type="Mass"><Attributes><Attribute z:Id="i75"><AttributeType>value</AttributeType><IsRequired>true</IsRequired><Value i:type="a:double" xmlns:a="http://www.w3.org/2001/XMLSchema">0</Value></Attribute></Attributes><ChildElements/><ElementName>mass</ElementName><required>false</required><ValueAttribute z:Ref="i75"/></URDFElement><URDFElement z:Id="i76" i:type="Inertia"><Attributes><Attribute z:Id="i77"><AttributeType>ixx</AttributeType><IsRequired>true</IsRequired><Value i:type="a:double" xmlns:a="http://www.w3.org/2001/XMLSchema">0</Value></Attribute><Attribute z:Id="i78"><AttributeType>ixy</AttributeType><IsRequired>true</IsRequired><Value i:type="a:double" xmlns:a="http://www.w3.org/2001/XMLSchema">0</Value></Attribute><Attribute z:Id="i79"><AttributeType>ixz</AttributeType><IsRequired>true</IsRequired><Value i:type="a:double" xmlns:a="http://www.w3.org/2001/XMLSchema">0</Value></Attribute><Attribute z:Id="i80"><AttributeType>iyy</AttributeType><IsRequired>true</IsRequired><Value i:type="a:double" xmlns:a="http://www.w3.org/2001/XMLSchema">0</Value></Attribute><Attribute z:Id="i81"><AttributeType>iyz</AttributeType><IsRequired>true</IsRequired><Value i:type="a:double" xmlns:a="http://www.w3.org/2001/XMLSchema">0</Value></Attribute><Attribute z:Id="i82"><AttributeType>izz</AttributeType><IsRequired>true</IsRequired><Value i:type="a:double" xmlns:a="http://www.w3.org/2001/XMLSchema">0</Value></Attribute></Attributes><ChildElements/><ElementName>inertia</ElementName><required>false</required><IxxAttribute z:Ref="i77"/><IxyAttribute z:Ref="i78"/><IxzAttribute z:Ref="i79"/><IyyAttribute z:Ref="i80"/><IyzAttribute z:Ref="i81"/><IzzAttribute z:Ref="i82"/></URDFElement></ChildElements><ElementName>inertial</ElementName><required>false</required><Inertia z:Ref="i76"/><Mass z:Ref="i74"/><Origin z:Ref="i71"/></URDFElement><URDFElement z:Id="i83" i:type="Visual"><Attributes/><ChildElements><URDFElement z:Id="i84" i:type="Origin"><Attributes><Attribute z:Id="i85"><AttributeType>xyz</AttributeType><IsRequired>true</IsRequired><Value i:type="a:ArrayOfdouble" xmlns:a="http://schemas.microsoft.com/2003/10/Serialization/Arrays"><a:double>0</a:double><a:double>0</a:double><a:double>0</a:double></Value></Attribute><Attribute z:Id="i86"><AttributeType>rpy</AttributeType><IsRequired>true</IsRequired><Value i:type="a:ArrayOfdouble" xmlns:a="http://schemas.microsoft.com/2003/10/Serialization/Arrays"><a:double>0</a:double><a:double>0</a:double><a:double>0</a:double></Value></Attribute></Attributes><ChildElements/><ElementName>origin</ElementName><required>false</required><RPYAttribute z:Ref="i86"/><XYZAttribute z:Ref="i85"/><isCustomized>false</isCustomized></URDFElement><URDFElement z:Id="i87" i:type="Geometry"><Attributes/><ChildElements><URDFElement z:Id="i88" i:type="Mesh"><Attributes><Attribute z:Id="i89"><AttributeType>filename</AttributeType><IsRequired>true</IsRequired><Value i:nil="true"/></Attribute></Attributes><ChildElements/><ElementName>mesh</ElementName><required>false</required><FilenameAttribute z:Ref="i89"/></URDFElement></ChildElements><ElementName>geometry</ElementName><required>true</required><Mesh z:Ref="i88"/></URDFElement><URDFElement z:Id="i90" i:type="Material"><Attributes><Attribute z:Id="i91"><AttributeType>name</AttributeType><IsRequired>true</IsRequired><Value i:type="a:string" xmlns:a="http://www.w3.org/2001/XMLSchema"/></Attribute></Attributes><ChildElements><URDFElement z:Id="i92" i:type="Color"><Attributes><Attribute z:Id="i93"><AttributeType>rgba</AttributeType><IsRequired>true</IsRequired><Value i:type="a:ArrayOfdouble" xmlns:a="http://schemas.microsoft.com/2003/10/Serialization/Arrays"><a:double>1</a:double><a:double>1</a:double><a:double>1</a:double><a:double>1</a:double></Value></Attribute></Attributes><ChildElements/><ElementName>color</ElementName><required>false</required><RGBAAttribute z:Ref="i93"/></URDFElement><URDFElement z:Id="i94" i:type="Texture"><Attributes><Attribute z:Id="i95"><AttributeType>filename</AttributeType><IsRequired>true</IsRequired><Value i:nil="true"/></Attribute></Attributes><ChildElements/><ElementName>texture</ElementName><required>false</required><FilenameAttribute z:Ref="i95"/><wFilename/></URDFElement></ChildElements><ElementName>material</ElementName><required>false</required><Color z:Ref="i92"/><NameAttribute z:Ref="i91"/><Texture z:Ref="i94"/></URDFElement></ChildElements><ElementName>visual</ElementName><required>false</required><Geometry z:Ref="i87"/><Material z:Ref="i90"/><Origin z:Ref="i84"/></URDFElement><URDFElement z:Id="i96" i:type="Collision"><Attributes/><ChildElements><URDFElement z:Id="i97" i:type="Origin"><Attributes><Attribute z:Id="i98"><AttributeType>xyz</AttributeType><IsRequired>true</IsRequired><Value i:type="a:ArrayOfdouble" xmlns:a="http://schemas.microsoft.com/2003/10/Serialization/Arrays"><a:double>0</a:double><a:double>0</a:double><a:double>0</a:double></Value></Attribute><Attribute z:Id="i99"><AttributeType>rpy</AttributeType><IsRequired>true</IsRequired><Value i:type="a:ArrayOfdouble" xmlns:a="http://schemas.microsoft.com/2003/10/Serialization/Arrays"><a:double>0</a:double><a:double>0</a:double><a:double>0</a:double></Value></Attribute></Attributes><ChildElements/><ElementName>origin</ElementName><required>false</required><RPYAttribute z:Ref="i99"/><XYZAttribute z:Ref="i98"/><isCustomized>false</isCustomized></URDFElement><URDFElement z:Id="i100" i:type="Geometry"><Attributes/><ChildElements><URDFElement z:Id="i101" i:type="Mesh"><Attributes><Attribute z:Id="i102"><AttributeType>filename</AttributeType><IsRequired>true</IsRequired><Value i:nil="true"/></Attribute></Attributes><ChildElements/><ElementName>mesh</ElementName><required>false</required><FilenameAttribute z:Ref="i102"/></URDFElement></ChildElements><ElementName>geometry</ElementName><required>true</required><Mesh z:Ref="i101"/></URDFElement></ChildElements><ElementName>collision</ElementName><required>false</required><Geometry z:Ref="i100"/><Origin z:Ref="i97"/></URDFElement><URDFElement z:Id="i103" i:type="Joint"><Attributes><Attribute z:Id="i104"><AttributeType>name</AttributeType><IsRequired>true</IsRequired><Value i:type="a:string" xmlns:a="http://www.w3.org/2001/XMLSchema">Bottom_plate_chassis</Value></Attribute><Attribute z:Id="i105"><AttributeType>type</AttributeType><IsRequired>true</IsRequired><Value i:type="a:string" xmlns:a="http://www.w3.org/2001/XMLSchema">fixed</Value></Attribute></Attributes><ChildElements><URDFElement z:Id="i106" i:type="Origin"><Attributes><Attribute z:Id="i107"><AttributeType>xyz</AttributeType><IsRequired>true</IsRequired><Value i:type="a:ArrayOfdouble" xmlns:a="http://schemas.microsoft.com/2003/10/Serialization/Arrays"><a:double>0</a:double><a:double>0</a:double><a:double>0</a:double></Value></Attribute><Attribute z:Id="i108"><AttributeType>rpy</AttributeType><IsRequired>true</IsRequired><Value i:type="a:ArrayOfdouble" xmlns:a="http://schemas.microsoft.com/2003/10/Serialization/Arrays"><a:double>0</a:double><a:double>0</a:double><a:double>0</a:double></Value></Attribute></Attributes><ChildElements/><ElementName>origin</ElementName><required>false</required><RPYAttribute z:Ref="i108"/><XYZAttribute z:Ref="i107"/><isCustomized>false</isCustomized></URDFElement><URDFElement z:Id="i109" i:type="ParentLink"><Attributes><Attribute z:Id="i110"><AttributeType>link</AttributeType><IsRequired>true</IsRequired><Value i:type="a:string" xmlns:a="http://www.w3.org/2001/XMLSchema"/></Attribute></Attributes><ChildElements/><ElementName>parent</ElementName><required>true</required><NameAttribute z:Ref="i110"/></URDFElement><URDFElement z:Id="i111" i:type="ChildLink"><Attributes><Attribute z:Id="i112"><AttributeType>link</AttributeType><IsRequired>true</IsRequired><Value i:type="a:string" xmlns:a="http://www.w3.org/2001/XMLSchema"/></Attribute></Attributes><ChildElements/><ElementName>child</ElementName><required>true</required><NameAttribute z:Ref="i112"/></URDFElement><URDFElement z:Id="i113" i:type="Axis"><Attributes><Attribute z:Id="i114"><AttributeType>xyz</AttributeType><IsRequired>true</IsRequired><Value i:type="a:ArrayOfdouble" xmlns:a="http://schemas.microsoft.com/2003/10/Serialization/Arrays"><a:double>0</a:double><a:double>0</a:double><a:double>0</a:double></Value></Attribute></Attributes><ChildElements/><ElementName>axis</ElementName><required>false</required><XYZAttribute z:Ref="i114"/></URDFElement><URDFElement z:Id="i115" i:type="Limit"><Attributes><Attribute z:Id="i116"><AttributeType>lower</AttributeType><IsRequired>false</IsRequired><Value i:nil="true"/></Attribute><Attribute z:Id="i117"><AttributeType>upper</AttributeType><IsRequired>false</IsRequired><Value i:nil="true"/></Attribute><Attribute z:Id="i118"><AttributeType>effort</AttributeType><IsRequired>true</IsRequired><Value i:nil="true"/></Attribute><Attribute z:Id="i119"><AttributeType>velocity</AttributeType><IsRequired>true</IsRequired><Value i:nil="true"/></Attribute></Attributes><ChildElements/><ElementName>limit</ElementName><required>false</required><EffortAttribute z:Ref="i118"/><LowerAttribute z:Ref="i116"/><UpperAttribute z:Ref="i117"/><VelocityAttribute z:Ref="i119"/></URDFElement><URDFElement z:Id="i120" i:type="Calibration"><Attributes><Attribute z:Id="i121"><AttributeType>rising</AttributeType><IsRequired>false</IsRequired><Value i:nil="true"/></Attribute><Attribute z:Id="i122"><AttributeType>falling</AttributeType><IsRequired>false</IsRequired><Value i:nil="true"/></Attribute></Attributes><ChildElements/><ElementName>calibration</ElementName><required>false</required><FallingAttribute z:Ref="i122"/><RisingAttribute z:Ref="i121"/></URDFElement><URDFElement z:Id="i123" i:type="Dynamics"><Attributes><Attribute z:Id="i124"><AttributeType>damping</AttributeType><IsRequired>false</IsRequired><Value i:nil="true"/></Attribute><Attribute z:Id="i125"><AttributeType>friction</AttributeType><IsRequired>false</IsRequired><Value i:nil="true"/></Attribute></Attributes><ChildElements/><ElementName>dynamics</ElementName><required>false</required><DampingAttribute z:Ref="i124"/><FrictionAttribute z:Ref="i125"/></URDFElement><URDFElement z:Id="i126" i:type="SafetyController"><Attributes><Attribute z:Id="i127"><AttributeType>soft_upper</AttributeType><IsRequired>false</IsRequired><Value i:nil="true"/></Attribute><Attribute z:Id="i128"><AttributeType>soft_lower</AttributeType><IsRequired>false</IsRequired><Value i:nil="true"/></Attribute><Attribute z:Id="i129"><AttributeType>k_position</AttributeType><IsRequired>false</IsRequired><Value i:nil="true"/></Attribute><Attribute z:Id="i130"><AttributeType>k_velocity</AttributeType><IsRequired>true</IsRequired><Value i:nil="true"/></Attribute></Attributes><ChildElements/><ElementName>safety_controller</ElementName><required>false</required><KPositionAttribute z:Ref="i129"/><KVelocityAttribute z:Ref="i130"/><SoftLowerAttribute z:Ref="i128"/><SoftUpperAttribute z:Ref="i127"/></URDFElement><URDFElement z:Id="i131" i:type="Mimic"><Attributes><Attribute z:Id="i132"><AttributeType>joint</AttributeType><IsRequired>true</IsRequired><Value i:nil="true"/></Attribute><Attribute z:Id="i133"><AttributeType>multiplier</AttributeType><IsRequired>false</IsRequired><Value i:nil="true"/></Attribute><Attribute z:Id="i134"><AttributeType>offset</AttributeType><IsRequired>false</IsRequired><Value i:nil="true"/></Attribute></Attributes><ChildElements/><ElementName>mimic</ElementName><required>false</required><JointNameAttribute z:Ref="i132"/><MultiplierAttribute z:Ref="i133"/><OffsetAttribute z:Ref="i134"/></URDFElement></ChildElements><ElementName>joint</ElementName><required>false</required><Axis z:Ref="i113"/><AxisName>Automatically Generate</AxisName><Calibration z:Ref="i120"/><Child z:Ref="i111"/><CoordinateSystemName>Global_1</CoordinateSystemName><Dynamics z:Ref="i123"/><Limit z:Ref="i115"/><Mimic z:Ref="i131"/><NameAttribute z:Ref="i104"/><Origin z:Ref="i106"/><Parent z:Ref="i109"/><Safety z:Ref="i126"/><TypeAttribute z:Ref="i105"/></URDFElement></ChildElements><ElementName>link</ElementName><required>true</required><Children><Link z:Id="i135"><Attributes><Attribute z:Id="i136"><AttributeType>name</AttributeType><IsRequired>true</IsRequired><Value i:type="a:string" xmlns:a="http://www.w3.org/2001/XMLSchema">Left_servo1</Value></Attribute></Attributes><ChildElements><URDFElement z:Id="i137" i:type="Inertial"><Attributes/><ChildElements><URDFElement z:Id="i138" i:type="Origin"><Attributes><Attribute z:Id="i139"><AttributeType>xyz</AttributeType><IsRequired>true</IsRequired><Value i:type="a:ArrayOfdouble" xmlns:a="http://schemas.microsoft.com/2003/10/Serialization/Arrays"><a:double>0</a:double><a:double>0</a:double><a:double>0</a:double></Value></Attribute><Attribute z:Id="i140"><AttributeType>rpy</AttributeType><IsRequired>true</IsRequired><Value i:type="a:ArrayOfdouble" xmlns:a="http://schemas.microsoft.com/2003/10/Serialization/Arrays"><a:double>0</a:double><a:double>0</a:double><a:double>0</a:double></Value></Attribute></Attributes><ChildElements/><ElementName>origin</ElementName><required>false</required><RPYAttribute z:Ref="i140"/><XYZAttribute z:Ref="i139"/><isCustomized>false</isCustomized></URDFElement><URDFElement z:Id="i141" i:type="Mass"><Attributes><Attribute z:Id="i142"><AttributeType>value</AttributeType><IsRequired>true</IsRequired><Value i:type="a:double" xmlns:a="http://www.w3.org/2001/XMLSchema">0</Value></Attribute></Attributes><ChildElements/><ElementName>mass</ElementName><required>false</required><ValueAttribute z:Ref="i142"/></URDFElement><URDFElement z:Id="i143" i:type="Inertia"><Attributes><Attribute z:Id="i144"><AttributeType>ixx</AttributeType><IsRequired>true</IsRequired><Value i:type="a:double" xmlns:a="http://www.w3.org/2001/XMLSchema">0</Value></Attribute><Attribute z:Id="i145"><AttributeType>ixy</AttributeType><IsRequired>true</IsRequired><Value i:type="a:double" xmlns:a="http://www.w3.org/2001/XMLSchema">0</Value></Attribute><Attribute z:Id="i146"><AttributeType>ixz</AttributeType><IsRequired>true</IsRequired><Value i:type="a:double" xmlns:a="http://www.w3.org/2001/XMLSchema">0</Value></Attribute><Attribute z:Id="i147"><AttributeType>iyy</AttributeType><IsRequired>true</IsRequired><Value i:type="a:double" xmlns:a="http://www.w3.org/2001/XMLSchema">0</Value></Attribute><Attribute z:Id="i148"><AttributeType>iyz</AttributeType><IsRequired>true</IsRequired><Value i:type="a:double" xmlns:a="http://www.w3.org/2001/XMLSchema">0</Value></Attribute><Attribute z:Id="i149"><AttributeType>izz</AttributeType><IsRequired>true</IsRequired><Value i:type="a:double" xmlns:a="http://www.w3.org/2001/XMLSchema">0</Value></Attribute></Attributes><ChildElements/><ElementName>inertia</ElementName><required>false</required><IxxAttribute z:Ref="i144"/><IxyAttribute z:Ref="i145"/><IxzAttribute z:Ref="i146"/><IyyAttribute z:Ref="i147"/><IyzAttribute z:Ref="i148"/><IzzAttribute z:Ref="i149"/></URDFElement></ChildElements><ElementName>inertial</ElementName><required>false</required><Inertia z:Ref="i143"/><Mass z:Ref="i141"/><Origin z:Ref="i138"/></URDFElement><URDFElement z:Id="i150" i:type="Visual"><Attributes/><ChildElements><URDFElement z:Id="i151" i:type="Origin"><Attributes><Attribute z:Id="i152"><AttributeType>xyz</AttributeType><IsRequired>true</IsRequired><Value i:type="a:ArrayOfdouble" xmlns:a="http://schemas.microsoft.com/2003/10/Serialization/Arrays"><a:double>0</a:double><a:double>0</a:double><a:double>0</a:double></Value></Attribute><Attribute z:Id="i153"><AttributeType>rpy</AttributeType><IsRequired>true</IsRequired><Value i:type="a:ArrayOfdouble" xmlns:a="http://schemas.microsoft.com/2003/10/Serialization/Arrays"><a:double>0</a:double><a:double>0</a:double><a:double>0</a:double></Value></Attribute></Attributes><ChildElements/><ElementName>origin</ElementName><required>false</required><RPYAttribute z:Ref="i153"/><XYZAttribute z:Ref="i152"/><isCustomized>false</isCustomized></URDFElement><URDFElement z:Id="i154" i:type="Geometry"><Attributes/><ChildElements><URDFElement z:Id="i155" i:type="Mesh"><Attributes><Attribute z:Id="i156"><AttributeType>filename</AttributeType><IsRequired>true</IsRequired><Value i:nil="true"/></Attribute></Attributes><ChildElements/><ElementName>mesh</ElementName><required>false</required><FilenameAttribute z:Ref="i156"/></URDFElement></ChildElements><ElementName>geometry</ElementName><required>true</required><Mesh z:Ref="i155"/></URDFElement><URDFElement z:Id="i157" i:type="Material"><Attributes><Attribute z:Id="i158"><AttributeType>name</AttributeType><IsRequired>true</IsRequired><Value i:type="a:string" xmlns:a="http://www.w3.org/2001/XMLSchema"/></Attribute></Attributes><ChildElements><URDFElement z:Id="i159" i:type="Color"><Attributes><Attribute z:Id="i160"><AttributeType>rgba</AttributeType><IsRequired>true</IsRequired><Value i:type="a:ArrayOfdouble" xmlns:a="http://schemas.microsoft.com/2003/10/Serialization/Arrays"><a:double>1</a:double><a:double>1</a:double><a:double>1</a:double><a:double>1</a:double></Value></Attribute></Attributes><ChildElements/><ElementName>color</ElementName><required>false</required><RGBAAttribute z:Ref="i160"/></URDFElement><URDFElement z:Id="i161" i:type="Texture"><Attributes><Attribute z:Id="i162"><AttributeType>filename</AttributeType><IsRequired>true</IsRequired><Value i:nil="true"/></Attribute></Attributes><ChildElements/><ElementName>texture</ElementName><required>false</required><FilenameAttribute z:Ref="i162"/><wFilename/></URDFElement></ChildElements><ElementName>material</ElementName><required>false</required><Color z:Ref="i159"/><NameAttribute z:Ref="i158"/><Texture z:Ref="i161"/></URDFElement></ChildElements><ElementName>visual</ElementName><required>false</required><Geometry z:Ref="i154"/><Material z:Ref="i157"/><Origin z:Ref="i151"/></URDFElement><URDFElement z:Id="i163" i:type="Collision"><Attributes/><ChildElements><URDFElement z:Id="i164" i:type="Origin"><Attributes><Attribute z:Id="i165"><AttributeType>xyz</AttributeType><IsRequired>true</IsRequired><Value i:type="a:ArrayOfdouble" xmlns:a="http://schemas.microsoft.com/2003/10/Serialization/Arrays"><a:double>0</a:double><a:double>0</a:double><a:double>0</a:double></Value></Attribute><Attribute z:Id="i166"><AttributeType>rpy</AttributeType><IsRequired>true</IsRequired><Value i:type="a:ArrayOfdouble" xmlns:a="http://schemas.microsoft.com/2003/10/Serialization/Arrays"><a:double>0</a:double><a:double>0</a:double><a:double>0</a:double></Value></Attribute></Attributes><ChildElements/><ElementName>origin</ElementName><required>false</required><RPYAttribute z:Ref="i166"/><XYZAttribute z:Ref="i165"/><isCustomized>false</isCustomized></URDFElement><URDFElement z:Id="i167" i:type="Geometry"><Attributes/><ChildElements><URDFElement z:Id="i168" i:type="Mesh"><Attributes><Attribute z:Id="i169"><AttributeType>filename</AttributeType><IsRequired>true</IsRequired><Value i:nil="true"/></Attribute></Attributes><ChildElements/><ElementName>mesh</ElementName><required>false</required><FilenameAttribute z:Ref="i169"/></URDFElement></ChildElements><ElementName>geometry</ElementName><required>true</required><Mesh z:Ref="i168"/></URDFElement></ChildElements><ElementName>collision</ElementName><required>false</required><Geometry z:Ref="i167"/><Origin z:Ref="i164"/></URDFElement><URDFElement z:Id="i170" i:type="Joint"><Attributes><Attribute z:Id="i171"><AttributeType>name</AttributeType><IsRequired>true</IsRequired><Value i:type="a:string" xmlns:a="http://www.w3.org/2001/XMLSchema">Left_servo1_joint</Value></Attribute><Attribute z:Id="i172"><AttributeType>type</AttributeType><IsRequired>true</IsRequired><Value i:type="a:string" xmlns:a="http://www.w3.org/2001/XMLSchema">revolute</Value></Attribute></Attributes><ChildElements><URDFElement z:Id="i173" i:type="Origin"><Attributes><Attribute z:Id="i174"><AttributeType>xyz</AttributeType><IsRequired>true</IsRequired><Value i:type="a:ArrayOfdouble" xmlns:a="http://schemas.microsoft.com/2003/10/Serialization/Arrays"><a:double>0</a:double><a:double>0</a:double><a:double>0</a:double></Value></Attribute><Attribute z:Id="i175"><AttributeType>rpy</AttributeType><IsRequired>true</IsRequired><Value i:type="a:ArrayOfdouble" xmlns:a="http://schemas.microsoft.com/2003/10/Serialization/Arrays"><a:double>0</a:double><a:double>0</a:double><a:double>0</a:double></Value></Attribute></Attributes><ChildElements/><ElementName>origin</ElementName><required>false</required><RPYAttribute z:Ref="i175"/><XYZAttribute z:Ref="i174"/><isCustomized>false</isCustomized></URDFElement><URDFElement z:Id="i176" i:type="ParentLink"><Attributes><Attribute z:Id="i177"><AttributeType>link</AttributeType><IsRequired>true</IsRequired><Value i:type="a:string" xmlns:a="http://www.w3.org/2001/XMLSchema"/></Attribute></Attributes><ChildElements/><ElementName>parent</ElementName><required>true</required><NameAttribute z:Ref="i177"/></URDFElement><URDFElement z:Id="i178" i:type="ChildLink"><Attributes><Attribute z:Id="i179"><AttributeType>link</AttributeType><IsRequired>true</IsRequired><Value i:type="a:string" xmlns:a="http://www.w3.org/2001/XMLSchema"/></Attribute></Attributes><ChildElements/><ElementName>child</ElementName><required>true</required><NameAttribute z:Ref="i179"/></URDFElement><URDFElement z:Id="i180" i:type="Axis"><Attributes><Attribute z:Id="i181"><AttributeType>xyz</AttributeType><IsRequired>true</IsRequired><Value i:type="a:ArrayOfdouble" xmlns:a="http://schemas.microsoft.com/2003/10/Serialization/Arrays"><a:double>0</a:double><a:double>0</a:double><a:double>0</a:double></Value></Attribute></Attributes><ChildElements/><ElementName>axis</ElementName><required>false</required><XYZAttribute z:Ref="i181"/></URDFElement><URDFElement z:Id="i182" i:type="Limit"><Attributes><Attribute z:Id="i183"><AttributeType>lower</AttributeType><IsRequired>true</IsRequired><Value i:nil="true"/></Attribute><Attribute z:Id="i184"><AttributeType>upper</AttributeType><IsRequired>true</IsRequired><Value i:nil="true"/></Attribute><Attribute z:Id="i185"><AttributeType>effort</AttributeType><IsRequired>true</IsRequired><Value i:nil="true"/></Attribute><Attribute z:Id="i186"><AttributeType>velocity</AttributeType><IsRequired>true</IsRequired><Value i:nil="true"/></Attribute></Attributes><ChildElements/><ElementName>limit</ElementName><required>true</required><EffortAttribute z:Ref="i185"/><LowerAttribute z:Ref="i183"/><UpperAttribute z:Ref="i184"/><VelocityAttribute z:Ref="i186"/></URDFElement><URDFElement z:Id="i187" i:type="Calibration"><Attributes><Attribute z:Id="i188"><AttributeType>rising</AttributeType><IsRequired>false</IsRequired><Value i:nil="true"/></Attribute><Attribute z:Id="i189"><AttributeType>falling</AttributeType><IsRequired>false</IsRequired><Value i:nil="true"/></Attribute></Attributes><ChildElements/><ElementName>calibration</ElementName><required>false</required><FallingAttribute z:Ref="i189"/><RisingAttribute z:Ref="i188"/></URDFElement><URDFElement z:Id="i190" i:type="Dynamics"><Attributes><Attribute z:Id="i191"><AttributeType>damping</AttributeType><IsRequired>false</IsRequired><Value i:nil="true"/></Attribute><Attribute z:Id="i192"><AttributeType>friction</AttributeType><IsRequired>false</IsRequired><Value i:nil="true"/></Attribute></Attributes><ChildElements/><ElementName>dynamics</ElementName><required>false</required><DampingAttribute z:Ref="i191"/><FrictionAttribute z:Ref="i192"/></URDFElement><URDFElement z:Id="i193" i:type="SafetyController"><Attributes><Attribute z:Id="i194"><AttributeType>soft_upper</AttributeType><IsRequired>false</IsRequired><Value i:nil="true"/></Attribute><Attribute z:Id="i195"><AttributeType>soft_lower</AttributeType><IsRequired>false</IsRequired><Value i:nil="true"/></Attribute><Attribute z:Id="i196"><AttributeType>k_position</AttributeType><IsRequired>false</IsRequired><Value i:nil="true"/></Attribute><Attribute z:Id="i197"><AttributeType>k_velocity</AttributeType><IsRequired>true</IsRequired><Value i:nil="true"/></Attribute></Attributes><ChildElements/><ElementName>safety_controller</ElementName><required>false</required><KPositionAttribute z:Ref="i196"/><KVelocityAttribute z:Ref="i197"/><SoftLowerAttribute z:Ref="i195"/><SoftUpperAttribute z:Ref="i194"/></URDFElement><URDFElement z:Id="i198" i:type="Mimic"><Attributes><Attribute z:Id="i199"><AttributeType>joint</AttributeType><IsRequired>true</IsRequired><Value i:nil="true"/></Attribute><Attribute z:Id="i200"><AttributeType>multiplier</AttributeType><IsRequired>false</IsRequired><Value i:nil="true"/></Attribute><Attribute z:Id="i201"><AttributeType>offset</AttributeType><IsRequired>false</IsRequired><Value i:nil="true"/></Attribute></Attributes><ChildElements/><ElementName>mimic</ElementName><required>false</required><JointNameAttribute z:Ref="i199"/><MultiplierAttribute z:Ref="i200"/><OffsetAttribute z:Ref="i201"/></URDFElement></ChildElements><ElementName>joint</ElementName><required>false</required><Axis z:Ref="i180"/><AxisName>Automatically Generate</AxisName><Calibration z:Ref="i187"/><Child z:Ref="i178"/><CoordinateSystemName>Left_1</CoordinateSystemName><Dynamics z:Ref="i190"/><Limit z:Ref="i182"/><Mimic z:Ref="i198"/><NameAttribute z:Ref="i171"/><Origin z:Ref="i173"/><Parent z:Ref="i176"/><Safety z:Ref="i193"/><TypeAttribute z:Ref="i172"/></URDFElement></ChildElements><ElementName>link</ElementName><required>true</required><Children><Link z:Id="i202"><Attributes><Attribute z:Id="i203"><AttributeType>name</AttributeType><IsRequired>true</IsRequired><Value i:type="a:string" xmlns:a="http://www.w3.org/2001/XMLSchema">Left_servo2</Value></Attribute></Attributes><ChildElements><URDFElement z:Id="i204" i:type="Inertial"><Attributes/><ChildElements><URDFElement z:Id="i205" i:type="Origin"><Attributes><Attribute z:Id="i206"><AttributeType>xyz</AttributeType><IsRequired>true</IsRequired><Value i:type="a:ArrayOfdouble" xmlns:a="http://schemas.microsoft.com/2003/10/Serialization/Arrays"><a:double>0</a:double><a:double>0</a:double><a:double>0</a:double></Value></Attribute><Attribute z:Id="i207"><AttributeType>rpy</AttributeType><IsRequired>true</IsRequired><Value i:type="a:ArrayOfdouble" xmlns:a="http://schemas.microsoft.com/2003/10/Serialization/Arrays"><a:double>0</a:double><a:double>0</a:double><a:double>0</a:double></Value></Attribute></Attributes><ChildElements/><ElementName>origin</ElementName><required>false</required><RPYAttribute z:Ref="i207"/><XYZAttribute z:Ref="i206"/><isCustomized>false</isCustomized></URDFElement><URDFElement z:Id="i208" i:type="Mass"><Attributes><Attribute z:Id="i209"><AttributeType>value</AttributeType><IsRequired>true</IsRequired><Value i:type="a:double" xmlns:a="http://www.w3.org/2001/XMLSchema">0</Value></Attribute></Attributes><ChildElements/><ElementName>mass</ElementName><required>false</required><ValueAttribute z:Ref="i209"/></URDFElement><URDFElement z:Id="i210" i:type="Inertia"><Attributes><Attribute z:Id="i211"><AttributeType>ixx</AttributeType><IsRequired>true</IsRequired><Value i:type="a:double" xmlns:a="http://www.w3.org/2001/XMLSchema">0</Value></Attribute><Attribute z:Id="i212"><AttributeType>ixy</AttributeType><IsRequired>true</IsRequired><Value i:type="a:double" xmlns:a="http://www.w3.org/2001/XMLSchema">0</Value></Attribute><Attribute z:Id="i213"><AttributeType>ixz</AttributeType><IsRequired>true</IsRequired><Value i:type="a:double" xmlns:a="http://www.w3.org/2001/XMLSchema">0</Value></Attribute><Attribute z:Id="i214"><AttributeType>iyy</AttributeType><IsRequired>true</IsRequired><Value i:type="a:double" xmlns:a="http://www.w3.org/2001/XMLSchema">0</Value></Attribute><Attribute z:Id="i215"><AttributeType>iyz</AttributeType><IsRequired>true</IsRequired><Value i:type="a:double" xmlns:a="http://www.w3.org/2001/XMLSchema">0</Value></Attribute><Attribute z:Id="i216"><AttributeType>izz</AttributeType><IsRequired>true</IsRequired><Value i:type="a:double" xmlns:a="http://www.w3.org/2001/XMLSchema">0</Value></Attribute></Attributes><ChildElements/><ElementName>inertia</ElementName><required>false</required><IxxAttribute z:Ref="i211"/><IxyAttribute z:Ref="i212"/><IxzAttribute z:Ref="i213"/><IyyAttribute z:Ref="i214"/><IyzAttribute z:Ref="i215"/><IzzAttribute z:Ref="i216"/></URDFElement></ChildElements><ElementName>inertial</ElementName><required>false</required><Inertia z:Ref="i210"/><Mass z:Ref="i208"/><Origin z:Ref="i205"/></URDFElement><URDFElement z:Id="i217" i:type="Visual"><Attributes/><ChildElements><URDFElement z:Id="i218" i:type="Origin"><Attributes><Attribute z:Id="i219"><AttributeType>xyz</AttributeType><IsRequired>true</IsRequired><Value i:type="a:ArrayOfdouble" xmlns:a="http://schemas.microsoft.com/2003/10/Serialization/Arrays"><a:double>0</a:double><a:double>0</a:double><a:double>0</a:double></Value></Attribute><Attribute z:Id="i220"><AttributeType>rpy</AttributeType><IsRequired>true</IsRequired><Value i:type="a:ArrayOfdouble" xmlns:a="http://schemas.microsoft.com/2003/10/Serialization/Arrays"><a:double>0</a:double><a:double>0</a:double><a:double>0</a:double></Value></Attribute></Attributes><ChildElements/><ElementName>origin</ElementName><required>false</required><RPYAttribute z:Ref="i220"/><XYZAttribute z:Ref="i219"/><isCustomized>false</isCustomized></URDFElement><URDFElement z:Id="i221" i:type="Geometry"><Attributes/><ChildElements><URDFElement z:Id="i222" i:type="Mesh"><Attributes><Attribute z:Id="i223"><AttributeType>filename</AttributeType><IsRequired>true</IsRequired><Value i:nil="true"/></Attribute></Attributes><ChildElements/><ElementName>mesh</ElementName><required>false</required><FilenameAttribute z:Ref="i223"/></URDFElement></ChildElements><ElementName>geometry</ElementName><required>true</required><Mesh z:Ref="i222"/></URDFElement><URDFElement z:Id="i224" i:type="Material"><Attributes><Attribute z:Id="i225"><AttributeType>name</AttributeType><IsRequired>true</IsRequired><Value i:type="a:string" xmlns:a="http://www.w3.org/2001/XMLSchema"/></Attribute></Attributes><ChildElements><URDFElement z:Id="i226" i:type="Color"><Attributes><Attribute z:Id="i227"><AttributeType>rgba</AttributeType><IsRequired>true</IsRequired><Value i:type="a:ArrayOfdouble" xmlns:a="http://schemas.microsoft.com/2003/10/Serialization/Arrays"><a:double>1</a:double><a:double>1</a:double><a:double>1</a:double><a:double>1</a:double></Value></Attribute></Attributes><ChildElements/><ElementName>color</ElementName><required>false</required><RGBAAttribute z:Ref="i227"/></URDFElement><URDFElement z:Id="i228" i:type="Texture"><Attributes><Attribute z:Id="i229"><AttributeType>filename</AttributeType><IsRequired>true</IsRequired><Value i:nil="true"/></Attribute></Attributes><ChildElements/><ElementName>texture</ElementName><required>false</required><FilenameAttribute z:Ref="i229"/><wFilename/></URDFElement></ChildElements><ElementName>material</ElementName><required>false</required><Color z:Ref="i226"/><NameAttribute z:Ref="i225"/><Texture z:Ref="i228"/></URDFElement></ChildElements><ElementName>visual</ElementName><required>false</required><Geometry z:Ref="i221"/><Material z:Ref="i224"/><Origin z:Ref="i218"/></URDFElement><URDFElement z:Id="i230" i:type="Collision"><Attributes/><ChildElements><URDFElement z:Id="i231" i:type="Origin"><Attributes><Attribute z:Id="i232"><AttributeType>xyz</AttributeType><IsRequired>true</IsRequired><Value i:type="a:ArrayOfdouble" xmlns:a="http://schemas.microsoft.com/2003/10/Serialization/Arrays"><a:double>0</a:double><a:double>0</a:double><a:double>0</a:double></Value></Attribute><Attribute z:Id="i233"><AttributeType>rpy</AttributeType><IsRequired>true</IsRequired><Value i:type="a:ArrayOfdouble" xmlns:a="http://schemas.microsoft.com/2003/10/Serialization/Arrays"><a:double>0</a:double><a:double>0</a:double><a:double>0</a:double></Value></Attribute></Attributes><ChildElements/><ElementName>origin</ElementName><required>false</required><RPYAttribute z:Ref="i233"/><XYZAttribute z:Ref="i232"/><isCustomized>false</isCustomized></URDFElement><URDFElement z:Id="i234" i:type="Geometry"><Attributes/><ChildElements><URDFElement z:Id="i235" i:type="Mesh"><Attributes><Attribute z:Id="i236"><AttributeType>filename</AttributeType><IsRequired>true</IsRequired><Value i:nil="true"/></Attribute></Attributes><ChildElements/><ElementName>mesh</ElementName><required>false</required><FilenameAttribute z:Ref="i236"/></URDFElement></ChildElements><ElementName>geometry</ElementName><required>true</required><Mesh z:Ref="i235"/></URDFElement></ChildElements><ElementName>collision</ElementName><required>false</required><Geometry z:Ref="i234"/><Origin z:Ref="i231"/></URDFElement><URDFElement z:Id="i237" i:type="Joint"><Attributes><Attribute z:Id="i238"><AttributeType>name</AttributeType><IsRequired>true</IsRequired><Value i:type="a:string" xmlns:a="http://www.w3.org/2001/XMLSchema">Left_servo2_joint</Value></Attribute><Attribute z:Id="i239"><AttributeType>type</AttributeType><IsRequired>true</IsRequired><Value i:type="a:string" xmlns:a="http://www.w3.org/2001/XMLSchema">revolute</Value></Attribute></Attributes><ChildElements><URDFElement z:Id="i240" i:type="Origin"><Attributes><Attribute z:Id="i241"><AttributeType>xyz</AttributeType><IsRequired>true</IsRequired><Value i:type="a:ArrayOfdouble" xmlns:a="http://schemas.microsoft.com/2003/10/Serialization/Arrays"><a:double>0</a:double><a:double>0</a:double><a:double>0</a:double></Value></Attribute><Attribute z:Id="i242"><AttributeType>rpy</AttributeType><IsRequired>true</IsRequired><Value i:type="a:ArrayOfdouble" xmlns:a="http://schemas.microsoft.com/2003/10/Serialization/Arrays"><a:double>0</a:double><a:double>0</a:double><a:double>0</a:double></Value></Attribute></Attributes><ChildElements/><ElementName>origin</ElementName><required>false</required><RPYAttribute z:Ref="i242"/><XYZAttribute z:Ref="i241"/><isCustomized>false</isCustomized></URDFElement><URDFElement z:Id="i243" i:type="ParentLink"><Attributes><Attribute z:Id="i244"><AttributeType>link</AttributeType><IsRequired>true</IsRequired><Value i:type="a:string" xmlns:a="http://www.w3.org/2001/XMLSchema"/></Attribute></Attributes><ChildElements/><ElementName>parent</ElementName><required>true</required><NameAttribute z:Ref="i244"/></URDFElement><URDFElement z:Id="i245" i:type="ChildLink"><Attributes><Attribute z:Id="i246"><AttributeType>link</AttributeType><IsRequired>true</IsRequired><Value i:type="a:string" xmlns:a="http://www.w3.org/2001/XMLSchema"/></Attribute></Attributes><ChildElements/><ElementName>child</ElementName><required>true</required><NameAttribute z:Ref="i246"/></URDFElement><URDFElement z:Id="i247" i:type="Axis"><Attributes><Attribute z:Id="i248"><AttributeType>xyz</AttributeType><IsRequired>true</IsRequired><Value i:type="a:ArrayOfdouble" xmlns:a="http://schemas.microsoft.com/2003/10/Serialization/Arrays"><a:double>0</a:double><a:double>0</a:double><a:double>0</a:double></Value></Attribute></Attributes><ChildElements/><ElementName>axis</ElementName><required>false</required><XYZAttribute z:Ref="i248"/></URDFElement><URDFElement z:Id="i249" i:type="Limit"><Attributes><Attribute z:Id="i250"><AttributeType>lower</AttributeType><IsRequired>false</IsRequired><Value i:nil="true"/></Attribute><Attribute z:Id="i251"><AttributeType>upper</AttributeType><IsRequired>false</IsRequired><Value i:nil="true"/></Attribute><Attribute z:Id="i252"><AttributeType>effort</AttributeType><IsRequired>true</IsRequired><Value i:nil="true"/></Attribute><Attribute z:Id="i253"><AttributeType>velocity</AttributeType><IsRequired>true</IsRequired><Value i:nil="true"/></Attribute></Attributes><ChildElements/><ElementName>limit</ElementName><required>false</required><EffortAttribute z:Ref="i252"/><LowerAttribute z:Ref="i250"/><UpperAttribute z:Ref="i251"/><VelocityAttribute z:Ref="i253"/></URDFElement><URDFElement z:Id="i254" i:type="Calibration"><Attributes><Attribute z:Id="i255"><AttributeType>rising</AttributeType><IsRequired>false</IsRequired><Value i:nil="true"/></Attribute><Attribute z:Id="i256"><AttributeType>falling</AttributeType><IsRequired>false</IsRequired><Value i:nil="true"/></Attribute></Attributes><ChildElements/><ElementName>calibration</ElementName><required>false</required><FallingAttribute z:Ref="i256"/><RisingAttribute z:Ref="i255"/></URDFElement><URDFElement z:Id="i257" i:type="Dynamics"><Attributes><Attribute z:Id="i258"><AttributeType>damping</AttributeType><IsRequired>false</IsRequired><Value i:nil="true"/></Attribute><Attribute z:Id="i259"><AttributeType>friction</AttributeType><IsRequired>false</IsRequired><Value i:nil="true"/></Attribute></Attributes><ChildElements/><ElementName>dynamics</ElementName><required>false</required><DampingAttribute z:Ref="i258"/><FrictionAttribute z:Ref="i259"/></URDFElement><URDFElement z:Id="i260" i:type="SafetyController"><Attributes><Attribute z:Id="i261"><AttributeType>soft_upper</AttributeType><IsRequired>false</IsRequired><Value i:nil="true"/></Attribute><Attribute z:Id="i262"><AttributeType>soft_lower</AttributeType><IsRequired>false</IsRequired><Value i:nil="true"/></Attribute><Attribute z:Id="i263"><AttributeType>k_position</AttributeType><IsRequired>false</IsRequired><Value i:nil="true"/></Attribute><Attribute z:Id="i264"><AttributeType>k_velocity</AttributeType><IsRequired>true</IsRequired><Value i:nil="true"/></Attribute></Attributes><ChildElements/><ElementName>safety_controller</ElementName><required>false</required><KPositionAttribute z:Ref="i263"/><KVelocityAttribute z:Ref="i264"/><SoftLowerAttribute z:Ref="i262"/><SoftUpperAttribute z:Ref="i261"/></URDFElement><URDFElement z:Id="i265" i:type="Mimic"><Attributes><Attribute z:Id="i266"><AttributeType>joint</AttributeType><IsRequired>true</IsRequired><Value i:nil="true"/></Attribute><Attribute z:Id="i267"><AttributeType>multiplier</AttributeType><IsRequired>false</IsRequired><Value i:nil="true"/></Attribute><Attribute z:Id="i268"><AttributeType>offset</AttributeType><IsRequired>false</IsRequired><Value i:nil="true"/></Attribute></Attributes><ChildElements/><ElementName>mimic</ElementName><required>false</required><JointNameAttribute z:Ref="i266"/><MultiplierAttribute z:Ref="i267"/><OffsetAttribute z:Ref="i268"/></URDFElement></ChildElements><ElementName>joint</ElementName><required>false</required><Axis z:Ref="i247"/><AxisName>Automatically Generate</AxisName><Calibration z:Ref="i254"/><Child z:Ref="i245"/><CoordinateSystemName>Left_2</CoordinateSystemName><Dynamics z:Ref="i257"/><Limit z:Ref="i249"/><Mimic z:Ref="i265"/><NameAttribute z:Ref="i238"/><Origin z:Ref="i240"/><Parent z:Ref="i243"/><Safety z:Ref="i260"/><TypeAttribute z:Ref="i239"/></URDFElement></ChildElements><ElementName>link</ElementName><required>true</required><Children><Link z:Id="i269"><Attributes><Attribute z:Id="i270"><AttributeType>name</AttributeType><IsRequired>true</IsRequired><Value i:type="a:string" xmlns:a="http://www.w3.org/2001/XMLSchema">Left_prop</Value></Attribute></Attributes><ChildElements><URDFElement z:Id="i271" i:type="Inertial"><Attributes/><ChildElements><URDFElement z:Id="i272" i:type="Origin"><Attributes><Attribute z:Id="i273"><AttributeType>xyz</AttributeType><IsRequired>true</IsRequired><Value i:type="a:ArrayOfdouble" xmlns:a="http://schemas.microsoft.com/2003/10/Serialization/Arrays"><a:double>0</a:double><a:double>0</a:double><a:double>0</a:double></Value></Attribute><Attribute z:Id="i274"><AttributeType>rpy</AttributeType><IsRequired>true</IsRequired><Value i:type="a:ArrayOfdouble" xmlns:a="http://schemas.microsoft.com/2003/10/Serialization/Arrays"><a:double>0</a:double><a:double>0</a:double><a:double>0</a:double></Value></Attribute></Attributes><ChildElements/><ElementName>origin</ElementName><required>false</required><RPYAttribute z:Ref="i274"/><XYZAttribute z:Ref="i273"/><isCustomized>false</isCustomized></URDFElement><URDFElement z:Id="i275" i:type="Mass"><Attributes><Attribute z:Id="i276"><AttributeType>value</AttributeType><IsRequired>true</IsRequired><Value i:type="a:double" xmlns:a="http://www.w3.org/2001/XMLSchema">0</Value></Attribute></Attributes><ChildElements/><ElementName>mass</ElementName><required>false</required><ValueAttribute z:Ref="i276"/></URDFElement><URDFElement z:Id="i277" i:type="Inertia"><Attributes><Attribute z:Id="i278"><AttributeType>ixx</AttributeType><IsRequired>true</IsRequired><Value i:type="a:double" xmlns:a="http://www.w3.org/2001/XMLSchema">0</Value></Attribute><Attribute z:Id="i279"><AttributeType>ixy</AttributeType><IsRequired>true</IsRequired><Value i:type="a:double" xmlns:a="http://www.w3.org/2001/XMLSchema">0</Value></Attribute><Attribute z:Id="i280"><AttributeType>ixz</AttributeType><IsRequired>true</IsRequired><Value i:type="a:double" xmlns:a="http://www.w3.org/2001/XMLSchema">0</Value></Attribute><Attribute z:Id="i281"><AttributeType>iyy</AttributeType><IsRequired>true</IsRequired><Value i:type="a:double" xmlns:a="http://www.w3.org/2001/XMLSchema">0</Value></Attribute><Attribute z:Id="i282"><AttributeType>iyz</AttributeType><IsRequired>true</IsRequired><Value i:type="a:double" xmlns:a="http://www.w3.org/2001/XMLSchema">0</Value></Attribute><Attribute z:Id="i283"><AttributeType>izz</AttributeType><IsRequired>true</IsRequired><Value i:type="a:double" xmlns:a="http://www.w3.org/2001/XMLSchema">0</Value></Attribute></Attributes><ChildElements/><ElementName>inertia</ElementName><required>false</required><IxxAttribute z:Ref="i278"/><IxyAttribute z:Ref="i279"/><IxzAttribute z:Ref="i280"/><IyyAttribute z:Ref="i281"/><IyzAttribute z:Ref="i282"/><IzzAttribute z:Ref="i283"/></URDFElement></ChildElements><ElementName>inertial</ElementName><required>false</required><Inertia z:Ref="i277"/><Mass z:Ref="i275"/><Origin z:Ref="i272"/></URDFElement><URDFElement z:Id="i284" i:type="Visual"><Attributes/><ChildElements><URDFElement z:Id="i285" i:type="Origin"><Attributes><Attribute z:Id="i286"><AttributeType>xyz</AttributeType><IsRequired>true</IsRequired><Value i:type="a:ArrayOfdouble" xmlns:a="http://schemas.microsoft.com/2003/10/Serialization/Arrays"><a:double>0</a:double><a:double>0</a:double><a:double>0</a:double></Value></Attribute><Attribute z:Id="i287"><AttributeType>rpy</AttributeType><IsRequired>true</IsRequired><Value i:type="a:ArrayOfdouble" xmlns:a="http://schemas.microsoft.com/2003/10/Serialization/Arrays"><a:double>0</a:double><a:double>0</a:double><a:double>0</a:double></Value></Attribute></Attributes><ChildElements/><ElementName>origin</ElementName><required>false</required><RPYAttribute z:Ref="i287"/><XYZAttribute z:Ref="i286"/><isCustomized>false</isCustomized></URDFElement><URDFElement z:Id="i288" i:type="Geometry"><Attributes/><ChildElements><URDFElement z:Id="i289" i:type="Mesh"><Attributes><Attribute z:Id="i290"><AttributeType>filename</AttributeType><IsRequired>true</IsRequired><Value i:nil="true"/></Attribute></Attributes><ChildElements/><ElementName>mesh</ElementName><required>false</required><FilenameAttribute z:Ref="i290"/></URDFElement></ChildElements><ElementName>geometry</ElementName><required>true</required><Mesh z:Ref="i289"/></URDFElement><URDFElement z:Id="i291" i:type="Material"><Attributes><Attribute z:Id="i292"><AttributeType>name</AttributeType><IsRequired>true</IsRequired><Value i:type="a:string" xmlns:a="http://www.w3.org/2001/XMLSchema"/></Attribute></Attributes><ChildElements><URDFElement z:Id="i293" i:type="Color"><Attributes><Attribute z:Id="i294"><AttributeType>rgba</AttributeType><IsRequired>true</IsRequired><Value i:type="a:ArrayOfdouble" xmlns:a="http://schemas.microsoft.com/2003/10/Serialization/Arrays"><a:double>1</a:double><a:double>1</a:double><a:double>1</a:double><a:double>1</a:double></Value></Attribute></Attributes><ChildElements/><ElementName>color</ElementName><required>false</required><RGBAAttribute z:Ref="i294"/></URDFElement><URDFElement z:Id="i295" i:type="Texture"><Attributes><Attribute z:Id="i296"><AttributeType>filename</AttributeType><IsRequired>true</IsRequired><Value i:nil="true"/></Attribute></Attributes><ChildElements/><ElementName>texture</ElementName><required>false</required><FilenameAttribute z:Ref="i296"/><wFilename/></URDFElement></ChildElements><ElementName>material</ElementName><required>false</required><Color z:Ref="i293"/><NameAttribute z:Ref="i292"/><Texture z:Ref="i295"/></URDFElement></ChildElements><ElementName>visual</ElementName><required>false</required><Geometry z:Ref="i288"/><Material z:Ref="i291"/><Origin z:Ref="i285"/></URDFElement><URDFElement z:Id="i297" i:type="Collision"><Attributes/><ChildElements><URDFElement z:Id="i298" i:type="Origin"><Attributes><Attribute z:Id="i299"><AttributeType>xyz</AttributeType><IsRequired>true</IsRequired><Value i:type="a:ArrayOfdouble" xmlns:a="http://schemas.microsoft.com/2003/10/Serialization/Arrays"><a:double>0</a:double><a:double>0</a:double><a:double>0</a:double></Value></Attribute><Attribute z:Id="i300"><AttributeType>rpy</AttributeType><IsRequired>true</IsRequired><Value i:type="a:ArrayOfdouble" xmlns:a="http://schemas.microsoft.com/2003/10/Serialization/Arrays"><a:double>0</a:double><a:double>0</a:double><a:double>0</a:double></Value></Attribute></Attributes><ChildElements/><ElementName>origin</ElementName><required>false</required><RPYAttribute z:Ref="i300"/><XYZAttribute z:Ref="i299"/><isCustomized>false</isCustomized></URDFElement><URDFElement z:Id="i301" i:type="Geometry"><Attributes/><ChildElements><URDFElement z:Id="i302" i:type="Mesh"><Attributes><Attribute z:Id="i303"><AttributeType>filename</AttributeType><IsRequired>true</IsRequired><Value i:nil="true"/></Attribute></Attributes><ChildElements/><ElementName>mesh</ElementName><required>false</required><FilenameAttribute z:Ref="i303"/></URDFElement></ChildElements><ElementName>geometry</ElementName><required>true</required><Mesh z:Ref="i302"/></URDFElement></ChildElements><ElementName>collision</ElementName><required>false</required><Geometry z:Ref="i301"/><Origin z:Ref="i298"/></URDFElement><URDFElement z:Id="i304" i:type="Joint"><Attributes><Attribute z:Id="i305"><AttributeType>name</AttributeType><IsRequired>true</IsRequired><Value i:type="a:string" xmlns:a="http://www.w3.org/2001/XMLSchema">Left_prop_joint</Value></Attribute><Attribute z:Id="i306"><AttributeType>type</AttributeType><IsRequired>true</IsRequired><Value i:type="a:string" xmlns:a="http://www.w3.org/2001/XMLSchema">continuous</Value></Attribute></Attributes><ChildElements><URDFElement z:Id="i307" i:type="Origin"><Attributes><Attribute z:Id="i308"><AttributeType>xyz</AttributeType><IsRequired>true</IsRequired><Value i:type="a:ArrayOfdouble" xmlns:a="http://schemas.microsoft.com/2003/10/Serialization/Arrays"><a:double>0</a:double><a:double>0</a:double><a:double>0</a:double></Value></Attribute><Attribute z:Id="i309"><AttributeType>rpy</AttributeType><IsRequired>true</IsRequired><Value i:type="a:ArrayOfdouble" xmlns:a="http://schemas.microsoft.com/2003/10/Serialization/Arrays"><a:double>0</a:double><a:double>0</a:double><a:double>0</a:double></Value></Attribute></Attributes><ChildElements/><ElementName>origin</ElementName><required>false</required><RPYAttribute z:Ref="i309"/><XYZAttribute z:Ref="i308"/><isCustomized>false</isCustomized></URDFElement><URDFElement z:Id="i310" i:type="ParentLink"><Attributes><Attribute z:Id="i311"><AttributeType>link</AttributeType><IsRequired>true</IsRequired><Value i:type="a:string" xmlns:a="http://www.w3.org/2001/XMLSchema"/></Attribute></Attributes><ChildElements/><ElementName>parent</ElementName><required>true</required><NameAttribute z:Ref="i311"/></URDFElement><URDFElement z:Id="i312" i:type="ChildLink"><Attributes><Attribute z:Id="i313"><AttributeType>link</AttributeType><IsRequired>true</IsRequired><Value i:type="a:string" xmlns:a="http://www.w3.org/2001/XMLSchema"/></Attribute></Attributes><ChildElements/><ElementName>child</ElementName><required>true</required><NameAttribute z:Ref="i313"/></URDFElement><URDFElement z:Id="i314" i:type="Axis"><Attributes><Attribute z:Id="i315"><AttributeType>xyz</AttributeType><IsRequired>true</IsRequired><Value i:type="a:ArrayOfdouble" xmlns:a="http://schemas.microsoft.com/2003/10/Serialization/Arrays"><a:double>0</a:double><a:double>0</a:double><a:double>0</a:double></Value></Attribute></Attributes><ChildElements/><ElementName>axis</ElementName><required>false</required><XYZAttribute z:Ref="i315"/></URDFElement><URDFElement z:Id="i316" i:type="Limit"><Attributes><Attribute z:Id="i317"><AttributeType>lower</AttributeType><IsRequired>false</IsRequired><Value i:nil="true"/></Attribute><Attribute z:Id="i318"><AttributeType>upper</AttributeType><IsRequired>false</IsRequired><Value i:nil="true"/></Attribute><Attribute z:Id="i319"><AttributeType>effort</AttributeType><IsRequired>true</IsRequired><Value i:nil="true"/></Attribute><Attribute z:Id="i320"><AttributeType>velocity</AttributeType><IsRequired>true</IsRequired><Value i:nil="true"/></Attribute></Attributes><ChildElements/><ElementName>limit</ElementName><required>false</required><EffortAttribute z:Ref="i319"/><LowerAttribute z:Ref="i317"/><UpperAttribute z:Ref="i318"/><VelocityAttribute z:Ref="i320"/></URDFElement><URDFElement z:Id="i321" i:type="Calibration"><Attributes><Attribute z:Id="i322"><AttributeType>rising</AttributeType><IsRequired>false</IsRequired><Value i:nil="true"/></Attribute><Attribute z:Id="i323"><AttributeType>falling</AttributeType><IsRequired>false</IsRequired><Value i:nil="true"/></Attribute></Attributes><ChildElements/><ElementName>calibration</ElementName><required>false</required><FallingAttribute z:Ref="i323"/><RisingAttribute z:Ref="i322"/></URDFElement><URDFElement z:Id="i324" i:type="Dynamics"><Attributes><Attribute z:Id="i325"><AttributeType>damping</AttributeType><IsRequired>false</IsRequired><Value i:nil="true"/></Attribute><Attribute z:Id="i326"><AttributeType>friction</AttributeType><IsRequired>false</IsRequired><Value i:nil="true"/></Attribute></Attributes><ChildElements/><ElementName>dynamics</ElementName><required>false</required><DampingAttribute z:Ref="i325"/><FrictionAttribute z:Ref="i326"/></URDFElement><URDFElement z:Id="i327" i:type="SafetyController"><Attributes><Attribute z:Id="i328"><AttributeType>soft_upper</AttributeType><IsRequired>false</IsRequired><Value i:nil="true"/></Attribute><Attribute z:Id="i329"><AttributeType>soft_lower</AttributeType><IsRequired>false</IsRequired><Value i:nil="true"/></Attribute><Attribute z:Id="i330"><AttributeType>k_position</AttributeType><IsRequired>false</IsRequired><Value i:nil="true"/></Attribute><Attribute z:Id="i331"><AttributeType>k_velocity</AttributeType><IsRequired>true</IsRequired><Value i:nil="true"/></Attribute></Attributes><ChildElements/><ElementName>safety_controller</ElementName><required>false</required><KPositionAttribute z:Ref="i330"/><KVelocityAttribute z:Ref="i331"/><SoftLowerAttribute z:Ref="i329"/><SoftUpperAttribute z:Ref="i328"/></URDFElement><URDFElement z:Id="i332" i:type="Mimic"><Attributes><Attribute z:Id="i333"><AttributeType>joint</AttributeType><IsRequired>true</IsRequired><Value i:nil="true"/></Attribute><Attribute z:Id="i334"><AttributeType>multiplier</AttributeType><IsRequired>false</IsRequired><Value i:nil="true"/></Attribute><Attribute z:Id="i335"><AttributeType>offset</AttributeType><IsRequired>false</IsRequired><Value i:nil="true"/></Attribute></Attributes><ChildElements/><ElementName>mimic</ElementName><required>false</required><JointNameAttribute z:Ref="i333"/><MultiplierAttribute z:Ref="i334"/><OffsetAttribute z:Ref="i335"/></URDFElement></ChildElements><ElementName>joint</ElementName><required>false</required><Axis z:Ref="i314"/><AxisName>Automatically Generate</AxisName><Calibration z:Ref="i321"/><Child z:Ref="i312"/><CoordinateSystemName>Left_prop</CoordinateSystemName><Dynamics z:Ref="i324"/><Limit z:Ref="i316"/><Mimic z:Ref="i332"/><NameAttribute z:Ref="i305"/><Origin z:Ref="i307"/><Parent z:Ref="i310"/><Safety z:Ref="i327"/><TypeAttribute z:Ref="i306"/></URDFElement></ChildElements><ElementName>link</ElementName><required>true</required><Children/><Collision z:Ref="i297"/><Inertial z:Ref="i271"/><Joint z:Ref="i304"/><NameAttribute z:Ref="i270"/><Parent z:Ref="i202"/><STLQualityFine>false</STLQualityFine><SWComponentPIDs xmlns:a="http://schemas.microsoft.com/2003/10/Serialization/Arrays"><a:base64Binary>ECcAAAUAAAD//v8mUAByAG8AcABlAGwAbABlAHIAIABDAFcAIABQAHUAbABsAGUAcgAtADEAQABCAGkAcgBvAHQAbwByAF8AQQBzAHMAZQBtAGIAbAB5AAQAAAAQAAAAAQAAAAEAAABfAQAA</a:base64Binary></SWComponentPIDs><SWMainComponentPID i:nil="true"/><Visual z:Ref="i284"/><isFixedFrame>false</isFixedFrame><isIncomplete>false</isIncomplete></Link></Children><Collision z:Ref="i230"/><Inertial z:Ref="i204"/><Joint z:Ref="i237"/><NameAttribute z:Ref="i203"/><Parent z:Ref="i135"/><STLQualityFine>false</STLQualityFine><SWComponentPIDs xmlns:a="http://schemas.microsoft.com/2003/10/Serialization/Arrays"><a:base64Binary>ECcAAAUAAAD//v8gTQBHADkAMABTACAAaABvAHIAbgBfAGkAbgAtADIAQABCAGkAcgBvAHQAbwByAF8AQQBzAHMAZQBtAGIAbAB5AAQAAAAQAAAAAQAAAAEAAAD5AAAA</a:base64Binary><a:base64Binary>ECcAAAUAAAD//v8eTQBvAHQAbwByAE0AbwB1AG4AdAAxAC0AMQBAAEIAaQByAG8AdABvAHIAXwBBAHMAcwBlAG0AYgBsAHkABAAAABAAAAABAAAAAQAAAB4AAAA=</a:base64Binary><a:base64Binary>ECcAAAUAAAD//v8cQgBMAEQAQwBNAG8AdABvAHIALQAxAEAAQgBpAHIAbwB0AG8AcgBfAEEAcwBzAGUAbQBiAGwAeQAEAAAAEAAAAAEAAAABAAAAFwAAAA==</a:base64Binary></SWComponentPIDs><SWMainComponentPID i:nil="true"/><Visual z:Ref="i217"/><isFixedFrame>false</isFixedFrame><isIncomplete>false</isIncomplete></Link></Children><Collision z:Ref="i163"/><Inertial z:Ref="i137"/><Joint z:Ref="i170"/><NameAttribute z:Ref="i136"/><Parent z:Ref="i68"/><STLQualityFine>false</STLQualityFine><SWComponentPIDs xmlns:a="http://schemas.microsoft.com/2003/10/Serialization/Arrays"><a:base64Binary>ECcAAAUAAAD//v8iTQBvAHQAbwByAF8ATQBvAHUAbgB0ADIAXwBpAG4ALQAxAEAAQgBpAHIAbwB0AG8AcgBfAEEAcwBzAGUAbQBiAGwAeQAEAAAAEAAAAAEAAAABAAAAHQAAAA==</a:base64Binary><a:base64Binary>ECcAAAUAAAD//v8gTQBHADkAMABTACAAaABvAHIAbgBfAGkAbgAtADEAQABCAGkAcgBvAHQAbwByAF8AQQBzAHMAZQBtAGIAbAB5AAQAAAAQAAAAAQAAAAEAAACmAAAA</a:base64Binary><a:base64Binary>ECcAAAUAAAD//v8dcwBlAHIAdgBvAE0ARwA5ADAAUwAtADQAQABCAGkAcgBvAHQAbwByAF8AQQBzAHMAZQBtAGIAbAB5AAQAAAAQAAAAAQAAAAEAAAD1AAAA</a:base64Binary></SWComponentPIDs><SWMainComponentPID i:nil="true"/><Visual z:Ref="i150"/><isFixedFrame>false</isFixedFrame><isIncomplete>false</isIncomplete></Link><Link z:Id="i336"><Attributes><Attribute z:Id="i337"><AttributeType>name</AttributeType><IsRequired>true</IsRequired><Value i:type="a:string" xmlns:a="http://www.w3.org/2001/XMLSchema">Right_servo1</Value></Attribute></Attributes><ChildElements><URDFElement z:Id="i338" i:type="Inertial"><Attributes/><ChildElements><URDFElement z:Id="i339" i:type="Origin"><Attributes><Attribute z:Id="i340"><AttributeType>xyz</AttributeType><IsRequired>true</IsRequired><Value i:type="a:ArrayOfdouble" xmlns:a="http://schemas.microsoft.com/2003/10/Serialization/Arrays"><a:double>0</a:double><a:double>0</a:double><a:double>0</a:double></Value></Attribute><Attribute z:Id="i341"><AttributeType>rpy</AttributeType><IsRequired>true</IsRequired><Value i:type="a:ArrayOfdouble" xmlns:a="http://schemas.microsoft.com/2003/10/Serialization/Arrays"><a:double>0</a:double><a:double>0</a:double><a:double>0</a:double></Value></Attribute></Attributes><ChildElements/><ElementName>origin</ElementName><required>false</required><RPYAttribute z:Ref="i341"/><XYZAttribute z:Ref="i340"/><isCustomized>false</isCustomized></URDFElement><URDFElement z:Id="i342" i:type="Mass"><Attributes><Attribute z:Id="i343"><AttributeType>value</AttributeType><IsRequired>true</IsRequired><Value i:type="a:double" xmlns:a="http://www.w3.org/2001/XMLSchema">0</Value></Attribute></Attributes><ChildElements/><ElementName>mass</ElementName><required>false</required><ValueAttribute z:Ref="i343"/></URDFElement><URDFElement z:Id="i344" i:type="Inertia"><Attributes><Attribute z:Id="i345"><AttributeType>ixx</AttributeType><IsRequired>true</IsRequired><Value i:type="a:double" xmlns:a="http://www.w3.org/2001/XMLSchema">0</Value></Attribute><Attribute z:Id="i346"><AttributeType>ixy</AttributeType><IsRequired>true</IsRequired><Value i:type="a:double" xmlns:a="http://www.w3.org/2001/XMLSchema">0</Value></Attribute><Attribute z:Id="i347"><AttributeType>ixz</AttributeType><IsRequired>true</IsRequired><Value i:type="a:double" xmlns:a="http://www.w3.org/2001/XMLSchema">0</Value></Attribute><Attribute z:Id="i348"><AttributeType>iyy</AttributeType><IsRequired>true</IsRequired><Value i:type="a:double" xmlns:a="http://www.w3.org/2001/XMLSchema">0</Value></Attribute><Attribute z:Id="i349"><AttributeType>iyz</AttributeType><IsRequired>true</IsRequired><Value i:type="a:double" xmlns:a="http://www.w3.org/2001/XMLSchema">0</Value></Attribute><Attribute z:Id="i350"><AttributeType>izz</AttributeType><IsRequired>true</IsRequired><Value i:type="a:double" xmlns:a="http://www.w3.org/2001/XMLSchema">0</Value></Attribute></Attributes><ChildElements/><ElementName>inertia</ElementName><required>false</required><IxxAttribute z:Ref="i345"/><IxyAttribute z:Ref="i346"/><IxzAttribute z:Ref="i347"/><IyyAttribute z:Ref="i348"/><IyzAttribute z:Ref="i349"/><IzzAttribute z:Ref="i350"/></URDFElement></ChildElements><ElementName>inertial</ElementName><required>false</required><Inertia z:Ref="i344"/><Mass z:Ref="i342"/><Origin z:Ref="i339"/></URDFElement><URDFElement z:Id="i351" i:type="Visual"><Attributes/><ChildElements><URDFElement z:Id="i352" i:type="Origin"><Attributes><Attribute z:Id="i353"><AttributeType>xyz</AttributeType><IsRequired>true</IsRequired><Value i:type="a:ArrayOfdouble" xmlns:a="http://schemas.microsoft.com/2003/10/Serialization/Arrays"><a:double>0</a:double><a:double>0</a:double><a:double>0</a:double></Value></Attribute><Attribute z:Id="i354"><AttributeType>rpy</AttributeType><IsRequired>true</IsRequired><Value i:type="a:ArrayOfdouble" xmlns:a="http://schemas.microsoft.com/2003/10/Serialization/Arrays"><a:double>0</a:double><a:double>0</a:double><a:double>0</a:double></Value></Attribute></Attributes><ChildElements/><ElementName>origin</ElementName><required>false</required><RPYAttribute z:Ref="i354"/><XYZAttribute z:Ref="i353"/><isCustomized>false</isCustomized></URDFElement><URDFElement z:Id="i355" i:type="Geometry"><Attributes/><ChildElements><URDFElement z:Id="i356" i:type="Mesh"><Attributes><Attribute z:Id="i357"><AttributeType>filename</AttributeType><IsRequired>true</IsRequired><Value i:nil="true"/></Attribute></Attributes><ChildElements/><ElementName>mesh</ElementName><required>false</required><FilenameAttribute z:Ref="i357"/></URDFElement></ChildElements><ElementName>geometry</ElementName><required>true</required><Mesh z:Ref="i356"/></URDFElement><URDFElement z:Id="i358" i:type="Material"><Attributes><Attribute z:Id="i359"><AttributeType>name</AttributeType><IsRequired>true</IsRequired><Value i:type="a:string" xmlns:a="http://www.w3.org/2001/XMLSchema"/></Attribute></Attributes><ChildElements><URDFElement z:Id="i360" i:type="Color"><Attributes><Attribute z:Id="i361"><AttributeType>rgba</AttributeType><IsRequired>true</IsRequired><Value i:type="a:ArrayOfdouble" xmlns:a="http://schemas.microsoft.com/2003/10/Serialization/Arrays"><a:double>1</a:double><a:double>1</a:double><a:double>1</a:double><a:double>1</a:double></Value></Attribute></Attributes><ChildElements/><ElementName>color</ElementName><required>false</required><RGBAAttribute z:Ref="i361"/></URDFElement><URDFElement z:Id="i362" i:type="Texture"><Attributes><Attribute z:Id="i363"><AttributeType>filename</AttributeType><IsRequired>true</IsRequired><Value i:nil="true"/></Attribute></Attributes><ChildElements/><ElementName>texture</ElementName><required>false</required><FilenameAttribute z:Ref="i363"/><wFilename/></URDFElement></ChildElements><ElementName>material</ElementName><required>false</required><Color z:Ref="i360"/><NameAttribute z:Ref="i359"/><Texture z:Ref="i362"/></URDFElement></ChildElements><ElementName>visual</ElementName><required>false</required><Geometry z:Ref="i355"/><Material z:Ref="i358"/><Origin z:Ref="i352"/></URDFElement><URDFElement z:Id="i364" i:type="Collision"><Attributes/><ChildElements><URDFElement z:Id="i365" i:type="Origin"><Attributes><Attribute z:Id="i366"><AttributeType>xyz</AttributeType><IsRequired>true</IsRequired><Value i:type="a:ArrayOfdouble" xmlns:a="http://schemas.microsoft.com/2003/10/Serialization/Arrays"><a:double>0</a:double><a:double>0</a:double><a:double>0</a:double></Value></Attribute><Attribute z:Id="i367"><AttributeType>rpy</AttributeType><IsRequired>true</IsRequired><Value i:type="a:ArrayOfdouble" xmlns:a="http://schemas.microsoft.com/2003/10/Serialization/Arrays"><a:double>0</a:double><a:double>0</a:double><a:double>0</a:double></Value></Attribute></Attributes><ChildElements/><ElementName>origin</ElementName><required>false</required><RPYAttribute z:Ref="i367"/><XYZAttribute z:Ref="i366"/><isCustomized>false</isCustomized></URDFElement><URDFElement z:Id="i368" i:type="Geometry"><Attributes/><ChildElements><URDFElement z:Id="i369" i:type="Mesh"><Attributes><Attribute z:Id="i370"><AttributeType>filename</AttributeType><IsRequired>true</IsRequired><Value i:nil="true"/></Attribute></Attributes><ChildElements/><ElementName>mesh</ElementName><required>false</required><FilenameAttribute z:Ref="i370"/></URDFElement></ChildElements><ElementName>geometry</ElementName><required>true</required><Mesh z:Ref="i369"/></URDFElement></ChildElements><ElementName>collision</ElementName><required>false</required><Geometry z:Ref="i368"/><Origin z:Ref="i365"/></URDFElement><URDFElement z:Id="i371" i:type="Joint"><Attributes><Attribute z:Id="i372"><AttributeType>name</AttributeType><IsRequired>true</IsRequired><Value i:type="a:string" xmlns:a="http://www.w3.org/2001/XMLSchema">Right_servo1_joint</Value></Attribute><Attribute z:Id="i373"><AttributeType>type</AttributeType><IsRequired>true</IsRequired><Value i:type="a:string" xmlns:a="http://www.w3.org/2001/XMLSchema">revolute</Value></Attribute></Attributes><ChildElements><URDFElement z:Id="i374" i:type="Origin"><Attributes><Attribute z:Id="i375"><AttributeType>xyz</AttributeType><IsRequired>true</IsRequired><Value i:type="a:ArrayOfdouble" xmlns:a="http://schemas.microsoft.com/2003/10/Serialization/Arrays"><a:double>0</a:double><a:double>0</a:double><a:double>0</a:double></Value></Attribute><Attribute z:Id="i376"><AttributeType>rpy</AttributeType><IsRequired>true</IsRequired><Value i:type="a:ArrayOfdouble" xmlns:a="http://schemas.microsoft.com/2003/10/Serialization/Arrays"><a:double>0</a:double><a:double>0</a:double><a:double>0</a:double></Value></Attribute></Attributes><ChildElements/><ElementName>origin</ElementName><required>false</required><RPYAttribute z:Ref="i376"/><XYZAttribute z:Ref="i375"/><isCustomized>false</isCustomized></URDFElement><URDFElement z:Id="i377" i:type="ParentLink"><Attributes><Attribute z:Id="i378"><AttributeType>link</AttributeType><IsRequired>true</IsRequired><Value i:type="a:string" xmlns:a="http://www.w3.org/2001/XMLSchema"/></Attribute></Attributes><ChildElements/><ElementName>parent</ElementName><required>true</required><NameAttribute z:Ref="i378"/></URDFElement><URDFElement z:Id="i379" i:type="ChildLink"><Attributes><Attribute z:Id="i380"><AttributeType>link</AttributeType><IsRequired>true</IsRequired><Value i:type="a:string" xmlns:a="http://www.w3.org/2001/XMLSchema"/></Attribute></Attributes><ChildElements/><ElementName>child</ElementName><required>true</required><NameAttribute z:Ref="i380"/></URDFElement><URDFElement z:Id="i381" i:type="Axis"><Attributes><Attribute z:Id="i382"><AttributeType>xyz</AttributeType><IsRequired>true</IsRequired><Value i:type="a:ArrayOfdouble" xmlns:a="http://schemas.microsoft.com/2003/10/Serialization/Arrays"><a:double>0</a:double><a:double>0</a:double><a:double>0</a:double></Value></Attribute></Attributes><ChildElements/><ElementName>axis</ElementName><required>false</required><XYZAttribute z:Ref="i382"/></URDFElement><URDFElement z:Id="i383" i:type="Limit"><Attributes><Attribute z:Id="i384"><AttributeType>lower</AttributeType><IsRequired>false</IsRequired><Value i:nil="true"/></Attribute><Attribute z:Id="i385"><AttributeType>upper</AttributeType><IsRequired>false</IsRequired><Value i:nil="true"/></Attribute><Attribute z:Id="i386"><AttributeType>effort</AttributeType><IsRequired>true</IsRequired><Value i:nil="true"/></Attribute><Attribute z:Id="i387"><AttributeType>velocity</AttributeType><IsRequired>true</IsRequired><Value i:nil="true"/></Attribute></Attributes><ChildElements/><ElementName>limit</ElementName><required>false</required><EffortAttribute z:Ref="i386"/><LowerAttribute z:Ref="i384"/><UpperAttribute z:Ref="i385"/><VelocityAttribute z:Ref="i387"/></URDFElement><URDFElement z:Id="i388" i:type="Calibration"><Attributes><Attribute z:Id="i389"><AttributeType>rising</AttributeType><IsRequired>false</IsRequired><Value i:nil="true"/></Attribute><Attribute z:Id="i390"><AttributeType>falling</AttributeType><IsRequired>false</IsRequired><Value i:nil="true"/></Attribute></Attributes><ChildElements/><ElementName>calibration</ElementName><required>false</required><FallingAttribute z:Ref="i390"/><RisingAttribute z:Ref="i389"/></URDFElement><URDFElement z:Id="i391" i:type="Dynamics"><Attributes><Attribute z:Id="i392"><AttributeType>damping</AttributeType><IsRequired>false</IsRequired><Value i:nil="true"/></Attribute><Attribute z:Id="i393"><AttributeType>friction</AttributeType><IsRequired>false</IsRequired><Value i:nil="true"/></Attribute></Attributes><ChildElements/><ElementName>dynamics</ElementName><required>false</required><DampingAttribute z:Ref="i392"/><FrictionAttribute z:Ref="i393"/></URDFElement><URDFElement z:Id="i394" i:type="SafetyController"><Attributes><Attribute z:Id="i395"><AttributeType>soft_upper</AttributeType><IsRequired>false</IsRequired><Value i:nil="true"/></Attribute><Attribute z:Id="i396"><AttributeType>soft_lower</AttributeType><IsRequired>false</IsRequired><Value i:nil="true"/></Attribute><Attribute z:Id="i397"><AttributeType>k_position</AttributeType><IsRequired>false</IsRequired><Value i:nil="true"/></Attribute><Attribute z:Id="i398"><AttributeType>k_velocity</AttributeType><IsRequired>true</IsRequired><Value i:nil="true"/></Attribute></Attributes><ChildElements/><ElementName>safety_controller</ElementName><required>false</required><KPositionAttribute z:Ref="i397"/><KVelocityAttribute z:Ref="i398"/><SoftLowerAttribute z:Ref="i396"/><SoftUpperAttribute z:Ref="i395"/></URDFElement><URDFElement z:Id="i399" i:type="Mimic"><Attributes><Attribute z:Id="i400"><AttributeType>joint</AttributeType><IsRequired>true</IsRequired><Value i:nil="true"/></Attribute><Attribute z:Id="i401"><AttributeType>multiplier</AttributeType><IsRequired>false</IsRequired><Value i:nil="true"/></Attribute><Attribute z:Id="i402"><AttributeType>offset</AttributeType><IsRequired>false</IsRequired><Value i:nil="true"/></Attribute></Attributes><ChildElements/><ElementName>mimic</ElementName><required>false</required><JointNameAttribute z:Ref="i400"/><MultiplierAttribute z:Ref="i401"/><OffsetAttribute z:Ref="i402"/></URDFElement></ChildElements><ElementName>joint</ElementName><required>false</required><Axis z:Ref="i381"/><AxisName>Automatically Generate</AxisName><Calibration z:Ref="i388"/><Child z:Ref="i379"/><CoordinateSystemName>Right_1</CoordinateSystemName><Dynamics z:Ref="i391"/><Limit z:Ref="i383"/><Mimic z:Ref="i399"/><NameAttribute z:Ref="i372"/><Origin z:Ref="i374"/><Parent z:Ref="i377"/><Safety z:Ref="i394"/><TypeAttribute z:Ref="i373"/></URDFElement></ChildElements><ElementName>link</ElementName><required>true</required><Children><Link z:Id="i403"><Attributes><Attribute z:Id="i404"><AttributeType>name</AttributeType><IsRequired>true</IsRequired><Value i:type="a:string" xmlns:a="http://www.w3.org/2001/XMLSchema">Right_servo2</Value></Attribute></Attributes><ChildElements><URDFElement z:Id="i405" i:type="Inertial"><Attributes/><ChildElements><URDFElement z:Id="i406" i:type="Origin"><Attributes><Attribute z:Id="i407"><AttributeType>xyz</AttributeType><IsRequired>true</IsRequired><Value i:type="a:ArrayOfdouble" xmlns:a="http://schemas.microsoft.com/2003/10/Serialization/Arrays"><a:double>0</a:double><a:double>0</a:double><a:double>0</a:double></Value></Attribute><Attribute z:Id="i408"><AttributeType>rpy</AttributeType><IsRequired>true</IsRequired><Value i:type="a:ArrayOfdouble" xmlns:a="http://schemas.microsoft.com/2003/10/Serialization/Arrays"><a:double>0</a:double><a:double>0</a:double><a:double>0</a:double></Value></Attribute></Attributes><ChildElements/><ElementName>origin</ElementName><required>false</required><RPYAttribute z:Ref="i408"/><XYZAttribute z:Ref="i407"/><isCustomized>false</isCustomized></URDFElement><URDFElement z:Id="i409" i:type="Mass"><Attributes><Attribute z:Id="i410"><AttributeType>value</AttributeType><IsRequired>true</IsRequired><Value i:type="a:double" xmlns:a="http://www.w3.org/2001/XMLSchema">0</Value></Attribute></Attributes><ChildElements/><ElementName>mass</ElementName><required>false</required><ValueAttribute z:Ref="i410"/></URDFElement><URDFElement z:Id="i411" i:type="Inertia"><Attributes><Attribute z:Id="i412"><AttributeType>ixx</AttributeType><IsRequired>true</IsRequired><Value i:type="a:double" xmlns:a="http://www.w3.org/2001/XMLSchema">0</Value></Attribute><Attribute z:Id="i413"><AttributeType>ixy</AttributeType><IsRequired>true</IsRequired><Value i:type="a:double" xmlns:a="http://www.w3.org/2001/XMLSchema">0</Value></Attribute><Attribute z:Id="i414"><AttributeType>ixz</AttributeType><IsRequired>true</IsRequired><Value i:type="a:double" xmlns:a="http://www.w3.org/2001/XMLSchema">0</Value></Attribute><Attribute z:Id="i415"><AttributeType>iyy</AttributeType><IsRequired>true</IsRequired><Value i:type="a:double" xmlns:a="http://www.w3.org/2001/XMLSchema">0</Value></Attribute><Attribute z:Id="i416"><AttributeType>iyz</AttributeType><IsRequired>true</IsRequired><Value i:type="a:double" xmlns:a="http://www.w3.org/2001/XMLSchema">0</Value></Attribute><Attribute z:Id="i417"><AttributeType>izz</AttributeType><IsRequired>true</IsRequired><Value i:type="a:double" xmlns:a="http://www.w3.org/2001/XMLSchema">0</Value></Attribute></Attributes><ChildElements/><ElementName>inertia</ElementName><required>false</required><IxxAttribute z:Ref="i412"/><IxyAttribute z:Ref="i413"/><IxzAttribute z:Ref="i414"/><IyyAttribute z:Ref="i415"/><IyzAttribute z:Ref="i416"/><IzzAttribute z:Ref="i417"/></URDFElement></ChildElements><ElementName>inertial</ElementName><required>false</required><Inertia z:Ref="i411"/><Mass z:Ref="i409"/><Origin z:Ref="i406"/></URDFElement><URDFElement z:Id="i418" i:type="Visual"><Attributes/><ChildElements><URDFElement z:Id="i419" i:type="Origin"><Attributes><Attribute z:Id="i420"><AttributeType>xyz</AttributeType><IsRequired>true</IsRequired><Value i:type="a:ArrayOfdouble" xmlns:a="http://schemas.microsoft.com/2003/10/Serialization/Arrays"><a:double>0</a:double><a:double>0</a:double><a:double>0</a:double></Value></Attribute><Attribute z:Id="i421"><AttributeType>rpy</AttributeType><IsRequired>true</IsRequired><Value i:type="a:ArrayOfdouble" xmlns:a="http://schemas.microsoft.com/2003/10/Serialization/Arrays"><a:double>0</a:double><a:double>0</a:double><a:double>0</a:double></Value></Attribute></Attributes><ChildElements/><ElementName>origin</ElementName><required>false</required><RPYAttribute z:Ref="i421"/><XYZAttribute z:Ref="i420"/><isCustomized>false</isCustomized></URDFElement><URDFElement z:Id="i422" i:type="Geometry"><Attributes/><ChildElements><URDFElement z:Id="i423" i:type="Mesh"><Attributes><Attribute z:Id="i424"><AttributeType>filename</AttributeType><IsRequired>true</IsRequired><Value i:nil="true"/></Attribute></Attributes><ChildElements/><ElementName>mesh</ElementName><required>false</required><FilenameAttribute z:Ref="i424"/></URDFElement></ChildElements><ElementName>geometry</ElementName><required>true</required><Mesh z:Ref="i423"/></URDFElement><URDFElement z:Id="i425" i:type="Material"><Attributes><Attribute z:Id="i426"><AttributeType>name</AttributeType><IsRequired>true</IsRequired><Value i:type="a:string" xmlns:a="http://www.w3.org/2001/XMLSchema"/></Attribute></Attributes><ChildElements><URDFElement z:Id="i427" i:type="Color"><Attributes><Attribute z:Id="i428"><AttributeType>rgba</AttributeType><IsRequired>true</IsRequired><Value i:type="a:ArrayOfdouble" xmlns:a="http://schemas.microsoft.com/2003/10/Serialization/Arrays"><a:double>1</a:double><a:double>1</a:double><a:double>1</a:double><a:double>1</a:double></Value></Attribute></Attributes><ChildElements/><ElementName>color</ElementName><required>false</required><RGBAAttribute z:Ref="i428"/></URDFElement><URDFElement z:Id="i429" i:type="Texture"><Attributes><Attribute z:Id="i430"><AttributeType>filename</AttributeType><IsRequired>true</IsRequired><Value i:nil="true"/></Attribute></Attributes><ChildElements/><ElementName>texture</ElementName><required>false</required><FilenameAttribute z:Ref="i430"/><wFilename/></URDFElement></ChildElements><ElementName>material</ElementName><required>false</required><Color z:Ref="i427"/><NameAttribute z:Ref="i426"/><Texture z:Ref="i429"/></URDFElement></ChildElements><ElementName>visual</ElementName><required>false</required><Geometry z:Ref="i422"/><Material z:Ref="i425"/><Origin z:Ref="i419"/></URDFElement><URDFElement z:Id="i431" i:type="Collision"><Attributes/><ChildElements><URDFElement z:Id="i432" i:type="Origin"><Attributes><Attribute z:Id="i433"><AttributeType>xyz</AttributeType><IsRequired>true</IsRequired><Value i:type="a:ArrayOfdouble" xmlns:a="http://schemas.microsoft.com/2003/10/Serialization/Arrays"><a:double>0</a:double><a:double>0</a:double><a:double>0</a:double></Value></Attribute><Attribute z:Id="i434"><AttributeType>rpy</AttributeType><IsRequired>true</IsRequired><Value i:type="a:ArrayOfdouble" xmlns:a="http://schemas.microsoft.com/2003/10/Serialization/Arrays"><a:double>0</a:double><a:double>0</a:double><a:double>0</a:double></Value></Attribute></Attributes><ChildElements/><ElementName>origin</ElementName><required>false</required><RPYAttribute z:Ref="i434"/><XYZAttribute z:Ref="i433"/><isCustomized>false</isCustomized></URDFElement><URDFElement z:Id="i435" i:type="Geometry"><Attributes/><ChildElements><URDFElement z:Id="i436" i:type="Mesh"><Attributes><Attribute z:Id="i437"><AttributeType>filename</AttributeType><IsRequired>true</IsRequired><Value i:nil="true"/></Attribute></Attributes><ChildElements/><ElementName>mesh</ElementName><required>false</required><FilenameAttribute z:Ref="i437"/></URDFElement></ChildElements><ElementName>geometry</ElementName><required>true</required><Mesh z:Ref="i436"/></URDFElement></ChildElements><ElementName>collision</ElementName><required>false</required><Geometry z:Ref="i435"/><Origin z:Ref="i432"/></URDFElement><URDFElement z:Id="i438" i:type="Joint"><Attributes><Attribute z:Id="i439"><AttributeType>name</AttributeType><IsRequired>true</IsRequired><Value i:type="a:string" xmlns:a="http://www.w3.org/2001/XMLSchema">Right_servo2_joint</Value></Attribute><Attribute z:Id="i440"><AttributeType>type</AttributeType><IsRequired>true</IsRequired><Value i:type="a:string" xmlns:a="http://www.w3.org/2001/XMLSchema">revolute</Value></Attribute></Attributes><ChildElements><URDFElement z:Id="i441" i:type="Origin"><Attributes><Attribute z:Id="i442"><AttributeType>xyz</AttributeType><IsRequired>true</IsRequired><Value i:type="a:ArrayOfdouble" xmlns:a="http://schemas.microsoft.com/2003/10/Serialization/Arrays"><a:double>0</a:double><a:double>0</a:double><a:double>0</a:double></Value></Attribute><Attribute z:Id="i443"><AttributeType>rpy</AttributeType><IsRequired>true</IsRequired><Value i:type="a:ArrayOfdouble" xmlns:a="http://schemas.microsoft.com/2003/10/Serialization/Arrays"><a:double>0</a:double><a:double>0</a:double><a:double>0</a:double></Value></Attribute></Attributes><ChildElements/><ElementName>origin</ElementName><required>false</required><RPYAttribute z:Ref="i443"/><XYZAttribute z:Ref="i442"/><isCustomized>false</isCustomized></URDFElement><URDFElement z:Id="i444" i:type="ParentLink"><Attributes><Attribute z:Id="i445"><AttributeType>link</AttributeType><IsRequired>true</IsRequired><Value i:type="a:string" xmlns:a="http://www.w3.org/2001/XMLSchema"/></Attribute></Attributes><ChildElements/><ElementName>parent</ElementName><required>true</required><NameAttribute z:Ref="i445"/></URDFElement><URDFElement z:Id="i446" i:type="ChildLink"><Attributes><Attribute z:Id="i447"><AttributeType>link</AttributeType><IsRequired>true</IsRequired><Value i:type="a:string" xmlns:a="http://www.w3.org/2001/XMLSchema"/></Attribute></Attributes><ChildElements/><ElementName>child</ElementName><required>true</required><NameAttribute z:Ref="i447"/></URDFElement><URDFElement z:Id="i448" i:type="Axis"><Attributes><Attribute z:Id="i449"><AttributeType>xyz</AttributeType><IsRequired>true</IsRequired><Value i:type="a:ArrayOfdouble" xmlns:a="http://schemas.microsoft.com/2003/10/Serialization/Arrays"><a:double>0</a:double><a:double>0</a:double><a:double>0</a:double></Value></Attribute></Attributes><ChildElements/><ElementName>axis</ElementName><required>false</required><XYZAttribute z:Ref="i449"/></URDFElement><URDFElement z:Id="i450" i:type="Limit"><Attributes><Attribute z:Id="i451"><AttributeType>lower</AttributeType><IsRequired>false</IsRequired><Value i:nil="true"/></Attribute><Attribute z:Id="i452"><AttributeType>upper</AttributeType><IsRequired>false</IsRequired><Value i:nil="true"/></Attribute><Attribute z:Id="i453"><AttributeType>effort</AttributeType><IsRequired>true</IsRequired><Value i:nil="true"/></Attribute><Attribute z:Id="i454"><AttributeType>velocity</AttributeType><IsRequired>true</IsRequired><Value i:nil="true"/></Attribute></Attributes><ChildElements/><ElementName>limit</ElementName><required>false</required><EffortAttribute z:Ref="i453"/><LowerAttribute z:Ref="i451"/><UpperAttribute z:Ref="i452"/><VelocityAttribute z:Ref="i454"/></URDFElement><URDFElement z:Id="i455" i:type="Calibration"><Attributes><Attribute z:Id="i456"><AttributeType>rising</AttributeType><IsRequired>false</IsRequired><Value i:nil="true"/></Attribute><Attribute z:Id="i457"><AttributeType>falling</AttributeType><IsRequired>false</IsRequired><Value i:nil="true"/></Attribute></Attributes><ChildElements/><ElementName>calibration</ElementName><required>false</required><FallingAttribute z:Ref="i457"/><RisingAttribute z:Ref="i456"/></URDFElement><URDFElement z:Id="i458" i:type="Dynamics"><Attributes><Attribute z:Id="i459"><AttributeType>damping</AttributeType><IsRequired>false</IsRequired><Value i:nil="true"/></Attribute><Attribute z:Id="i460"><AttributeType>friction</AttributeType><IsRequired>false</IsRequired><Value i:nil="true"/></Attribute></Attributes><ChildElements/><ElementName>dynamics</ElementName><required>false</required><DampingAttribute z:Ref="i459"/><FrictionAttribute z:Ref="i460"/></URDFElement><URDFElement z:Id="i461" i:type="SafetyController"><Attributes><Attribute z:Id="i462"><AttributeType>soft_upper</AttributeType><IsRequired>false</IsRequired><Value i:nil="true"/></Attribute><Attribute z:Id="i463"><AttributeType>soft_lower</AttributeType><IsRequired>false</IsRequired><Value i:nil="true"/></Attribute><Attribute z:Id="i464"><AttributeType>k_position</AttributeType><IsRequired>false</IsRequired><Value i:nil="true"/></Attribute><Attribute z:Id="i465"><AttributeType>k_velocity</AttributeType><IsRequired>true</IsRequired><Value i:nil="true"/></Attribute></Attributes><ChildElements/><ElementName>safety_controller</ElementName><required>false</required><KPositionAttribute z:Ref="i464"/><KVelocityAttribute z:Ref="i465"/><SoftLowerAttribute z:Ref="i463"/><SoftUpperAttribute z:Ref="i462"/></URDFElement><URDFElement z:Id="i466" i:type="Mimic"><Attributes><Attribute z:Id="i467"><AttributeType>joint</AttributeType><IsRequired>true</IsRequired><Value i:nil="true"/></Attribute><Attribute z:Id="i468"><AttributeType>multiplier</AttributeType><IsRequired>false</IsRequired><Value i:nil="true"/></Attribute><Attribute z:Id="i469"><AttributeType>offset</AttributeType><IsRequired>false</IsRequired><Value i:nil="true"/></Attribute></Attributes><ChildElements/><ElementName>mimic</ElementName><required>false</required><JointNameAttribute z:Ref="i467"/><MultiplierAttribute z:Ref="i468"/><OffsetAttribute z:Ref="i469"/></URDFElement></ChildElements><ElementName>joint</ElementName><required>false</required><Axis z:Ref="i448"/><AxisName>Automatically Generate</AxisName><Calibration z:Ref="i455"/><Child z:Ref="i446"/><CoordinateSystemName>Right_2</CoordinateSystemName><Dynamics z:Ref="i458"/><Limit z:Ref="i450"/><Mimic z:Ref="i466"/><NameAttribute z:Ref="i439"/><Origin z:Ref="i441"/><Parent z:Ref="i444"/><Safety z:Ref="i461"/><TypeAttribute z:Ref="i440"/></URDFElement></ChildElements><ElementName>link</ElementName><required>true</required><Children><Link z:Id="i470"><Attributes><Attribute z:Id="i471"><AttributeType>name</AttributeType><IsRequired>true</IsRequired><Value i:type="a:string" xmlns:a="http://www.w3.org/2001/XMLSchema">Right_prop</Value></Attribute></Attributes><ChildElements><URDFElement z:Id="i472" i:type="Inertial"><Attributes/><ChildElements><URDFElement z:Id="i473" i:type="Origin"><Attributes><Attribute z:Id="i474"><AttributeType>xyz</AttributeType><IsRequired>true</IsRequired><Value i:type="a:ArrayOfdouble" xmlns:a="http://schemas.microsoft.com/2003/10/Serialization/Arrays"><a:double>0</a:double><a:double>0</a:double><a:double>0</a:double></Value></Attribute><Attribute z:Id="i475"><AttributeType>rpy</AttributeType><IsRequired>true</IsRequired><Value i:type="a:ArrayOfdouble" xmlns:a="http://schemas.microsoft.com/2003/10/Serialization/Arrays"><a:double>0</a:double><a:double>0</a:double><a:double>0</a:double></Value></Attribute></Attributes><ChildElements/><ElementName>origin</ElementName><required>false</required><RPYAttribute z:Ref="i475"/><XYZAttribute z:Ref="i474"/><isCustomized>false</isCustomized></URDFElement><URDFElement z:Id="i476" i:type="Mass"><Attributes><Attribute z:Id="i477"><AttributeType>value</AttributeType><IsRequired>true</IsRequired><Value i:type="a:double" xmlns:a="http://www.w3.org/2001/XMLSchema">0</Value></Attribute></Attributes><ChildElements/><ElementName>mass</ElementName><required>false</required><ValueAttribute z:Ref="i477"/></URDFElement><URDFElement z:Id="i478" i:type="Inertia"><Attributes><Attribute z:Id="i479"><AttributeType>ixx</AttributeType><IsRequired>true</IsRequired><Value i:type="a:double" xmlns:a="http://www.w3.org/2001/XMLSchema">0</Value></Attribute><Attribute z:Id="i480"><AttributeType>ixy</AttributeType><IsRequired>true</IsRequired><Value i:type="a:double" xmlns:a="http://www.w3.org/2001/XMLSchema">0</Value></Attribute><Attribute z:Id="i481"><AttributeType>ixz</AttributeType><IsRequired>true</IsRequired><Value i:type="a:double" xmlns:a="http://www.w3.org/2001/XMLSchema">0</Value></Attribute><Attribute z:Id="i482"><AttributeType>iyy</AttributeType><IsRequired>true</IsRequired><Value i:type="a:double" xmlns:a="http://www.w3.org/2001/XMLSchema">0</Value></Attribute><Attribute z:Id="i483"><AttributeType>iyz</AttributeType><IsRequired>true</IsRequired><Value i:type="a:double" xmlns:a="http://www.w3.org/2001/XMLSchema">0</Value></Attribute><Attribute z:Id="i484"><AttributeType>izz</AttributeType><IsRequired>true</IsRequired><Value i:type="a:double" xmlns:a="http://www.w3.org/2001/XMLSchema">0</Value></Attribute></Attributes><ChildElements/><ElementName>inertia</ElementName><required>false</required><IxxAttribute z:Ref="i479"/><IxyAttribute z:Ref="i480"/><IxzAttribute z:Ref="i481"/><IyyAttribute z:Ref="i482"/><IyzAttribute z:Ref="i483"/><IzzAttribute z:Ref="i484"/></URDFElement></ChildElements><ElementName>inertial</ElementName><required>false</required><Inertia z:Ref="i478"/><Mass z:Ref="i476"/><Origin z:Ref="i473"/></URDFElement><URDFElement z:Id="i485" i:type="Visual"><Attributes/><ChildElements><URDFElement z:Id="i486" i:type="Origin"><Attributes><Attribute z:Id="i487"><AttributeType>xyz</AttributeType><IsRequired>true</IsRequired><Value i:type="a:ArrayOfdouble" xmlns:a="http://schemas.microsoft.com/2003/10/Serialization/Arrays"><a:double>0</a:double><a:double>0</a:double><a:double>0</a:double></Value></Attribute><Attribute z:Id="i488"><AttributeType>rpy</AttributeType><IsRequired>true</IsRequired><Value i:type="a:ArrayOfdouble" xmlns:a="http://schemas.microsoft.com/2003/10/Serialization/Arrays"><a:double>0</a:double><a:double>0</a:double><a:double>0</a:double></Value></Attribute></Attributes><ChildElements/><ElementName>origin</ElementName><required>false</required><RPYAttribute z:Ref="i488"/><XYZAttribute z:Ref="i487"/><isCustomized>false</isCustomized></URDFElement><URDFElement z:Id="i489" i:type="Geometry"><Attributes/><ChildElements><URDFElement z:Id="i490" i:type="Mesh"><Attributes><Attribute z:Id="i491"><AttributeType>filename</AttributeType><IsRequired>true</IsRequired><Value i:nil="true"/></Attribute></Attributes><ChildElements/><ElementName>mesh</ElementName><required>false</required><FilenameAttribute z:Ref="i491"/></URDFElement></ChildElements><ElementName>geometry</ElementName><required>true</required><Mesh z:Ref="i490"/></URDFElement><URDFElement z:Id="i492" i:type="Material"><Attributes><Attribute z:Id="i493"><AttributeType>name</AttributeType><IsRequired>true</IsRequired><Value i:type="a:string" xmlns:a="http://www.w3.org/2001/XMLSchema"/></Attribute></Attributes><ChildElements><URDFElement z:Id="i494" i:type="Color"><Attributes><Attribute z:Id="i495"><AttributeType>rgba</AttributeType><IsRequired>true</IsRequired><Value i:type="a:ArrayOfdouble" xmlns:a="http://schemas.microsoft.com/2003/10/Serialization/Arrays"><a:double>1</a:double><a:double>1</a:double><a:double>1</a:double><a:double>1</a:double></Value></Attribute></Attributes><ChildElements/><ElementName>color</ElementName><required>false</required><RGBAAttribute z:Ref="i495"/></URDFElement><URDFElement z:Id="i496" i:type="Texture"><Attributes><Attribute z:Id="i497"><AttributeType>filename</AttributeType><IsRequired>true</IsRequired><Value i:nil="true"/></Attribute></Attributes><ChildElements/><ElementName>texture</ElementName><required>false</required><FilenameAttribute z:Ref="i497"/><wFilename/></URDFElement></ChildElements><ElementName>material</ElementName><required>false</required><Color z:Ref="i494"/><NameAttribute z:Ref="i493"/><Texture z:Ref="i496"/></URDFElement></ChildElements><ElementName>visual</ElementName><required>false</required><Geometry z:Ref="i489"/><Material z:Ref="i492"/><Origin z:Ref="i486"/></URDFElement><URDFElement z:Id="i498" i:type="Collision"><Attributes/><ChildElements><URDFElement z:Id="i499" i:type="Origin"><Attributes><Attribute z:Id="i500"><AttributeType>xyz</AttributeType><IsRequired>true</IsRequired><Value i:type="a:ArrayOfdouble" xmlns:a="http://schemas.microsoft.com/2003/10/Serialization/Arrays"><a:double>0</a:double><a:double>0</a:double><a:double>0</a:double></Value></Attribute><Attribute z:Id="i501"><AttributeType>rpy</AttributeType><IsRequired>true</IsRequired><Value i:type="a:ArrayOfdouble" xmlns:a="http://schemas.microsoft.com/2003/10/Serialization/Arrays"><a:double>0</a:double><a:double>0</a:double><a:double>0</a:double></Value></Attribute></Attributes><ChildElements/><ElementName>origin</ElementName><required>false</required><RPYAttribute z:Ref="i501"/><XYZAttribute z:Ref="i500"/><isCustomized>false</isCustomized></URDFElement><URDFElement z:Id="i502" i:type="Geometry"><Attributes/><ChildElements><URDFElement z:Id="i503" i:type="Mesh"><Attributes><Attribute z:Id="i504"><AttributeType>filename</AttributeType><IsRequired>true</IsRequired><Value i:nil="true"/></Attribute></Attributes><ChildElements/><ElementName>mesh</ElementName><required>false</required><FilenameAttribute z:Ref="i504"/></URDFElement></ChildElements><ElementName>geometry</ElementName><required>true</required><Mesh z:Ref="i503"/></URDFElement></ChildElements><ElementName>collision</ElementName><required>false</required><Geometry z:Ref="i502"/><Origin z:Ref="i499"/></URDFElement><URDFElement z:Id="i505" i:type="Joint"><Attributes><Attribute z:Id="i506"><AttributeType>name</AttributeType><IsRequired>true</IsRequired><Value i:type="a:string" xmlns:a="http://www.w3.org/2001/XMLSchema">Right_prop_joint</Value></Attribute><Attribute z:Id="i507"><AttributeType>type</AttributeType><IsRequired>true</IsRequired><Value i:type="a:string" xmlns:a="http://www.w3.org/2001/XMLSchema">revolute</Value></Attribute></Attributes><ChildElements><URDFElement z:Id="i508" i:type="Origin"><Attributes><Attribute z:Id="i509"><AttributeType>xyz</AttributeType><IsRequired>true</IsRequired><Value i:type="a:ArrayOfdouble" xmlns:a="http://schemas.microsoft.com/2003/10/Serialization/Arrays"><a:double>0</a:double><a:double>0</a:double><a:double>0</a:double></Value></Attribute><Attribute z:Id="i510"><AttributeType>rpy</AttributeType><IsRequired>true</IsRequired><Value i:type="a:ArrayOfdouble" xmlns:a="http://schemas.microsoft.com/2003/10/Serialization/Arrays"><a:double>0</a:double><a:double>0</a:double><a:double>0</a:double></Value></Attribute></Attributes><ChildElements/><ElementName>origin</ElementName><required>false</required><RPYAttribute z:Ref="i510"/><XYZAttribute z:Ref="i509"/><isCustomized>false</isCustomized></URDFElement><URDFElement z:Id="i511" i:type="ParentLink"><Attributes><Attribute z:Id="i512"><AttributeType>link</AttributeType><IsRequired>true</IsRequired><Value i:type="a:string" xmlns:a="http://www.w3.org/2001/XMLSchema"/></Attribute></Attributes><ChildElements/><ElementName>parent</ElementName><required>true</required><NameAttribute z:Ref="i512"/></URDFElement><URDFElement z:Id="i513" i:type="ChildLink"><Attributes><Attribute z:Id="i514"><AttributeType>link</AttributeType><IsRequired>true</IsRequired><Value i:type="a:string" xmlns:a="http://www.w3.org/2001/XMLSchema"/></Attribute></Attributes><ChildElements/><ElementName>child</ElementName><required>true</required><NameAttribute z:Ref="i514"/></URDFElement><URDFElement z:Id="i515" i:type="Axis"><Attributes><Attribute z:Id="i516"><AttributeType>xyz</AttributeType><IsRequired>true</IsRequired><Value i:type="a:ArrayOfdouble" xmlns:a="http://schemas.microsoft.com/2003/10/Serialization/Arrays"><a:double>0</a:double><a:double>0</a:double><a:double>0</a:double></Value></Attribute></Attributes><ChildElements/><ElementName>axis</ElementName><required>false</required><XYZAttribute z:Ref="i516"/></URDFElement><URDFElement z:Id="i517" i:type="Limit"><Attributes><Attribute z:Id="i518"><AttributeType>lower</AttributeType><IsRequired>false</IsRequired><Value i:nil="true"/></Attribute><Attribute z:Id="i519"><AttributeType>upper</AttributeType><IsRequired>false</IsRequired><Value i:nil="true"/></Attribute><Attribute z:Id="i520"><AttributeType>effort</AttributeType><IsRequired>true</IsRequired><Value i:nil="true"/></Attribute><Attribute z:Id="i521"><AttributeType>velocity</AttributeType><IsRequired>true</IsRequired><Value i:nil="true"/></Attribute></Attributes><ChildElements/><ElementName>limit</ElementName><required>false</required><EffortAttribute z:Ref="i520"/><LowerAttribute z:Ref="i518"/><UpperAttribute z:Ref="i519"/><VelocityAttribute z:Ref="i521"/></URDFElement><URDFElement z:Id="i522" i:type="Calibration"><Attributes><Attribute z:Id="i523"><AttributeType>rising</AttributeType><IsRequired>false</IsRequired><Value i:nil="true"/></Attribute><Attribute z:Id="i524"><AttributeType>falling</AttributeType><IsRequired>false</IsRequired><Value i:nil="true"/></Attribute></Attributes><ChildElements/><ElementName>calibration</ElementName><required>false</required><FallingAttribute z:Ref="i524"/><RisingAttribute z:Ref="i523"/></URDFElement><URDFElement z:Id="i525" i:type="Dynamics"><Attributes><Attribute z:Id="i526"><AttributeType>damping</AttributeType><IsRequired>false</IsRequired><Value i:nil="true"/></Attribute><Attribute z:Id="i527"><AttributeType>friction</AttributeType><IsRequired>false</IsRequired><Value i:nil="true"/></Attribute></Attributes><ChildElements/><ElementName>dynamics</ElementName><required>false</required><DampingAttribute z:Ref="i526"/><FrictionAttribute z:Ref="i527"/></URDFElement><URDFElement z:Id="i528" i:type="SafetyController"><Attributes><Attribute z:Id="i529"><AttributeType>soft_upper</AttributeType><IsRequired>false</IsRequired><Value i:nil="true"/></Attribute><Attribute z:Id="i530"><AttributeType>soft_lower</AttributeType><IsRequired>false</IsRequired><Value i:nil="true"/></Attribute><Attribute z:Id="i531"><AttributeType>k_position</AttributeType><IsRequired>false</IsRequired><Value i:nil="true"/></Attribute><Attribute z:Id="i532"><AttributeType>k_velocity</AttributeType><IsRequired>true</IsRequired><Value i:nil="true"/></Attribute></Attributes><ChildElements/><ElementName>safety_controller</ElementName><required>false</required><KPositionAttribute z:Ref="i531"/><KVelocityAttribute z:Ref="i532"/><SoftLowerAttribute z:Ref="i530"/><SoftUpperAttribute z:Ref="i529"/></URDFElement><URDFElement z:Id="i533" i:type="Mimic"><Attributes><Attribute z:Id="i534"><AttributeType>joint</AttributeType><IsRequired>true</IsRequired><Value i:nil="true"/></Attribute><Attribute z:Id="i535"><AttributeType>multiplier</AttributeType><IsRequired>false</IsRequired><Value i:nil="true"/></Attribute><Attribute z:Id="i536"><AttributeType>offset</AttributeType><IsRequired>false</IsRequired><Value i:nil="true"/></Attribute></Attributes><ChildElements/><ElementName>mimic</ElementName><required>false</required><JointNameAttribute z:Ref="i534"/><MultiplierAttribute z:Ref="i535"/><OffsetAttribute z:Ref="i536"/></URDFElement></ChildElements><ElementName>joint</ElementName><required>false</required><Axis z:Ref="i515"/><AxisName>Automatically Generate</AxisName><Calibration z:Ref="i522"/><Child z:Ref="i513"/><CoordinateSystemName>Right_prop</CoordinateSystemName><Dynamics z:Ref="i525"/><Limit z:Ref="i517"/><Mimic z:Ref="i533"/><NameAttribute z:Ref="i506"/><Origin z:Ref="i508"/><Parent z:Ref="i511"/><Safety z:Ref="i528"/><TypeAttribute z:Ref="i507"/></URDFElement></ChildElements><ElementName>link</ElementName><required>true</required><Children/><Collision z:Ref="i498"/><Inertial z:Ref="i472"/><Joint z:Ref="i505"/><NameAttribute z:Ref="i471"/><Parent z:Ref="i403"/><STLQualityFine>false</STLQualityFine><SWComponentPIDs xmlns:a="http://schemas.microsoft.com/2003/10/Serialization/Arrays"><a:base64Binary>ECcAAAUAAAD//v8nUAByAG8AcABlAGwAbABlAHIAIABDAEMAVwAgAFAAdQBsAGwAZQByAC0AMQBAAEIAaQByAG8AdABvAHIAXwBBAHMAcwBlAG0AYgBsAHkABAAAABAAAAABAAAAAQAAAF4BAAA=</a:base64Binary></SWComponentPIDs><SWMainComponentPID i:nil="true"/><Visual z:Ref="i485"/><isFixedFrame>false</isFixedFrame><isIncomplete>false</isIncomplete></Link></Children><Collision z:Ref="i431"/><Inertial z:Ref="i405"/><Joint z:Ref="i438"/><NameAttribute z:Ref="i404"/><Parent z:Ref="i336"/><STLQualityFine>false</STLQualityFine><SWComponentPIDs xmlns:a="http://schemas.microsoft.com/2003/10/Serialization/Arrays"><a:base64Binary>ECcAAAUAAAD//v8eTQBvAHQAbwByAE0AbwB1AG4AdAAxAC0ANABAAEIAaQByAG8AdABvAHIAXwBBAHMAcwBlAG0AYgBsAHkABAAAABAAAAABAAAAAQAAAFgBAAA=</a:base64Binary><a:base64Binary>ECcAAAUAAAD//v8fQgBMAEQAQwBNAG8AdABvAHIAXwBpAG4ALQAzAEAAQgBpAHIAbwB0AG8AcgBfAEEAcwBzAGUAbQBiAGwAeQAEAAAAEAAAAAEAAAABAAAAWwEAAA==</a:base64Binary><a:base64Binary>ECcAAAUAAAD//v8gTQBHADkAMABTACAAaABvAHIAbgBfAGkAbgAtADcAQABCAGkAcgBvAHQAbwByAF8AQQBzAHMAZQBtAGIAbAB5AAQAAAAQAAAAAQAAAAEAAABVAQAA</a:base64Binary></SWComponentPIDs><SWMainComponentPID i:nil="true"/><Visual z:Ref="i418"/><isFixedFrame>false</isFixedFrame><isIncomplete>false</isIncomplete></Link></Children><Collision z:Ref="i364"/><Inertial z:Ref="i338"/><Joint z:Ref="i371"/><NameAttribute z:Ref="i337"/><Parent z:Ref="i68"/><STLQualityFine>false</STLQualityFine><SWComponentPIDs xmlns:a="http://schemas.microsoft.com/2003/10/Serialization/Arrays"><a:base64Binary>ECcAAAUAAAD//v8gTQBHADkAMABTACAAaABvAHIAbgBfAGkAbgAtADUAQABCAGkAcgBvAHQAbwByAF8AQQBzAHMAZQBtAGIAbAB5AAQAAAAQAAAAAQAAAAEAAAAuAQAA</a:base64Binary><a:base64Binary>ECcAAAUAAAD//v8fTQBvAHQAbwByAF8ATQBvAHUAbgB0ADIALQAyAEAAQgBpAHIAbwB0AG8AcgBfAEEAcwBzAGUAbQBiAGwAeQAEAAAAEAAAAAEAAAABAAAALQEAAA==</a:base64Binary><a:base64Binary>ECcAAAUAAAD//v8dcwBlAHIAdgBvAE0ARwA5ADAAUwAtADcAQABCAGkAcgBvAHQAbwByAF8AQQBzAHMAZQBtAGIAbAB5AAQAAAAQAAAAAQAAAAEAAABPAQAA</a:base64Binary></SWComponentPIDs><SWMainComponentPID i:nil="true"/><Visual z:Ref="i351"/><isFixedFrame>false</isFixedFrame><isIncomplete>false</isIncomplete></Link></Children><Collision z:Ref="i96"/><Inertial z:Ref="i70"/><Joint z:Ref="i103"/><NameAttribute z:Ref="i69"/><Parent z:Ref="i1"/><STLQualityFine>false</STLQualityFine><SWComponentPIDs xmlns:a="http://schemas.microsoft.com/2003/10/Serialization/Arrays"><a:base64Binary>ECcAAAUAAAD//v8eQgBvAHQAdABvAG0AUABsAGEAdABlAC0AMwBAAEIAaQByAG8AdABvAHIAXwBBAHMAcwBlAG0AYgBsAHkABAAAABAAAAABAAAAAQAAACsAAAA=</a:base64Binary><a:base64Binary>ECcAAAUAAAD//v8zVAB1AHIAbgBpAGcAeQBfADIAMgAwADAAbQBBAGgAXwAzAFMAXwAyADAAQwBfAEwAaQBwAG8AXwBQAGEAYwBrAC0AMQBAAEIAaQByAG8AdABvAHIAXwBBAHMAcwBlAG0AYgBsAHkABAAAABAAAAABAAAAAQAAAJIBAAA=</a:base64Binary><a:base64Binary>ECcAAAUAAAD//v8hVgBlAHIAdABpAGMAYQBsAFMAcABhAGMAZQByAC0AMgBAAEIAaQByAG8AdABvAHIAXwBBAHMAcwBlAG0AYgBsAHkABAAAABAAAAABAAAAAQAAADEAAAA=</a:base64Binary><a:base64Binary>ECcAAAUAAAD//v8XVAB1AGIAZQAtADEAQABCAGkAcgBvAHQAbwByAF8AQQBzAHMAZQBtAGIAbAB5AAQAAAAQAAAAAQAAAAEAAAAkAAAA</a:base64Binary><a:base64Binary>ECcAAAUAAAD//v8hTQBvAHQAbwByAE0AbwB1AG4AdABCAGEAcwBlAC0AMQBAAEIAaQByAG8AdABvAHIAXwBBAHMAcwBlAG0AYgBsAHkABAAAABAAAAABAAAAAQAAACEAAAA=</a:base64Binary><a:base64Binary>ECcAAAUAAAD//v8eTQBvAHQAbwByAE0AbwB1AG4AdAAzAC0AMQBAAEIAaQByAG8AdABvAHIAXwBBAHMAcwBlAG0AYgBsAHkABAAAABAAAAABAAAAAQAAACAAAAA=</a:base64Binary><a:base64Binary>ECcAAAUAAAD//v8dcwBlAHIAdgBvAE0ARwA5ADAAUwAtADEAQABCAGkAcgBvAHQAbwByAF8AQQBzAHMAZQBtAGIAbAB5AAQAAAAQAAAAAQAAAAEAAAAiAAAA</a:base64Binary><a:base64Binary>ECcAAAUAAAD//v8hTQBvAHQAbwByAE0AbwB1AG4AdABCAGEAcwBlAC0AMgBAAEIAaQByAG8AdABvAHIAXwBBAHMAcwBlAG0AYgBsAHkABAAAABAAAAABAAAAAQAAAF8AAAA=</a:base64Binary><a:base64Binary>ECcAAAUAAAD//v8eTQBvAHQAbwByAE0AbwB1AG4AdAAzAC0AMgBAAEIAaQByAG8AdABvAHIAXwBBAHMAcwBlAG0AYgBsAHkABAAAABAAAAABAAAAAQAAAF4AAAA=</a:base64Binary><a:base64Binary>ECcAAAUAAAD//v8dcwBlAHIAdgBvAE0ARwA5ADAAUwAtADIAQABCAGkAcgBvAHQAbwByAF8AQQBzAHMAZQBtAGIAbAB5AAQAAAAQAAAAAQAAAAEAAABpAAAA</a:base64Binary><a:base64Binary>ECcAAAUAAAD//v8hUABpAHgAaABhAHcAawAgAFAAcgBvACAARgBDAC0AMQBAAEIAaQByAG8AdABvAHIAXwBBAHMAcwBlAG0AYgBsAHkABAAAABAAAAABAAAAAQAAAJwBAAA=</a:base64Binary><a:base64Binary>ECcAAAUAAAD//v8eQwBsAGEAbQBwAEIAbwB0AHQAbwBtAC0AMQBAAEIAaQByAG8AdABvAHIAXwBBAHMAcwBlAG0AYgBsAHkABAAAABAAAAABAAAAAQAAABkAAAA=</a:base64Binary><a:base64Binary>ECcAAAUAAAD//v8bQwBsAGEAbQBwAFQAbwBwAC0AMgBAAEIAaQByAG8AdABvAHIAXwBBAHMAcwBlAG0AYgBsAHkABAAAABAAAAABAAAAAQAAADcAAAA=</a:base64Binary><a:base64Binary>ECcAAAUAAAD//v8bVABvAHAAUABsAGEAdABlAC0AMwBAAEIAaQByAG8AdABvAHIAXwBBAHMAcwBlAG0AYgBsAHkABAAAABAAAAABAAAAAQAAACwAAAA=</a:base64Binary><a:base64Binary>ECcAAAUAAAD//v8cRwBQAFMAQgBvAHQAdABvAG0ALQAxAEAAQgBpAHIAbwB0AG8AcgBfAEEAcwBzAGUAbQBiAGwAeQAEAAAAEAAAAAEAAAABAAAAHAAAAA==</a:base64Binary><a:base64Binary>ECcAAAUAAAD//v8pUABhAHIAdAAyAF4AQgBpAHIAbwB0AG8AcgBfAEEAcwBzAGUAbQBiAGwAeQAtADEAQABCAGkAcgBvAHQAbwByAF8AQQBzAHMAZQBtAGIAbAB5AAQAAAAQAAAAAQAAAAEAAABFAQAA</a:base64Binary><a:base64Binary>ECcAAAUAAAD//v8aRwBQAFMAQgBhAHMAZQAtADEAQABCAGkAcgBvAHQAbwByAF8AQQBzAHMAZQBtAGIAbAB5AAQAAAAQAAAAAQAAAAEAAAAbAAAA</a:base64Binary></SWComponentPIDs><SWMainComponentPID i:nil="true"/><Visual z:Ref="i83"/><isFixedFrame>false</isFixedFrame><isIncomplete>false</isIncomplete></Link></Children><Collision z:Ref="i29"/><Inertial z:Ref="i3"/><Joint z:Ref="i36"/><NameAttribute z:Ref="i2"/><Parent i:nil="true"/><STLQualityFine>false</STLQualityFine><SWComponentPIDs xmlns:a="http://schemas.microsoft.com/2003/10/Serialization/Arrays"><a:base64Binary>ECcAAAUAAAD//v8iTABhAG4AZABpAG4AZwBfAEcAZQBhAHIAXwBpAG4ALQA0AEAAQgBpAHIAbwB0AG8AcgBfAEEAcwBzAGUAbQBiAGwAeQAEAAAAEAAAAAEAAAABAAAAiwEAAA==</a:base64Binary><a:base64Binary>ECcAAAUAAAD//v8iTABhAG4AZABpAG4AZwBfAEcAZQBhAHIAXwBpAG4ALQAzAEAAQgBpAHIAbwB0AG8AcgBfAEEAcwBzAGUAbQBiAGwAeQAEAAAAEAAAAAEAAAABAAAAhwEAAA==</a:base64Binary><a:base64Binary>ECcAAAUAAAD//v8iTABhAG4AZABpAG4AZwBfAEcAZQBhAHIAXwBpAG4ALQAyAEAAQgBpAHIAbwB0AG8AcgBfAEEAcwBzAGUAbQBiAGwAeQAEAAAAEAAAAAEAAAABAAAAhAEAAA==</a:base64Binary><a:base64Binary>ECcAAAUAAAD//v8iTABhAG4AZABpAG4AZwBfAEcAZQBhAHIAXwBpAG4ALQA1AEAAQgBpAHIAbwB0AG8AcgBfAEEAcwBzAGUAbQBiAGwAeQAEAAAAEAAAAAEAAAABAAAAjwEAAA==</a:base64Binary></SWComponentPIDs><SWMainComponentPID i:nil="true"/><Visual z:Ref="i16"/><isFixedFrame>false</isFixedFrame><isIncomplete>false</isIncomplete></Link>
2026-04-10 18:20:52,861 INFO  AssemblyExportForm.cs: 308 - Saving URDF package to C:\Users\pkyadav\Desktop\Magesvar\Birotor_Gzmodel
2026-04-10 18:20:52,865 INFO  ExportHelper.cs: 147 - Beginning the export process
2026-04-10 18:20:52,869 INFO  ExportHelper.cs: 153 - Creating package directories with name Birotor_Gzmodel and save path C:\Users\pkyadav\Desktop\Magesvar
2026-04-10 18:20:59,600 INFO  ExportHelper.cs: 162 - Creating CMakeLists.txt at C:\Users\pkyadav\Desktop\Magesvar\Birotor_Gzmodel\CMakeLists.txt
2026-04-10 18:20:59,604 INFO  ExportHelper.cs: 166 - Creating joint names config at C:\Users\pkyadav\Desktop\Magesvar\Birotor_Gzmodel\config\joint_names_Birotor_Gzmodel.yaml
2026-04-10 18:20:59,604 INFO  ExportHelper.cs: 170 - Creating package.xml at C:\Users\pkyadav\Desktop\Magesvar\Birotor_Gzmodel\package.xml
2026-04-10 18:20:59,604 INFO  PackageXMLWriter.cs: 21 - Creating package.xml at C:\Users\pkyadav\Desktop\Magesvar\Birotor_Gzmodel\package.xml
2026-04-10 18:20:59,612 INFO  ExportHelper.cs: 177 - Creating RVIZ launch file in C:\Users\pkyadav\Desktop\Magesvar\Birotor_Gzmodel\launch\
2026-04-10 18:20:59,616 INFO  ExportHelper.cs: 182 - Creating Gazebo launch file in C:\Users\pkyadav\Desktop\Magesvar\Birotor_Gzmodel\launch\
2026-04-10 18:20:59,616 INFO  ExportHelper.cs: 187 - Saving existing STL preferences
2026-04-10 18:20:59,620 INFO  ExportHelper.cs: 451 - Saving users preferences
2026-04-10 18:20:59,620 INFO  ExportHelper.cs: 190 - Modifying STL preferences
2026-04-10 18:20:59,620 INFO  ExportHelper.cs: 465 - Setting STL preferences
2026-04-10 18:20:59,633 INFO  ExportHelper.cs: 196 - Found 0 hidden components 
2026-04-10 18:20:59,636 INFO  ExportHelper.cs: 197 - Hiding all components
2026-04-10 18:20:59,929 INFO  ExportHelper.cs: 204 - Beginning individual files export
2026-04-10 18:20:59,933 INFO  ExportHelper.cs: 270 - Exporting link: base_link
2026-04-10 18:20:59,941 INFO  ExportHelper.cs: 272 - Link base_link has 1 children
2026-04-10 18:20:59,945 INFO  ExportHelper.cs: 270 - Exporting link: Bottom_plate_chassis
2026-04-10 18:20:59,945 INFO  ExportHelper.cs: 272 - Link Bottom_plate_chassis has 2 children
2026-04-10 18:20:59,949 INFO  ExportHelper.cs: 270 - Exporting link: Left_servo1
2026-04-10 18:20:59,949 INFO  ExportHelper.cs: 272 - Link Left_servo1 has 1 children
2026-04-10 18:20:59,949 INFO  ExportHelper.cs: 270 - Exporting link: Left_servo2
2026-04-10 18:20:59,949 INFO  ExportHelper.cs: 272 - Link Left_servo2 has 1 children
2026-04-10 18:20:59,954 INFO  ExportHelper.cs: 270 - Exporting link: Left_prop
2026-04-10 18:20:59,954 INFO  ExportHelper.cs: 272 - Link Left_prop has 0 children
2026-04-10 18:20:59,954 INFO  ExportHelper.cs: 318 - Left_prop: Exporting STL with coordinate frame Left_prop
2026-04-10 18:20:59,954 INFO  ExportHelper.cs: 323 - Left_prop: Reference geometry name 
2026-04-10 18:21:00,083 INFO  ExportHelper.cs: 331 - Saving STL to C:\Users\pkyadav\Desktop\Magesvar\Birotor_Gzmodel\meshes\Left_prop.STL
2026-04-10 18:21:00,482 INFO  ExportHelper.cs: 406 - Removing SW header in STL file
2026-04-10 18:21:00,482 INFO  ExportHelper.cs: 318 - Left_servo2: Exporting STL with coordinate frame Left_2
2026-04-10 18:21:00,482 INFO  ExportHelper.cs: 323 - Left_servo2: Reference geometry name 
2026-04-10 18:21:00,558 INFO  ExportHelper.cs: 331 - Saving STL to C:\Users\pkyadav\Desktop\Magesvar\Birotor_Gzmodel\meshes\Left_servo2.STL
2026-04-10 18:21:00,974 INFO  ExportHelper.cs: 406 - Removing SW header in STL file
2026-04-10 18:21:00,974 INFO  ExportHelper.cs: 318 - Left_servo1: Exporting STL with coordinate frame Left_1
2026-04-10 18:21:00,974 INFO  ExportHelper.cs: 323 - Left_servo1: Reference geometry name 
2026-04-10 18:21:01,054 INFO  ExportHelper.cs: 331 - Saving STL to C:\Users\pkyadav\Desktop\Magesvar\Birotor_Gzmodel\meshes\Left_servo1.STL
2026-04-10 18:21:01,254 INFO  ExportHelper.cs: 406 - Removing SW header in STL file
2026-04-10 18:21:01,258 INFO  ExportHelper.cs: 270 - Exporting link: Right_servo1
2026-04-10 18:21:01,258 INFO  ExportHelper.cs: 272 - Link Right_servo1 has 1 children
2026-04-10 18:21:01,262 INFO  ExportHelper.cs: 270 - Exporting link: Right_servo2
2026-04-10 18:21:01,262 INFO  ExportHelper.cs: 272 - Link Right_servo2 has 1 children
2026-04-10 18:21:01,262 INFO  ExportHelper.cs: 270 - Exporting link: Right_prop
2026-04-10 18:21:01,262 INFO  ExportHelper.cs: 272 - Link Right_prop has 0 children
2026-04-10 18:21:01,266 INFO  ExportHelper.cs: 318 - Right_prop: Exporting STL with coordinate frame Right_prop
2026-04-10 18:21:01,266 INFO  ExportHelper.cs: 323 - Right_prop: Reference geometry name 
2026-04-10 18:21:01,314 INFO  ExportHelper.cs: 331 - Saving STL to C:\Users\pkyadav\Desktop\Magesvar\Birotor_Gzmodel\meshes\Right_prop.STL
2026-04-10 18:21:01,502 INFO  ExportHelper.cs: 406 - Removing SW header in STL file
2026-04-10 18:21:01,502 INFO  ExportHelper.cs: 318 - Right_servo2: Exporting STL with coordinate frame Right_2
2026-04-10 18:21:01,506 INFO  ExportHelper.cs: 323 - Right_servo2: Reference geometry name 
2026-04-10 18:21:01,582 INFO  ExportHelper.cs: 331 - Saving STL to C:\Users\pkyadav\Desktop\Magesvar\Birotor_Gzmodel\meshes\Right_servo2.STL
2026-04-10 18:21:01,826 INFO  ExportHelper.cs: 406 - Removing SW header in STL file
2026-04-10 18:21:01,826 INFO  ExportHelper.cs: 318 - Right_servo1: Exporting STL with coordinate frame Right_1
2026-04-10 18:21:01,826 INFO  ExportHelper.cs: 323 - Right_servo1: Reference geometry name 
2026-04-10 18:21:01,902 INFO  ExportHelper.cs: 331 - Saving STL to C:\Users\pkyadav\Desktop\Magesvar\Birotor_Gzmodel\meshes\Right_servo1.STL
2026-04-10 18:21:02,102 INFO  ExportHelper.cs: 406 - Removing SW header in STL file
2026-04-10 18:21:02,102 INFO  ExportHelper.cs: 318 - Bottom_plate_chassis: Exporting STL with coordinate frame Global_1
2026-04-10 18:21:02,102 INFO  ExportHelper.cs: 323 - Bottom_plate_chassis: Reference geometry name 
2026-04-10 18:21:02,370 INFO  ExportHelper.cs: 331 - Saving STL to C:\Users\pkyadav\Desktop\Magesvar\Birotor_Gzmodel\meshes\Bottom_plate_chassis.STL
2026-04-10 18:21:03,606 INFO  ExportHelper.cs: 406 - Removing SW header in STL file
2026-04-10 18:21:03,610 INFO  ExportHelper.cs: 318 - base_link: Exporting STL with coordinate frame Global_1
2026-04-10 18:21:03,610 INFO  ExportHelper.cs: 323 - base_link: Reference geometry name 
2026-04-10 18:21:03,786 INFO  ExportHelper.cs: 331 - Saving STL to C:\Users\pkyadav\Desktop\Magesvar\Birotor_Gzmodel\meshes\base_link.STL
2026-04-10 18:21:04,038 INFO  ExportHelper.cs: 406 - Removing SW header in STL file
2026-04-10 18:21:04,038 INFO  ExportHelper.cs: 145 - Showing all components except previously hidden components
2026-04-10 18:21:04,586 INFO  ExportHelper.cs: 145 - Resetting STL preferences
2026-04-10 18:21:04,590 INFO  ExportHelper.cs: 479 - Returning STL preferences to user preferences
2026-04-10 18:21:04,590 INFO  ExportHelper.cs: 228 - Writing URDF file to C:\Users\pkyadav\Desktop\Magesvar\Birotor_Gzmodel\urdf\Birotor_Gzmodel.urdf
2026-04-10 18:21:04,762 INFO  CSVImportExport.cs: 32 - Writing CSV file C:\Users\pkyadav\Desktop\Magesvar\Birotor_Gzmodel\urdf\Birotor_Gzmodel.csv
2026-04-10 18:21:04,818 ERROR CSVImportExport.cs: 132 - The following columns were not written to the CSV: Link.Joint.ChildLink.link,
2026-04-10 18:21:04,822 ERROR CSVImportExport.cs: 132 - The following columns were not written to the CSV: Link.Joint.ChildLink.link,
2026-04-10 18:21:04,822 ERROR CSVImportExport.cs: 132 - The following columns were not written to the CSV: Link.Joint.ChildLink.link,
2026-04-10 18:21:04,822 ERROR CSVImportExport.cs: 132 - The following columns were not written to the CSV: Link.Joint.ChildLink.link,Link.Joint.Mimic.joint,Link.Joint.Mimic.multiplier,Link.Joint.Mimic.offset,
2026-04-10 18:21:04,822 ERROR CSVImportExport.cs: 132 - The following columns were not written to the CSV: Link.Joint.ChildLink.link,
2026-04-10 18:21:04,822 ERROR CSVImportExport.cs: 132 - The following columns were not written to the CSV: Link.Joint.ChildLink.link,
2026-04-10 18:21:04,822 ERROR CSVImportExport.cs: 132 - The following columns were not written to the CSV: Link.Joint.ChildLink.link,
2026-04-10 18:21:04,822 ERROR CSVImportExport.cs: 132 - The following columns were not written to the CSV: Link.Joint.ChildLink.link,
2026-04-10 18:21:04,822 INFO  ExportHelper.cs: 234 - Copying log file
2026-04-10 18:21:04,826 INFO  ExportHelper.cs: 440 - Copying C:\Users\pkyadav\sw2urdf_logs\sw2urdf.log to C:\Users\pkyadav\Desktop\Magesvar\Birotor_Gzmodel\export.log
